runtimedt,overallprobadt,overallprobaval,wifidt,wifival,wifiproba,co2dt,co2val,co2proba,elecdt,elecval,elecproba
2019-01-28 18:49:41.636509,2019-01-29T02:49:32.3560028Z,0.07227040600353607,2019-01-29T02:41:27.5620117Z,390,0,2019-01-28T13:45:00Z,599.0,0.07227040600353607,2019-01-29T02:49:32.3560028Z,241.130219,0.04661992185115471
2019-01-28 18:54:42.828322,2019-01-29T02:54:32.826004Z,0.07227040600353607,2019-01-29T02:51:27.5820007Z,386,0,2019-01-28T13:45:00Z,599.0,0.07227040600353607,2019-01-29T02:54:32.826004Z,236.54689,0.051902232979431195
2019-01-28 18:59:44.178292,2019-01-29T02:59:32.2130126Z,0.07227040600353607,2019-01-29T02:51:27.5820007Z,386,0,2019-01-28T13:45:00Z,599.0,0.07227040600353607,2019-01-29T02:59:32.2130126Z,260.349579,0.029558810691043824
2019-01-28 19:04:45.406348,2019-01-29T03:04:32.4120025Z,0.07227040600353607,2019-01-29T03:01:27.5780029Z,414,0,2019-01-28T13:45:00Z,599.0,0.07227040600353607,2019-01-29T03:04:32.4120025Z,243.829742,0.04375214909538194
2019-01-28 19:09:46.672601,2019-01-29T03:09:32.4840087Z,0.07227040600353607,2019-01-29T03:01:27.5780029Z,414,0,2019-01-28T13:45:00Z,599.0,0.07227040600353607,2019-01-29T03:09:32.4840087Z,233.114273,0.05622381649769981
2019-01-28 19:14:49.032113,2019-01-29T03:14:42.6960144Z,0.07227040600353607,2019-01-29T03:11:27.6140136Z,373,0,2019-01-28T13:45:00Z,599.0,0.07227040600353607,2019-01-29T03:14:42.6960144Z,235.438538,0.053262139071938774
2019-01-28 19:19:50.218309,2019-01-29T03:19:42.629013Z,0.07227040600353607,2019-01-29T03:11:27.6140136Z,373,0,2019-01-28T13:45:00Z,599.0,0.07227040600353607,2019-01-29T03:19:42.629013Z,251.880585,0.03616692723802595
2019-01-28 19:24:51.355783,2019-01-29T03:24:42.7160034Z,0.07227040600353607,2019-01-29T03:21:27.6360015Z,416,0,2019-01-28T13:45:00Z,599.0,0.07227040600353607,2019-01-29T03:24:42.7160034Z,230.432846,0.05983280732167151
2019-01-28 19:29:52.637362,2019-01-29T03:29:42.5670013Z,0.07227040600353607,2019-01-29T03:21:27.6360015Z,416,0,2019-01-28T13:45:00Z,599.0,0.07227040600353607,2019-01-29T03:29:42.5670013Z,230.709137,0.05945114037168775
2019-01-28 19:34:53.842658,2019-01-29T03:34:42.5110015Z,0.07227040600353607,2019-01-29T03:31:27.6360015Z,318,0,2019-01-28T13:45:00Z,599.0,0.07227040600353607,2019-01-29T03:34:42.5110015Z,238.0148,0.05015163540339207
2019-01-28 19:39:55.014857,2019-01-29T03:39:43.129013Z,0.07227040600353607,2019-01-29T03:31:27.6360015Z,318,0,2019-01-28T13:45:00Z,599.0,0.07227040600353607,2019-01-29T03:39:43.129013Z,225.853638,0.06650147707118692
2019-01-28 19:44:56.308459,2019-01-29T03:44:42.6180114Z,0.10844739400428982,2019-01-29T03:41:27.6570129Z,311,0,2019-01-28T13:45:00Z,599.0,0.07227040600353607,2019-01-29T03:44:42.6180114Z,204.131989,0.10844739400428982
2019-01-28 19:49:57.530377,2019-01-29T03:49:42.5550079Z,0.10844739400428982,2019-01-29T03:41:27.6570129Z,311,0,2019-01-28T13:45:00Z,599.0,0.07227040600353607,2019-01-29T03:49:42.5550079Z,231.218857,0.058752994657986335
2019-01-28 19:54:58.754696,2019-01-29T03:54:52.2550048Z,0.10844739400428982,2019-01-29T03:51:27.6440124Z,297,0,2019-01-28T13:45:00Z,599.0,0.07227040600353607,2019-01-29T03:54:52.2550048Z,227.555786,0.06394564927878121
2019-01-28 20:00:00.046369,2019-01-29T03:59:52.1170043Z,0.10844739400428982,2019-01-29T03:51:27.6440124Z,297,0,2019-01-28T13:45:00Z,599.0,0.07227040600353607,2019-01-29T03:59:52.1170043Z,214.41774,0.08627081608619747
2019-01-28 20:05:01.358209,2019-01-29T04:04:42.6090087Z,0.10844739400428982,2019-01-29T04:01:27.6620025Z,264,0,2019-01-28T13:45:00Z,599.0,0.07227040600353607,2019-01-29T04:04:42.6090087Z,204.5761,0.10739429031219228
2019-01-28 20:10:02.722132,2019-01-29T04:09:42.6480102Z,0.11078816939161285,2019-01-29T04:01:27.6620025Z,264,0,2019-01-28T13:45:00Z,599.0,0.07227040600353607,2019-01-29T04:09:42.6480102Z,203.158249,0.11078816939161285
2019-01-28 20:15:03.982970,2019-01-29T04:14:52.2590026Z,0.11078816939161285,2019-01-29T04:11:27.7760009Z,231,0,2019-01-28T13:45:00Z,599.0,0.07227040600353607,2019-01-29T04:14:52.2590026Z,206.522217,0.1028850324949725
2019-01-28 20:20:05.229497,2019-01-29T04:19:52.6330108Z,0.12752644424854898,2019-01-29T04:11:27.7760009Z,231,0,2019-01-28T13:45:00Z,599.0,0.07227040600353607,2019-01-29T04:19:52.6330108Z,196.674149,0.12752644424854898
2019-01-28 20:25:06.403883,2019-01-29T04:24:52.1100006Z,0.17247421607527136,2019-01-29T04:21:27.6970062Z,217,0.012358784534996503,2019-01-28T13:45:00Z,599.0,0.07227040600353607,2019-01-29T04:24:52.1100006Z,182.268616,0.17247421607527136
2019-01-28 20:30:07.851456,2019-01-29T04:29:52.501007Z,0.17247421607527136,2019-01-29T04:21:27.6970062Z,217,0.012358784534996503,2019-01-28T13:45:00Z,599.0,0.07227040600353607,2019-01-29T04:29:52.501007Z,192.615143,0.1390703254253608
2019-01-28 20:35:10.488594,2019-01-29T04:35:02.1390075Z,0.17247421607527136,2019-01-29T04:31:27.6890106Z,189,0.024621681576108445,2019-01-28T13:45:00Z,599.0,0.07227040600353607,2019-01-29T04:35:02.1390075Z,187.578491,0.15459884216106923
2019-01-28 20:40:11.640694,2019-01-29T04:40:02.6830139Z,0.17247421607527136,2019-01-29T04:31:27.6890106Z,189,0.024621681576108445,2019-01-28T13:45:00Z,599.0,0.07227040600353607,2019-01-29T04:40:02.6830139Z,191.643112,0.1419617006947984
2019-01-28 20:45:12.849194,2019-01-29T04:44:42.8650054Z,0.17247421607527136,2019-01-29T04:41:27.7130126Z,180,0.030660667781475803,2019-01-28T13:45:00Z,599.0,0.07227040600353607,2019-01-29T04:44:42.8650054Z,185.527542,0.1613169736786565
2019-01-28 20:50:14.276234,2019-01-29T04:50:02.149002Z,0.17247421607527136,2019-01-29T04:41:27.7130126Z,180,0.030660667781475803,2019-01-28T13:45:00Z,599.0,0.07227040600353607,2019-01-29T04:50:02.149002Z,191.0084,0.143876650355241
2019-01-28 20:55:15.550193,2019-01-29T04:55:02.0990142Z,0.17247421607527136,2019-01-29T04:51:28.4820098Z,178,0.03218598669042816,2019-01-28T13:45:00Z,599.0,0.07227040600353607,2019-01-29T04:55:02.0990142Z,183.5477,0.1680239613577833
2019-01-28 21:00:16.793884,2019-01-29T05:00:02.7170104Z,0.17247421607527136,2019-01-29T04:51:28.4820098Z,178,0.03218598669042816,2019-01-28T13:45:00Z,599.0,0.07227040600353607,2019-01-29T05:00:02.7170104Z,186.554321,0.1579246141262054
2019-01-28 21:05:18.044377,2019-01-29T05:05:02.6860046Z,0.19681061359349228,2019-01-29T05:01:27.7340087Z,168,0.040977861367588186,2019-01-28T13:45:00Z,599.0,0.07227040600353607,2019-01-29T05:05:02.6860046Z,175.697754,0.19681061359349228
2019-01-28 21:10:19.434651,2019-01-29T05:10:02.0860137Z,0.19681061359349228,2019-01-29T05:01:27.7340087Z,168,0.040977861367588186,2019-01-28T13:45:00Z,599.0,0.07227040600353607,2019-01-29T05:10:02.0860137Z,189.267487,0.1492394694999628
2019-01-28 21:15:20.712277,2019-01-29T05:15:02.07901Z,0.19681061359349228,2019-01-29T05:11:27.754013Z,143,0.07403381355611716,2019-01-29T01:45:00Z,611.0,0.061413566483859205,2019-01-29T05:15:02.07901Z,191.573425,0.1421709049297939
2019-01-28 21:20:22.001501,2019-01-29T05:20:02.152008Z,0.19681061359349228,2019-01-29T05:11:27.754013Z,143,0.07403381355611716,2019-01-29T01:45:00Z,611.0,0.061413566483859205,2019-01-29T05:20:02.152008Z,194.806488,0.13273302332166137
2019-01-28 21:25:26.323294,2019-01-29T05:25:16.2130126Z,0.19681061359349228,2019-01-29T05:21:27.7760009Z,138,0.08309628231732802,2019-01-29T01:45:00Z,611.0,0.061413566483859205,2019-01-29T05:25:16.2130126Z,175.84407,0.1962415542983189
2019-01-28 21:30:27.645549,2019-01-29T05:30:22.1280059Z,0.2364178854018537,2019-01-29T05:21:27.7760009Z,138,0.08309628231732802,2019-01-29T01:45:00Z,611.0,0.061413566483859205,2019-01-29T05:30:22.1280059Z,166.200241,0.2364178854018537
2019-01-28 21:35:30.263961,2019-01-29T05:35:22.1410064Z,0.24490144482476772,2019-01-29T05:31:29.5960083Z,130,0.09970548545328684,2019-01-29T01:45:00Z,611.0,0.061413566483859205,2019-01-29T05:35:22.1410064Z,164.315292,0.24490144482476772
2019-01-28 21:40:34.917725,2019-01-29T05:40:22.5310058Z,0.24490144482476772,2019-01-29T05:31:29.5960083Z,130,0.09970548545328684,2019-01-29T01:45:00Z,611.0,0.061413566483859205,2019-01-29T05:40:22.5310058Z,168.203888,0.22762500086838444
2019-01-28 21:45:36.183280,2019-01-29T05:45:22.1280059Z,0.2458656529091675,2019-01-29T05:41:28.1620025Z,158,0.05204217136049061,2019-01-29T01:45:00Z,611.0,0.061413566483859205,2019-01-29T05:45:22.1280059Z,164.103882,0.2458656529091675
2019-01-28 21:50:37.470983,2019-01-29T05:50:32.1420135Z,0.250767834341853,2019-01-29T05:41:28.1620025Z,158,0.05204217136049061,2019-01-29T01:45:00Z,611.0,0.061413566483859205,2019-01-29T05:50:32.1420135Z,163.037567,0.250767834341853
2019-01-28 21:55:39.462912,2019-01-29T05:55:31.9720001Z,0.250767834341853,2019-01-29T05:51:28.1570129Z,154,0.05721592491826266,2019-01-29T01:45:00Z,611.0,0.061413566483859205,2019-01-29T05:55:31.9720001Z,215.967834,0.0833083392783942
2019-01-28 22:00:40.868534,2019-01-29T06:00:32.2640075Z,0.250767834341853,2019-01-29T05:51:28.1570129Z,154,0.05721592491826266,2019-01-29T01:45:00Z,611.0,0.061413566483859205,2019-01-29T06:00:32.2640075Z,184.888382,0.16345825752090504
2019-01-28 22:05:42.172262,2019-01-29T06:05:32.5120086Z,0.250767834341853,2019-01-29T06:01:28.1830139Z,137,0.08502589947725814,2019-01-29T01:45:00Z,611.0,0.061413566483859205,2019-01-29T06:05:32.5120086Z,169.339111,0.22274656932314119
2019-01-28 22:10:43.429780,2019-01-29T06:10:32.9370117Z,0.27796976716593513,2019-01-29T06:01:28.1830139Z,137,0.08502589947725814,2019-01-29T01:45:00Z,611.0,0.061413566483859205,2019-01-29T06:10:32.9370117Z,157.354919,0.27796976716593513
2019-01-28 22:15:44.741244,2019-01-29T06:15:32.9460144Z,0.27796976716593513,2019-01-29T06:11:28.1980133Z,127,0.10666073931901443,2019-01-29T01:45:00Z,611.0,0.061413566483859205,2019-01-29T06:15:32.9460144Z,163.6335,0.24802015524539855
2019-01-28 22:17:57.518637,2019-01-29T06:17:42.3930053Z,0.2520128047248489,2019-01-29T06:11:28.1980133Z,127,0.10666073931901443,2019-01-29T01:45:00Z,611.0,0.061413566483859205,2019-01-29T06:17:42.3930053Z,162.768982,0.2520128047248489
2019-01-28 22:23:01.672172,2019-01-29T06:22:52.6119995Z,0.3748861810472838,2019-01-29T06:21:28.2120056Z,101,0.186383277873728,2019-01-29T01:45:00Z,611.0,0.061413566483859205,2019-01-29T06:22:52.6119995Z,139.359238,0.3748861810472838
2019-01-28 22:28:02.813259,2019-01-29T06:27:52.451004Z,0.3748861810472838,2019-01-29T06:21:28.2120056Z,101,0.186383277873728,2019-01-29T01:45:00Z,611.0,0.061413566483859205,2019-01-29T06:27:52.451004Z,139.668488,0.37310287276455323
2019-01-28 22:33:03.725317,2019-01-29T06:32:52.4680023Z,0.3896354537189678,2019-01-29T06:31:28.2360076Z,86,0.25016277176441315,2019-01-29T01:45:00Z,611.0,0.061413566483859205,2019-01-29T06:32:52.4680023Z,136.8231,0.3896354537189678
2019-01-28 22:38:04.781068,2019-01-29T06:37:52.7140045Z,0.42294932031467336,2019-01-29T06:31:28.2360076Z,86,0.25016277176441315,2019-01-29T01:45:00Z,611.0,0.061413566483859205,2019-01-29T06:37:52.7140045Z,131.213516,0.42294932031467336
2019-01-28 22:40:02.205597,2019-01-29T06:39:52.6000061Z,0.4190609292158495,2019-01-29T06:31:28.2360076Z,86,0.25016277176441315,2019-01-29T01:45:00Z,611.0,0.061413566483859205,2019-01-29T06:39:52.6000061Z,131.86116,0.4190609292158495
2019-01-28 22:52:29.248562,2019-01-29T06:52:22.6010131Z,0.4190609292158495,2019-01-29T06:41:28.254013Z,82,0.2694344683700076,2019-01-29T01:45:00Z,611.0,0.061413566483859205,2019-01-29T06:52:22.6010131Z,140.914429,0.36595339364003543
2019-01-28 22:52:39.948478,2019-01-29T06:52:32.5930023Z,0.35514685514660105,2019-01-29T06:51:28.2610015Z,66,0.35514685514660105,2019-01-29T01:45:00Z,611.0,0.061413566483859205,2019-01-29T06:52:32.5930023Z,210.649017,0.09387465873404166
2019-01-28 22:57:40.926066,2019-01-29T06:57:32.1560058Z,0.35514685514660105,2019-01-29T06:51:28.2610015Z,66,0.35514685514660105,2019-01-29T01:45:00Z,611.0,0.061413566483859205,2019-01-29T06:57:32.1560058Z,170.915436,0.2160970627294435
2019-01-28 22:59:52.359475,2019-01-29T06:59:42.899002Z,0.35514685514660105,2019-01-29T06:51:28.2610015Z,66,0.35514685514660105,2019-01-29T01:45:00Z,611.0,0.061413566483859205,2019-01-29T06:59:42.899002Z,200.910568,0.11636072124776786
2019-01-28 23:04:53.308464,2019-01-29T07:04:42.8080139Z,0.3784245472735752,2019-01-29T07:01:28.2830047Z,62,0.3784245472735752,2019-01-29T01:45:00Z,611.0,0.061413566483859205,2019-01-29T07:04:42.8080139Z,153.8845,0.2954465297194153
2019-01-28 23:09:54.240389,2019-01-29T07:09:42.9260101Z,0.38196517453146395,2019-01-29T07:01:28.2830047Z,62,0.3784245472735752,2019-01-29T01:45:00Z,611.0,0.061413566483859205,2019-01-29T07:09:42.9260101Z,138.137344,0.38196517453146395
2019-01-28 23:14:55.173459,2019-01-29T07:14:42.7980041Z,0.4313097660299252,2019-01-29T07:11:28.2690124Z,55,0.42048030552812854,2019-01-29T01:45:00Z,611.0,0.061413566483859205,2019-01-29T07:14:42.7980041Z,129.826279,0.4313097660299252
2019-01-28 23:19:56.111770,2019-01-29T07:19:43.3580017Z,0.4313097660299252,2019-01-29T07:11:28.2690124Z,55,0.42048030552812854,2019-01-29T01:45:00Z,611.0,0.061413566483859205,2019-01-29T07:19:43.3580017Z,225.441025,0.06713516523875618
2019-01-28 23:25:00.093479,2019-01-29T07:24:53.7310028Z,0.4313097660299252,2019-01-29T07:21:28.2570037Z,56,0.41438558775675716,2019-01-29T01:45:00Z,611.0,0.061413566483859205,2019-01-29T07:24:53.7310028Z,145.496689,0.3401827286538913
2019-01-28 23:30:01.112976,2019-01-29T07:29:52.7530059Z,0.4313097660299252,2019-01-29T07:21:28.2570037Z,56,0.41438558775675716,2019-01-29T01:45:00Z,611.0,0.061413566483859205,2019-01-29T07:29:52.7530059Z,166.391266,0.23556956250991012
2019-01-28 23:35:02.108512,2019-01-29T07:34:52.2310028Z,0.4313097660299252,2019-01-29T07:31:28.2790069Z,56,0.41438558775675716,2019-01-29T01:45:00Z,611.0,0.061413566483859205,2019-01-29T07:34:52.2310028Z,143.403732,0.35184722758825593
2019-01-28 23:40:03.129572,2019-01-29T07:39:52.5580139Z,0.4313097660299252,2019-01-29T07:31:28.2790069Z,56,0.41438558775675716,2019-01-29T01:45:00Z,611.0,0.061413566483859205,2019-01-29T07:39:52.5580139Z,144.2169,0.34729331692788834
2019-01-28 23:45:04.151058,2019-01-29T07:44:52.2080078Z,0.46996103096959385,2019-01-29T07:41:29.1800079Z,47,0.46996103096959385,2019-01-29T01:45:00Z,611.0,0.061413566483859205,2019-01-29T07:44:52.2080078Z,143.927963,0.34890827781461176
2019-01-28 23:50:05.198000,2019-01-29T07:49:52.477005Z,0.46996103096959385,2019-01-29T07:41:29.1800079Z,47,0.46996103096959385,2019-01-29T01:45:00Z,611.0,0.061413566483859205,2019-01-29T07:49:52.477005Z,144.606842,0.34511937152045835
2019-01-28 23:55:06.206391,2019-01-29T07:54:52.5640106Z,0.46996103096959385,2019-01-29T07:51:28.2910003Z,47,0.46996103096959385,2019-01-29T01:45:00Z,611.0,0.061413566483859205,2019-01-29T07:54:52.5640106Z,138.956924,0.37721123400323053
2019-01-29 00:00:07.228269,2019-01-29T07:59:52.2950134Z,0.46996103096959385,2019-01-29T07:51:28.2910003Z,47,0.46996103096959385,2019-01-29T01:45:00Z,611.0,0.061413566483859205,2019-01-29T07:59:52.2950134Z,130.723129,0.4258999471349675
2019-01-29 00:05:08.225213,2019-01-29T07:59:52.2950134Z,0.46996103096959385,2019-01-29T07:51:28.2910003Z,47,0.46996103096959385,2019-01-29T01:45:00Z,611.0,0.061413566483859205,2019-01-29T07:59:52.2950134Z,130.723129,0.4258999471349675
2019-01-29 00:10:09.233217,2019-01-29T07:59:52.2950134Z,0.46996103096959385,2019-01-29T07:51:28.2910003Z,47,0.46996103096959385,2019-01-29T01:45:00Z,611.0,0.061413566483859205,2019-01-29T07:59:52.2950134Z,130.723129,0.4258999471349675
2019-01-29 00:15:10.275612,2019-01-29T08:15:02.4420013Z,0.5325354159884392,2019-01-29T08:11:28.2000122Z,37,0.5325354159884392,2019-01-29T01:45:00Z,611.0,0.061413566483859205,2019-01-29T08:15:02.4420013Z,122.495308,0.4760324958812844
2019-01-29 00:15:39.251251,2019-01-29T08:15:32.201004Z,0.5325354159884392,2019-01-29T08:11:28.2000122Z,37,0.5325354159884392,2019-01-29T01:45:00Z,611.0,0.061413566483859205,2019-01-29T08:15:32.201004Z,117.550354,0.5064629774569088
2019-01-29 00:20:43.301850,2019-01-29T08:20:32.3130035Z,0.5325354159884392,2019-01-29T08:11:28.2000122Z,37,0.5325354159884392,2019-01-29T01:45:00Z,611.0,0.061413566483859205,2019-01-29T08:20:32.3130035Z,128.0523,0.44205766658895096
2019-01-29 00:25:44.406222,2019-01-29T08:25:32.1320037Z,0.5387691405635184,2019-01-29T08:21:29.1050109Z,36,0.5387691405635184,2019-01-29T01:45:00Z,611.0,0.061413566483859205,2019-01-29T08:25:32.1320037Z,116.935074,0.5102505709327877
2019-01-29 00:30:45.453539,2019-01-29T08:30:32.4320068Z,0.5387691405635184,2019-01-29T08:21:29.1050109Z,36,0.5387691405635184,2019-01-29T01:45:00Z,611.0,0.061413566483859205,2019-01-29T08:30:32.4320068Z,116.764137,0.5113026493165176
2019-01-29 00:35:46.563765,2019-01-29T08:35:31.9350128Z,0.5573900709970208,2019-01-29T08:31:28.2190093Z,33,0.5573900709970208,2019-01-29T01:45:00Z,611.0,0.061413566483859205,2019-01-29T08:35:31.9350128Z,133.0552,0.41191865034038133
2019-01-29 00:40:47.694167,2019-01-29T08:40:32.0320129Z,0.5573900709970208,2019-01-29T08:31:28.2190093Z,33,0.5573900709970208,2019-01-29T01:45:00Z,611.0,0.061413566483859205,2019-01-29T08:40:32.0320129Z,130.9112,0.4247677002107211
2019-01-29 00:45:48.792972,2019-01-29T08:45:42.6200103Z,0.5758510666659657,2019-01-29T08:41:28.2330017Z,30,0.5758510666659657,2019-01-29T01:45:00Z,611.0,0.061413566483859205,2019-01-29T08:45:42.6200103Z,133.69783,0.4080897883990401
2019-01-29 00:50:52.904284,2019-01-29T08:50:42.5890045Z,0.5758510666659657,2019-01-29T08:41:28.2330017Z,30,0.5758510666659657,2019-01-29T01:45:00Z,611.0,0.061413566483859205,2019-01-29T08:50:42.5890045Z,145.492981,0.3402032287534613
2019-01-29 00:55:54.032624,2019-01-29T08:55:42.5400085Z,0.5880450893438691,2019-01-29T08:51:28.2790069Z,28,0.5880450893438691,2019-01-29T01:45:00Z,611.0,0.061413566483859205,2019-01-29T08:55:42.5400085Z,124.750427,0.4622001730653852
2019-01-29 01:00:55.156771,2019-01-29T09:00:42.3040008Z,0.5880450893438691,2019-01-29T08:51:28.2790069Z,28,0.5880450893438691,2019-01-29T01:45:00Z,611.0,0.061413566483859205,2019-01-29T09:00:42.3040008Z,134.346344,0.4042371474190788
2019-01-29 01:05:56.564515,2019-01-29T09:05:42.7890014Z,0.5880450893438691,2019-01-29T08:51:28.2790069Z,28,0.5880450893438691,2019-01-29T01:45:00Z,611.0,0.061413566483859205,2019-01-29T09:05:42.7890014Z,129.103851,0.4356794826283231
2019-01-29 01:10:57.618076,2019-01-29T09:10:42.623001Z,0.5880450893438691,2019-01-29T08:51:28.2790069Z,28,0.5880450893438691,2019-01-29T01:45:00Z,611.0,0.061413566483859205,2019-01-29T09:10:42.623001Z,125.0834,0.46016220816492737
2019-01-29 01:15:58.793585,2019-01-29T09:15:52.3300018Z,0.6001319758155317,2019-01-29T09:11:28.306015Z,26,0.6001319758155317,2019-01-29T01:45:00Z,611.0,0.061413566483859205,2019-01-29T09:15:52.3300018Z,126.662041,0.45051937291537103
2019-01-29 01:21:00.198369,2019-01-29T09:20:52.4060058Z,0.6001319758155317,2019-01-29T09:11:28.306015Z,26,0.6001319758155317,2019-01-29T01:45:00Z,611.0,0.061413566483859205,2019-01-29T09:20:52.4060058Z,135.754,0.39591573172703
2019-01-29 01:26:04.298053,2019-01-29T09:25:52.3880004Z,0.6061309824798558,2019-01-29T09:21:28.2100067Z,25,0.6061309824798558,2019-01-29T01:45:00Z,611.0,0.061413566483859205,2019-01-29T09:25:52.3880004Z,142.509674,0.3568853970104521
2019-01-29 01:31:05.458164,2019-01-29T09:30:52.3220062Z,0.6061309824798558,2019-01-29T09:21:28.2100067Z,25,0.6061309824798558,2019-01-29T01:45:00Z,611.0,0.061413566483859205,2019-01-29T09:30:52.3220062Z,132.06839,0.4178188364680476
2019-01-29 01:36:06.605166,2019-01-29T09:35:52.477005Z,0.6239306517972969,2019-01-29T09:31:28.2910003Z,22,0.6239306517972969,2019-01-29T01:45:00Z,611.0,0.061413566483859205,2019-01-29T09:35:52.477005Z,123.358047,0.4707351676142748
2019-01-29 01:41:07.757205,2019-01-29T09:41:02.7020111Z,0.6239306517972969,2019-01-29T09:31:28.2910003Z,22,0.6239306517972969,2019-01-29T01:45:00Z,611.0,0.061413566483859205,2019-01-29T09:41:02.7020111Z,125.072624,0.46022814230882314
2019-01-29 01:46:10.156445,2019-01-29T09:46:02.1110076Z,0.6239306517972969,2019-01-29T09:41:28.2950134Z,22,0.6239306517972969,2019-01-29T01:45:00Z,611.0,0.061413566483859205,2019-01-29T09:46:02.1110076Z,134.504288,0.4033006115188065
2019-01-29 01:51:11.434762,2019-01-29T09:51:02.3660125Z,0.6239306517972969,2019-01-29T09:41:28.2950134Z,22,0.6239306517972969,2019-01-29T01:45:00Z,611.0,0.061413566483859205,2019-01-29T09:51:02.3660125Z,132.785767,0.41352716844780246
2019-01-29 01:56:13.474842,2019-01-29T09:56:02.2810058Z,0.6297928683835285,2019-01-29T09:51:28.3460083Z,21,0.6297928683835285,2019-01-29T01:45:00Z,611.0,0.061413566483859205,2019-01-29T09:56:02.2810058Z,122.884918,0.47363950079200023
2019-01-29 02:01:14.634747,2019-01-29T10:01:02.5750122Z,0.6848830137880695,2019-01-29T09:51:28.3460083Z,21,0.6297928683835285,2019-01-29T01:45:00Z,611.0,0.061413566483859205,2019-01-29T10:01:02.5750122Z,87.0820541,0.6848830137880695
2019-01-29 02:06:15.728319,2019-01-29T10:06:02.2779998Z,0.6848830137880695,2019-01-29T10:01:28.3240051Z,23,0.6180319072087037,2019-01-29T01:45:00Z,611.0,0.061413566483859205,2019-01-29T10:06:02.2779998Z,91.2159,0.662506746713146
2019-01-29 02:11:16.834730,2019-01-29T10:10:42.8800048Z,0.7174985895283458,2019-01-29T10:01:28.3240051Z,23,0.6180319072087037,2019-01-29T01:45:00Z,611.0,0.061413566483859205,2019-01-29T10:10:42.8800048Z,80.75725,0.7174985895283458
2019-01-29 02:16:17.981977,2019-01-29T10:16:02.20401Z,0.7174985895283458,2019-01-29T10:11:28.3500061Z,17,0.6528473974592715,2019-01-29T01:45:00Z,611.0,0.061413566483859205,2019-01-29T10:16:02.20401Z,85.30319,0.6942614880390203
2019-01-29 02:21:19.380785,2019-01-29T10:21:02.3450012Z,0.7174985895283458,2019-01-29T10:11:28.3500061Z,17,0.6528473974592715,2019-01-29T01:45:00Z,611.0,0.061413566483859205,2019-01-29T10:21:02.3450012Z,90.27409,0.6676737551948337
2019-01-29 02:26:20.696167,2019-01-29T10:26:02.1720123Z,0.7505838937967539,2019-01-29T10:21:28.3640136Z,16,0.6585055683644558,2019-01-29T01:45:00Z,611.0,0.061413566483859205,2019-01-29T10:26:02.1720123Z,73.86981,0.7505838937967539
2019-01-29 02:31:24.833335,2019-01-29T10:31:16.45401Z,0.7505838937967539,2019-01-29T10:21:28.3640136Z,16,0.6585055683644558,2019-01-29T01:45:00Z,611.0,0.061413566483859205,2019-01-29T10:31:16.45401Z,85.91856,0.6910348088085797
2019-01-29 02:36:25.908382,2019-01-29T10:36:02.6190032Z,0.7505838937967539,2019-01-29T10:31:28.3710021Z,16,0.6585055683644558,2019-01-29T01:45:00Z,611.0,0.061413566483859205,2019-01-29T10:36:02.6190032Z,87.67216,0.6817377789604342
2019-01-29 02:41:27.039611,2019-01-29T10:41:20.4480133Z,0.7505838937967539,2019-01-29T10:31:28.3710021Z,16,0.6585055683644558,2019-01-29T01:45:00Z,611.0,0.061413566483859205,2019-01-29T10:41:20.4480133Z,77.5995255,0.7329935141763279
2019-01-29 02:46:28.082913,2019-01-29T10:46:02.5540008Z,0.7505838937967539,2019-01-29T10:41:28.3770141Z,15,0.6641189645170259,2019-01-29T01:45:00Z,611.0,0.061413566483859205,2019-01-29T10:46:02.5540008Z,74.34807,0.7483721206357975
2019-01-29 02:51:29.517078,2019-01-29T10:51:16.8650054Z,0.7505838937967539,2019-01-29T10:41:28.3770141Z,15,0.6641189645170259,2019-01-29T01:45:00Z,611.0,0.061413566483859205,2019-01-29T10:51:16.8650054Z,82.18198,0.7103316995290294
2019-01-29 02:56:30.539218,2019-01-29T10:56:02.7380065Z,0.7710545738052382,2019-01-29T10:51:29.0090026Z,15,0.6641189645170259,2019-01-29T01:45:00Z,611.0,0.061413566483859205,2019-01-29T10:56:02.7380065Z,69.300415,0.7710545738052382
2019-01-29 03:01:31.603583,2019-01-29T11:01:18.3970031Z,0.7710545738052382,2019-01-29T10:51:29.0090026Z,15,0.6641189645170259,2019-01-29T01:45:00Z,611.0,0.061413566483859205,2019-01-29T11:01:18.3970031Z,74.8267746,0.746145293147177
2019-01-29 03:06:32.687200,2019-01-29T11:06:19.2180023Z,0.7710545738052382,2019-01-29T11:01:28.4120025Z,16,0.6585055683644558,2019-01-29T01:45:00Z,611.0,0.061413566483859205,2019-01-29T11:06:19.2180023Z,95.90137,0.6362395407140442
2019-01-29 03:11:33.776053,2019-01-29T11:11:22.0980072Z,0.7710545738052382,2019-01-29T11:01:28.4120025Z,16,0.6585055683644558,2019-01-29T01:45:00Z,611.0,0.061413566483859205,2019-01-29T11:11:22.0980072Z,92.28176,0.6566120529025489
2019-01-29 03:16:35.219970,2019-01-29T11:16:19.623001Z,0.7710545738052382,2019-01-29T11:11:28.4270019Z,16,0.6585055683644558,2019-01-29T01:45:00Z,611.0,0.061413566483859205,2019-01-29T11:16:19.623001Z,87.25478,0.6839641297342711
2019-01-29 03:21:39.293929,2019-01-29T11:21:33.82901Z,0.7710545738052382,2019-01-29T11:21:28.477005Z,17,0.6528473974592715,2019-01-29T01:45:00Z,611.0,0.061413566483859205,2019-01-29T11:21:33.82901Z,76.48179,0.7383469284476574
2019-01-29 03:26:40.379287,2019-01-29T11:26:33.2580108Z,0.7710545738052382,2019-01-29T11:21:28.477005Z,17,0.6528473974592715,2019-01-29T01:45:00Z,611.0,0.061413566483859205,2019-01-29T11:26:33.2580108Z,83.1335449,0.7054855056057339
2019-01-29 03:31:41.384376,2019-01-29T11:31:33.7240142Z,0.7710545738052382,2019-01-29T11:31:28.4900054Z,16,0.6585055683644558,2019-01-29T01:45:00Z,611.0,0.061413566483859205,2019-01-29T11:31:33.7240142Z,91.57985,0.6604994974778582
2019-01-29 03:36:42.408259,2019-01-29T11:36:33.3090057Z,0.7710545738052382,2019-01-29T11:31:28.4900054Z,16,0.6585055683644558,2019-01-29T01:45:00Z,611.0,0.061413566483859205,2019-01-29T11:36:33.3090057Z,87.81632,0.6809668735809072
2019-01-29 03:41:44.928044,2019-01-29T11:41:33.2620086Z,0.7710545738052382,2019-01-29T11:41:28.45401Z,15,0.6641189645170259,2019-01-29T01:45:00Z,611.0,0.061413566483859205,2019-01-29T11:41:33.2620086Z,93.46429,0.6500152307966939
2019-01-29 03:46:46.068807,2019-01-29T11:46:32.5330047Z,0.7710545738052382,2019-01-29T11:41:28.45401Z,15,0.6641189645170259,2019-01-29T01:45:00Z,611.0,0.061413566483859205,2019-01-29T11:46:32.5330047Z,101.980186,0.6009332157754821
2019-01-29 03:51:47.165955,2019-01-29T11:51:33.5360107Z,0.7710545738052382,2019-01-29T11:51:28.5110015Z,15,0.6641189645170259,2019-01-29T01:45:00Z,611.0,0.061413566483859205,2019-01-29T11:51:33.5360107Z,103.346855,0.592833943042393
2019-01-29 03:56:48.503010,2019-01-29T11:56:42.7410125Z,0.7710545738052382,2019-01-29T11:51:28.5110015Z,15,0.6641189645170259,2019-01-29T01:45:00Z,611.0,0.061413566483859205,2019-01-29T11:56:42.7410125Z,78.75129,0.727404819771393
2019-01-29 04:01:49.854469,2019-01-29T12:01:44.4760131Z,0.7710545738052382,2019-01-29T12:01:28.501007Z,16,0.6585055683644558,2019-01-29T01:45:00Z,611.0,0.061413566483859205,2019-01-29T12:01:44.4760131Z,77.4545,0.7336920336546466
2019-01-29 04:06:50.912607,2019-01-29T12:06:26.6840057Z,0.7710545738052382,2019-01-29T12:01:28.501007Z,16,0.6585055683644558,2019-01-29T01:45:00Z,611.0,0.061413566483859205,2019-01-29T12:06:26.6840057Z,97.29724,0.6282457799598924
2019-01-29 04:11:51.991759,2019-01-29T12:11:42.8690032Z,0.7710545738052382,2019-01-29T12:11:28.5400085Z,16,0.6585055683644558,2019-01-29T01:45:00Z,611.0,0.061413566483859205,2019-01-29T12:11:42.8690032Z,71.59898,0.7609073722132051
2019-01-29 04:16:53.066289,2019-01-29T12:16:42.8220062Z,0.7710545738052382,2019-01-29T12:11:28.5400085Z,16,0.6585055683644558,2019-01-29T01:45:00Z,611.0,0.061413566483859205,2019-01-29T12:16:42.8220062Z,81.7131042,0.7127021751477854
2019-01-29 04:21:54.215842,2019-01-29T12:21:42.7630004Z,0.7710545738052382,2019-01-29T12:21:28.5460052Z,16,0.6585055683644558,2019-01-29T01:45:00Z,611.0,0.061413566483859205,2019-01-29T12:21:42.7630004Z,71.9393158,0.7593790042908904
2019-01-29 04:26:55.235438,2019-01-29T12:26:43.0230102Z,0.7710545738052382,2019-01-29T12:21:28.5460052Z,16,0.6585055683644558,2019-01-29T01:45:00Z,611.0,0.061413566483859205,2019-01-29T12:26:43.0230102Z,69.6876755,0.769366407408296
2019-01-29 04:31:57.010573,2019-01-29T12:31:43.1720123Z,0.7710545738052382,2019-01-29T12:31:29.2630004Z,15,0.6641189645170259,2019-01-29T01:45:00Z,611.0,0.061413566483859205,2019-01-29T12:31:43.1720123Z,74.0196,0.7498925696540604
2019-01-29 04:36:58.074097,2019-01-29T12:36:52.6340026Z,0.8004763381229418,2019-01-29T12:31:29.2630004Z,15,0.6641189645170259,2019-01-29T01:45:00Z,611.0,0.061413566483859205,2019-01-29T12:36:52.6340026Z,62.19547,0.8004763381229418
2019-01-29 04:41:59.142200,2019-01-29T12:41:52.6399993Z,0.8004763381229418,2019-01-29T12:41:28.626007Z,14,0.6696863735487015,2019-01-29T01:45:00Z,611.0,0.061413566483859205,2019-01-29T12:41:52.6399993Z,69.10414,0.7719068620156571
2019-01-29 04:47:00.206241,2019-01-29T12:46:52.1700134Z,0.8004763381229418,2019-01-29T12:41:28.626007Z,14,0.6696863735487015,2019-01-29T01:45:00Z,611.0,0.061413566483859205,2019-01-29T12:46:52.1700134Z,63.17541,0.7965934373798245
2019-01-29 04:52:01.638365,2019-01-29T12:51:52.5Z,0.8004763381229418,2019-01-29T12:51:28.623001Z,14,0.6696863735487015,2019-01-29T01:45:00Z,611.0,0.061413566483859205,2019-01-29T12:51:52.5Z,67.97355,0.7767726409113804
2019-01-29 04:57:02.718248,2019-01-29T12:56:52.1090087Z,0.8004763381229418,2019-01-29T12:51:28.623001Z,14,0.6696863735487015,2019-01-29T01:45:00Z,611.0,0.061413566483859205,2019-01-29T12:56:52.1090087Z,66.8500748,0.7815340752162466
2019-01-29 05:02:06.893049,2019-01-29T13:01:52.3550109Z,0.8004763381229418,2019-01-29T13:01:28.6350097Z,14,0.6696863735487015,2019-01-29T01:45:00Z,611.0,0.061413566483859205,2019-01-29T13:01:52.3550109Z,68.69789,0.7736638178693287
2019-01-29 05:07:08.466031,2019-01-29T13:06:52.2700042Z,0.8004763381229418,2019-01-29T13:01:28.6350097Z,14,0.6696863735487015,2019-01-29T01:45:00Z,611.0,0.061413566483859205,2019-01-29T13:06:52.2700042Z,69.1998444,0.7714915626733745
2019-01-29 05:12:09.520972,2019-01-29T13:12:02.2020111Z,0.8004763381229418,2019-01-29T13:11:28.6660003Z,15,0.6641189645170259,2019-01-29T01:45:00Z,611.0,0.061413566483859205,2019-01-29T13:12:02.2020111Z,72.23938,0.7580259612319542
2019-01-29 05:17:10.894424,2019-01-29T13:16:52.6940155Z,0.8004763381229418,2019-01-29T13:11:28.6660003Z,15,0.6641189645170259,2019-01-29T01:45:00Z,611.0,0.061413566483859205,2019-01-29T13:16:52.6940155Z,69.6436,0.7695589824388589
2019-01-29 05:22:12.336851,2019-01-29T13:22:02.9790039Z,0.8109898090551169,2019-01-29T13:21:28.6740112Z,14,0.6696863735487015,2019-01-29T01:45:00Z,611.0,0.061413566483859205,2019-01-29T13:22:02.9790039Z,59.4679451,0.8109898090551169
2019-01-29 05:27:13.397594,2019-01-29T13:27:02.4460144Z,0.8109898090551169,2019-01-29T13:21:28.6740112Z,14,0.6696863735487015,2019-01-29T01:45:00Z,611.0,0.061413566483859205,2019-01-29T13:27:02.4460144Z,69.2705,0.7711846187022687
2019-01-29 05:32:14.423273,2019-01-29T13:32:02.4290008Z,0.8109898090551169,2019-01-29T13:31:28.6970062Z,14,0.6696863735487015,2019-01-29T01:45:00Z,611.0,0.061413566483859205,2019-01-29T13:32:02.4290008Z,71.29403,0.7622711646908368
2019-01-29 05:37:15.495667,2019-01-29T13:37:02.1560058Z,0.8109898090551169,2019-01-29T13:31:28.6970062Z,14,0.6696863735487015,2019-01-29T01:45:00Z,611.0,0.061413566483859205,2019-01-29T13:37:02.1560058Z,77.6201859,0.7328939080340096
2019-01-29 05:42:16.595213,2019-01-29T13:42:02.428009Z,0.8109898090551169,2019-01-29T13:41:28.6790008Z,15,0.6641189645170259,2019-01-29T01:45:00Z,611.0,0.061413566483859205,2019-01-29T13:42:02.428009Z,71.9141541,0.7594922277009024
2019-01-29 05:47:17.630814,2019-01-29T13:47:02.1310119Z,0.8109898090551169,2019-01-29T13:41:28.6790008Z,15,0.6641189645170259,2019-01-29T01:45:00Z,611.0,0.061413566483859205,2019-01-29T13:47:02.1310119Z,65.0734,0.7889135803080948
2019-01-29 05:52:18.687784,2019-01-29T13:52:02.2910156Z,0.8154874013744811,2019-01-29T13:51:28.6970062Z,16,0.6585055683644558,2019-01-29T01:45:00Z,611.0,0.061413566483859205,2019-01-29T13:52:02.2910156Z,58.26563,0.8154874013744811
2019-01-29 05:57:19.739261,2019-01-29T13:57:02.1390075Z,0.8154874013744811,2019-01-29T13:51:28.6970062Z,16,0.6585055683644558,2019-01-29T01:45:00Z,611.0,0.061413566483859205,2019-01-29T13:57:02.1390075Z,67.68254,0.7780130377525145
2019-01-29 06:02:20.785356,2019-01-29T14:02:02.5680084Z,0.8154874013744811,2019-01-29T14:01:28.7200012Z,15,0.6641189645170259,2019-01-29T01:45:00Z,611.0,0.061413566483859205,2019-01-29T14:02:02.5680084Z,65.86133,0.785663608775067
2019-01-29 06:07:21.878971,2019-01-29T14:07:02.6110076Z,0.8154874013744811,2019-01-29T14:01:28.7200012Z,15,0.6641189645170259,2019-01-29T01:45:00Z,611.0,0.061413566483859205,2019-01-29T14:07:02.6110076Z,63.71691,0.7944237905981071
2019-01-29 06:12:22.926230,2019-01-29T14:12:16.4120025Z,0.8154874013744811,2019-01-29T14:11:28.7710113Z,17,0.6528473974592715,2019-01-29T01:45:00Z,611.0,0.061413566483859205,2019-01-29T14:12:16.4120025Z,104.977745,0.5831027248002123
2019-01-29 06:17:23.986332,2019-01-29T14:17:16.5Z,0.8154874013744811,2019-01-29T14:11:28.7710113Z,17,0.6528473974592715,2019-01-29T01:45:00Z,611.0,0.061413566483859205,2019-01-29T14:17:16.5Z,111.561172,0.5432342992951351
2019-01-29 06:22:25.004513,2019-01-29T14:22:16.1190032Z,0.8154874013744811,2019-01-29T14:21:28.8090057Z,17,0.6528473974592715,2019-01-29T01:45:00Z,611.0,0.061413566483859205,2019-01-29T14:22:16.1190032Z,98.68845,0.6202082578802579
2019-01-29 06:27:26.073991,2019-01-29T14:27:16.2210083Z,0.8154874013744811,2019-01-29T14:21:28.8090057Z,17,0.6528473974592715,2019-01-29T01:45:00Z,611.0,0.061413566483859205,2019-01-29T14:27:16.2210083Z,80.55547,0.71850488070118
2019-01-29 06:32:27.085258,2019-01-29T14:32:17.4400024Z,0.8154874013744811,2019-01-29T14:31:28.800003Z,16,0.6585055683644558,2019-01-29T01:45:00Z,611.0,0.061413566483859205,2019-01-29T14:32:17.4400024Z,98.75902,0.6197987447898546
2019-01-29 06:37:28.153670,2019-01-29T14:37:22.3430023Z,0.8154874013744811,2019-01-29T14:31:28.800003Z,16,0.6585055683644558,2019-01-29T01:45:00Z,611.0,0.061413566483859205,2019-01-29T14:37:22.3430023Z,84.39832,0.6989716866574275
2019-01-29 06:42:29.172614,2019-01-29T14:42:22.5080108Z,0.8154874013744811,2019-01-29T14:31:28.800003Z,16,0.6585055683644558,2019-01-29T01:45:00Z,611.0,0.061413566483859205,2019-01-29T14:42:22.5080108Z,100.913551,0.6072164982166743
2019-01-29 06:47:30.165786,2019-01-29T14:47:22.3510131Z,0.8154874013744811,2019-01-29T14:31:28.800003Z,16,0.6585055683644558,2019-01-29T01:45:00Z,611.0,0.061413566483859205,2019-01-29T14:47:22.3510131Z,105.879784,0.5776919667657108
2019-01-29 06:52:31.148955,2019-01-29T14:52:16.1540069Z,0.8154874013744811,2019-01-29T14:51:29.7100067Z,18,0.647145711927265,2019-01-29T01:45:00Z,611.0,0.061413566483859205,2019-01-29T14:52:16.1540069Z,100.974022,0.6068612047708071
2019-01-29 06:57:32.175988,2019-01-29T14:57:22.1930084Z,0.8154874013744811,2019-01-29T14:51:29.7100067Z,18,0.647145711927265,2019-01-29T01:45:00Z,611.0,0.061413566483859205,2019-01-29T14:57:22.1930084Z,91.827,0.659133120052273
2019-01-29 07:02:33.232791,2019-01-29T15:02:22.3710021Z,0.8154874013744811,2019-01-29T15:01:28.7820129Z,21,0.6297928683835285,2019-01-29T01:45:00Z,611.0,0.061413566483859205,2019-01-29T15:02:22.3710021Z,161.741516,0.2568131117631419
2019-01-29 07:07:34.238142,2019-01-29T15:07:22.8210144Z,0.8154874013744811,2019-01-29T15:01:28.7820129Z,21,0.6297928683835285,2019-01-29T01:45:00Z,611.0,0.061413566483859205,2019-01-29T15:07:22.8210144Z,144.371674,0.34642967606043884
2019-01-29 07:12:35.316031,2019-01-29T15:12:22.4580078Z,0.8154874013744811,2019-01-29T15:11:28.7920074Z,20,0.6356170715724789,2019-01-29T01:45:00Z,611.0,0.061413566483859205,2019-01-29T15:12:22.4580078Z,133.015427,0.4121559781439178
2019-01-29 07:17:36.370817,2019-01-29T15:17:22.1160125Z,0.8154874013744811,2019-01-29T15:11:28.7920074Z,20,0.6356170715724789,2019-01-29T01:45:00Z,611.0,0.061413566483859205,2019-01-29T15:17:22.1160125Z,152.99382,0.3000334827834017
2019-01-29 07:22:37.438621,2019-01-29T15:22:32.3230133Z,0.8154874013744811,2019-01-29T15:21:28.8210144Z,40,0.5137809699418189,2019-01-29T01:45:00Z,611.0,0.061413566483859205,2019-01-29T15:22:32.3230133Z,146.8897,0.33252416784786243
2019-01-29 07:27:38.528174,2019-01-29T15:27:32.4430084Z,0.8154874013744811,2019-01-29T15:21:28.8210144Z,40,0.5137809699418189,2019-01-29T01:45:00Z,611.0,0.061413566483859205,2019-01-29T15:27:32.4430084Z,155.04274,0.2895430356930334
2019-01-29 07:32:39.602007,2019-01-29T15:32:32.0190124Z,0.8154874013744811,2019-01-29T15:31:28.8110046Z,101,0.186383277873728,2019-01-29T01:45:00Z,611.0,0.061413566483859205,2019-01-29T15:32:32.0190124Z,270.2594,0.023306213042331714
2019-01-29 07:37:40.707038,2019-01-29T15:37:32.1070098Z,0.8154874013744811,2019-01-29T15:31:28.8110046Z,101,0.186383277873728,2019-01-29T01:45:00Z,611.0,0.061413566483859205,2019-01-29T15:37:32.1070098Z,204.61441,0.10730386998385943
2019-01-29 07:42:41.800041,2019-01-29T15:42:32.4630126Z,0.8154874013744811,2019-01-29T15:41:28.8680114Z,81,0.27439620214609917,2019-01-29T01:45:00Z,611.0,0.061413566483859205,2019-01-29T15:42:32.4630126Z,206.789825,0.10227824516408657
2019-01-29 07:47:42.855924,2019-01-29T15:47:32.228012Z,0.8154874013744811,2019-01-29T15:41:28.8680114Z,81,0.27439620214609917,2019-01-29T01:45:00Z,611.0,0.061413566483859205,2019-01-29T15:47:32.228012Z,220.6931,0.07484040295363015
2019-01-29 07:52:43.938987,2019-01-29T15:52:32.1890106Z,0.8154874013744811,2019-01-29T15:51:28.875Z,83,0.26452974576412414,2019-01-29T01:45:00Z,611.0,0.061413566483859205,2019-01-29T15:52:32.1890106Z,201.117065,0.11583878001334735
2019-01-29 07:57:44.984524,2019-01-29T15:57:32.6920013Z,0.8154874013744811,2019-01-29T15:51:28.875Z,83,0.26452974576412414,2019-01-29T01:45:00Z,611.0,0.061413566483859205,2019-01-29T15:57:32.6920013Z,211.45192,0.09220593076001427
2019-01-29 08:02:45.953202,2019-01-29T16:02:33.0450134Z,0.8154874013744811,2019-01-29T16:01:28.8980102Z,75,0.30532758539636196,2019-01-29T01:45:00Z,611.0,0.061413566483859205,2019-01-29T16:02:33.0450134Z,187.865265,0.15367792036042205
