timestamp,AP.Campus Wide WIFI Count,Campus_Total_Electricity_Demand,AP.HARING_Total_Count,Haring_Hall_TOTAL/Electricity_Demand
7/1/2019 0:00,1229.25,23423.91624,0,168.5403133
7/1/2019 0:10,1223,23316.22218,0,168.2111749
7/1/2019 0:20,1222.5,23306.72453,0,166.5710324
7/1/2019 0:30,1200.5,23272.44507,0,167.8952271
7/1/2019 0:40,1190.5,23245.64633,0,167.3986197
7/1/2019 0:50,1176.5,23080.52291,0,166.2242866
7/1/2019 1:00,1172.75,22883.7797,0,163.5499134
7/1/2019 1:10,1165.5,22866.07993,0,166.7254219
7/1/2019 1:20,1153.5,22924.62338,0,166.3819546
7/1/2019 1:30,1151.25,22862.10218,0,169.1792375
7/1/2019 1:40,1130.75,22867.26347,0,164.7631073
7/1/2019 1:50,1116.75,22820.73982,0,163.9924515
7/1/2019 2:00,1127.5,22450.77393,0,167.2620965
7/1/2019 2:10,1124.5,20422.73555,0,165.8422103
7/1/2019 2:20,1124.25,20028.07858,0,163.174266
7/1/2019 2:30,1116.75,20398.41588,0,168.5002738
7/1/2019 2:40,1097.5,20514.37104,0,167.9793288
7/1/2019 2:50,1093.5,20492.01477,0,163.943179
7/1/2019 3:00,1086.25,20506.76274,0,165.5876935
7/1/2019 3:10,1092,20384.56025,0,159.999682
7/1/2019 3:20,1092.75,20702.649,0,163.6084791
7/1/2019 3:30,1092,21230.17524,0,160.3608277
7/1/2019 3:40,1098,21215.42743,0,171.2731977
7/1/2019 3:50,1105.25,21103.08457,0,165.5067175
7/1/2019 4:00,1108.5,20737.9438,0,159.5157182
7/1/2019 4:10,1106,20508.64284,0,161.0523584
7/1/2019 4:20,1101.25,20526.89137,0,165.4322558
7/1/2019 4:30,1107.5,20306.43866,0,160.6657939
7/1/2019 4:40,1110.25,20171.51724,0,159.7946878
7/1/2019 4:50,1119,20201.19717,0,163.0509781
7/1/2019 5:00,1124.5,20689.16078,0,160.8243012
7/1/2019 5:10,1137.75,20869.79782,0,163.0964566
7/1/2019 5:20,1143.5,20853.79621,0,162.4562956
7/1/2019 5:30,1151.5,21049.68592,0.01170585,161.6650607
7/1/2019 5:40,1175,21026.4618,0.94507126,160.64157
7/1/2019 5:50,1216.5,20900.18675,0.04340873,161.0240139
7/1/2019 6:00,1268,21491.55937,0,161.2329376
7/1/2019 6:10,1309.75,21571.59295,0.011539294,159.6456804
7/1/2019 6:20,1356.5,21611.01573,0.956391525,164.725668
7/1/2019 6:30,1444.5,21928.66851,1.011433786,161.1337793
7/1/2019 6:40,1543.75,22218.8913,1.956192875,159.2460233
7/1/2019 6:50,1618,22385.55924,2.093431339,165.2993353
7/1/2019 7:00,1750,23015.97587,3.952715013,163.0341315
7/1/2019 7:10,1901,23058.32969,4.967249221,160.1751436
7/1/2019 7:20,2073.5,23158.06301,5.978478813,169.0265062
7/1/2019 7:30,2294,23592.60812,8.683992009,173.3639812
7/1/2019 7:40,2628.5,23351.89311,5.266390965,169.2346397
7/1/2019 7:50,3212.25,23976.80076,12.58937748,170.5296187
7/1/2019 8:00,4156.25,24562.60319,8.277775658,176.0660959
7/1/2019 8:10,5036.25,24814.67671,12.76630524,176.5937893
7/1/2019 8:20,5572.25,25253.45045,12.06650733,182.0058706
7/1/2019 8:30,6159.75,25381.25821,13.86681621,183.979582
7/1/2019 8:40,6720.5,25695.79887,10.2154993,187.6997746
7/1/2019 8:50,7383.75,25885.29222,14.58715098,187.0846462
7/1/2019 9:00,8328,26040.04746,18.78755184,187.9570932
7/1/2019 9:10,9014.25,26255.51383,16.17823452,184.7058902
7/1/2019 9:20,9537,26514.79272,19.81933969,181.107534
7/1/2019 9:30,10145.25,26780.02892,19.94642591,183.757624
7/1/2019 9:40,10793.5,26812.95902,15.55633802,184.15531
7/1/2019 9:50,11271,27140.65284,43.72940948,185.2763585
7/1/2019 10:00,12237.5,27270.6233,27.47094618,188.3478724
7/1/2019 10:10,12889.5,27451.8273,17.39317634,182.7047674
7/1/2019 10:20,13195.25,27664.47183,11.31605733,186.1901473
7/1/2019 10:30,13577,27824.3032,14.8065031,193.8043246
7/1/2019 10:40,13783.25,27971.68034,14.3607438,186.6168177
7/1/2019 10:50,14001,28913.48962,20.83629427,188.4875723
7/1/2019 11:00,14392.75,30293.02794,25.69746059,190.330877
7/1/2019 11:10,14655.25,30804.88669,19.4134516,184.8673687
7/1/2019 11:20,14698.75,30846.49815,20.93826282,182.8470037
7/1/2019 11:30,14813.5,30935.36386,21.04059508,186.5229691
7/1/2019 11:40,14919.25,31079.24984,25.0771789,186.9009151
7/1/2019 11:50,15026,31116.51768,49.63942761,186.7882065
7/1/2019 12:00,15058.5,31429.0596,36.59895029,185.610044
7/1/2019 12:10,15141.25,32565.53689,26.35734006,178.0009191
7/1/2019 12:20,14842,31958.76594,15.55492879,179.7339514
7/1/2019 12:30,14686,31224.6159,18.80223878,182.132264
7/1/2019 12:40,14572.25,31339.30046,18.05685923,182.9739107
7/1/2019 12:50,14541.25,31467.71047,19.02145815,180.9728693
7/1/2019 13:00,14750.75,31607.26617,25.74763085,189.4143561
7/1/2019 13:10,15021.5,31726.47017,33.54387094,190.6452383
7/1/2019 13:20,15032.5,31854.11595,20.36796022,184.6818209
7/1/2019 13:30,15177.5,31948.61922,26.74650264,190.9038714
7/1/2019 13:40,15488.75,31956.25168,44.8249606,185.6530196
7/1/2019 13:50,15819.25,32080.23769,112.7885611,187.1480819
7/1/2019 14:00,15945.5,32016.30853,133.0459055,191.9676709
7/1/2019 14:10,16140.5,32210.86758,124.3742769,203.783905
7/1/2019 14:20,15962.75,32356.25804,113.5454182,194.5677251
7/1/2019 14:30,15752.5,32547.05402,114.9040518,191.6120925
7/1/2019 14:40,15699.25,32412.8917,114.8312954,188.2702066
7/1/2019 14:50,15592,32681.46543,98.05316992,187.5476956
7/1/2019 15:00,15464.25,33275.29329,116.0981215,191.1794642
7/1/2019 15:10,15308.5,33292.61155,123.5593334,189.9271726
7/1/2019 15:20,15274.5,33224.3834,113.5156578,191.9457161
7/1/2019 15:30,15198.5,33139.7004,111.1428811,186.4416797
7/1/2019 15:40,15072.25,32979.49696,115.7200622,184.7865188
7/1/2019 15:50,14863.25,32776.3892,112.4485639,181.1109699
7/1/2019 16:00,14604.25,32534.206,138.5847449,177.6115385
7/1/2019 16:10,14349,32935.3859,135.0227618,192.0143099
7/1/2019 16:20,13806,32765.98692,111.2581728,187.9915387
7/1/2019 16:30,13287.5,33528.19744,112.799001,183.113475
7/1/2019 16:40,12820,34391.65885,107.2876425,180.6547016
7/1/2019 16:50,12303,34421.40965,106.1809774,187.418306
7/1/2019 17:00,11756.75,33854.57396,120.1867195,181.4719843
7/1/2019 17:10,10963.75,33815.34158,112.6217008,186.7178289
7/1/2019 17:20,10292.25,33587.25483,28.36682581,180.2768467
7/1/2019 17:30,9401.5,33439.31567,15.00375498,180.0141794
7/1/2019 17:40,8543.75,33120.0794,17.78325324,183.0656933
7/1/2019 17:50,7989,33072.22723,16.17704142,178.4931895
7/1/2019 18:00,7388.75,32586.32253,24.60954271,190.5150653
7/1/2019 18:10,6623.75,32274.32706,31.54721925,182.903626
7/1/2019 18:20,6086.5,32100.70808,15.72712426,192.510544
7/1/2019 18:30,5472.75,31841.11145,11.09187211,183.0538882
7/1/2019 18:40,4907.5,31747.05057,4.352874561,186.9654517
7/1/2019 18:50,4496.75,31410.11801,4.025046904,183.9509545
7/1/2019 19:00,4105.5,31090.0757,6.856616272,187.5390197
7/1/2019 19:10,3834.25,30951.81634,7.924510478,182.5168004
7/1/2019 19:20,3697.5,30800.68962,5.15189714,172.760467
7/1/2019 19:30,3502.5,30498.16559,5,181.2112034
7/1/2019 19:40,3318.75,30344.07001,5.008209576,172.0244328
7/1/2019 19:50,3167,30003.18862,5.957238424,170.2631055
7/1/2019 20:00,3040,29421.01413,7.113213883,172.8367255
7/1/2019 20:10,2934.75,29559.21786,10.8071054,179.3577272
7/1/2019 20:20,2833.5,29391.37181,4.350724682,170.698054
7/1/2019 20:30,2742.5,29257.52648,3.043323405,174.6967356
7/1/2019 20:40,2680,29183.96932,2.059389046,176.6450064
7/1/2019 20:50,2619.25,29165.92829,2.932619732,172.2277243
7/1/2019 21:00,2527.25,28923.92832,1.103264215,175.2883135
7/1/2019 21:10,2443.5,28833.06841,1,174.6335093
7/1/2019 21:20,2323.25,28779.65413,0.992240133,169.1445308
7/1/2019 21:30,2228.5,28638.55495,0.059782435,172.2017956
7/1/2019 21:40,2193.75,28418.89163,0.947826586,170.179861
7/1/2019 21:50,2260,28250.5937,1.007632623,172.5043334
7/1/2019 22:00,2212.25,27688.13021,1.940003521,171.9460086
7/1/2019 22:10,2044,27573.88003,1.052514702,171.1914771
7/1/2019 22:20,1868.75,27545.09667,1,168.9615172
7/1/2019 22:30,1776.25,27671.38851,1,169.5180211
7/1/2019 22:40,1741,27701.92128,1,169.2762544
7/1/2019 22:50,1711.75,27421.88319,0.992579496,170.6871296
7/1/2019 23:00,1690.25,27152.50664,0.052940511,174.746785
7/1/2019 23:10,1643,26759.0084,0,169.7534921
7/1/2019 23:20,1565.75,26522.88498,0,167.872138
7/1/2019 23:30,1549.25,26383.97907,0,169.4088567
7/1/2019 23:40,1530.5,26344.03931,0,167.859808
7/1/2019 23:50,1505.25,26168.43429,0,169.5111358
7/2/2019 0:00,1491.5,25723.04078,0,172.3999308
7/2/2019 0:10,1478.5,25623.56536,0,172.4660881
7/2/2019 0:20,1458.75,25560.77638,0,169.0991252
7/2/2019 0:30,1457.25,25327.37148,0,167.0679195
7/2/2019 0:40,1445.75,25264.48794,0,168.8584705
7/2/2019 0:50,1437.25,25216.68477,0,165.5107437
7/2/2019 1:00,1413.5,25091.08518,0,168.6306532
7/2/2019 1:10,1411,25006.03541,0,168.6324243
7/2/2019 1:20,1390.5,24910.53515,0,166.3544047
7/2/2019 1:30,1381,24641.54962,0,165.2132566
7/2/2019 1:40,1349.5,24414.2609,0,167.9349586
7/2/2019 1:50,1316.5,24273.33334,0,165.2948715
7/2/2019 2:00,1297.75,24254.4083,0,167.0026363
7/2/2019 2:10,1287.25,24410.67393,0,166.532433
7/2/2019 2:20,1268.5,24302.30956,0,167.9053522
7/2/2019 2:30,1272,24102.09359,0,168.4111159
7/2/2019 2:40,1280.25,23946.76051,0,169.3567892
7/2/2019 2:50,1268.75,23604.14455,0,165.3580498
7/2/2019 3:00,1256.25,22940.73398,0,166.4167744
7/2/2019 3:10,1255.75,20581.49919,0,168.1563024
7/2/2019 3:20,1250.25,20689.04955,0,168.9176725
7/2/2019 3:30,1259.75,20683.50669,0,169.0104705
7/2/2019 3:40,1270.25,20550.18515,0,162.9726513
7/2/2019 3:50,1270.75,20515.40518,0,166.5938269
7/2/2019 4:00,1263.5,20325.53836,0,167.740236
7/2/2019 4:10,1257.5,20358.45295,0,162.7347467
7/2/2019 4:20,1250.75,20320.73316,0,159.3955366
7/2/2019 4:30,1251.25,20469.65132,0,160.3333884
7/2/2019 4:40,1253.5,20623.45492,0,165.7217339
7/2/2019 4:50,1263,20641.31109,0,163.2783413
7/2/2019 5:00,1254.75,20858.42736,0,161.3406066
7/2/2019 5:10,1275.75,20857.72959,0,162.4847523
7/2/2019 5:20,1279.25,20927.94501,0,163.0792856
7/2/2019 5:30,1294.5,20954.93391,0.006010183,161.0094147
7/2/2019 5:40,1311.5,21178.04346,0.948982375,165.1155258
7/2/2019 5:50,1339.75,21210.33162,1.942919925,165.4084137
7/2/2019 6:00,1418,21630.22162,2.005929514,166.7109898
7/2/2019 6:10,1470.25,21661.73898,2.942754645,163.9093157
7/2/2019 6:20,1534.75,21648.90342,3.0117271,164.4260205
7/2/2019 6:30,1593,21947.22951,4.885097877,160.0526428
7/2/2019 6:40,1678.5,22102.15492,4.988414412,167.0856267
7/2/2019 6:50,1767.5,22339.68631,3.138368917,166.8260749
7/2/2019 7:00,1942.25,22924.32303,6.757478751,166.263696
7/2/2019 7:10,2161.25,23179.76565,5.121401146,167.8038181
7/2/2019 7:20,2386,23608.35169,5.941990124,168.6950669
7/2/2019 7:30,2657,24064.83339,6.016825976,169.7081433
7/2/2019 7:40,3086.5,24592.74159,8.83073468,173.597239
7/2/2019 7:50,3691,24919.70617,9.952707646,178.0081597
7/2/2019 8:00,4747.25,25696.79106,11.86650266,183.2946519
7/2/2019 8:10,5598.5,26024.37288,9.170406728,182.5903576
7/2/2019 8:20,6118.25,26386.19282,8.075018814,180.2269263
7/2/2019 8:30,6629.5,26687.6852,10.83436996,180.2295857
7/2/2019 8:40,7168.75,26626.85524,12.93037073,179.4600171
7/2/2019 8:50,7844,26997.63525,21.48427242,188.5980067
7/2/2019 9:00,8776,27271.02494,24.84884089,191.7661985
7/2/2019 9:10,9612.25,27569.97129,29.7245026,187.415844
7/2/2019 9:20,10231,27709.0376,33.76228572,187.7212788
7/2/2019 9:30,10905.5,28094.9956,34,188.1437561
7/2/2019 9:40,11466.25,28223.82848,34.10418486,187.1599934
7/2/2019 9:50,12127,28494.05587,52.73585874,185.7547952
7/2/2019 10:00,13314,28649.0191,40.8005756,193.3653248
7/2/2019 10:10,13967.5,28821.57529,33.43438508,185.3582237
7/2/2019 10:20,14295.75,29035.39695,35.76964789,186.755921
7/2/2019 10:30,14632.75,29041.23881,26.57604525,184.456602
7/2/2019 10:40,14816.5,29147.59444,21.33600075,184.5741398
7/2/2019 10:50,15078,29483.6429,27.57804954,187.468032
7/2/2019 11:00,15535.75,29564.2846,28.02966468,194.1219021
7/2/2019 11:10,15695.5,29561.93217,33.57323049,190.9628003
7/2/2019 11:20,15666.5,29796.43207,21.80222255,191.5647429
7/2/2019 11:30,15666,29820.7544,23.83239042,187.0167142
7/2/2019 11:40,15592,29941.43101,26.87892089,191.4201597
7/2/2019 11:50,15450,29980.91714,43.89540052,201.7788381
7/2/2019 12:00,15391,30145.88051,40.26513576,197.6142994
7/2/2019 12:10,15316.75,30099.31906,20.24827695,186.9234041
7/2/2019 12:20,15114.75,30038.29358,12.43264654,189.5152089
7/2/2019 12:30,14791.25,30166.81796,12.93875252,195.9468324
7/2/2019 12:40,14666.5,30331.72524,13,194.1012161
7/2/2019 12:50,14758.75,30366.82106,13.02331125,199.8579854
7/2/2019 13:00,15108.5,30734.98181,17.68792944,195.9889555
7/2/2019 13:10,15619,30758.67825,17.06618167,206.6744047
7/2/2019 13:20,15922,30859.07991,17.93371546,204.848838
7/2/2019 13:30,15990.5,30768.90117,17.0481375,194.3023178
7/2/2019 13:40,16034.75,30862.47945,14.20823775,207.5576406
7/2/2019 13:50,16082.5,31720.13544,18.82432162,203.062615
7/2/2019 14:00,16223.5,32384.71105,47.091112,187.4132349
7/2/2019 14:10,16605.5,32498.57802,39.55850299,191.1810868
7/2/2019 14:20,16571,32494.50718,25.8303759,196.361886
7/2/2019 14:30,16360.75,32524.05349,16.7287104,202.1122127
7/2/2019 14:40,16260.5,32755.84305,20.76567677,197.1066641
7/2/2019 14:50,16168.5,32361.9613,15.46248266,211.5447451
7/2/2019 15:00,16139.55804,32124.4353,33.72467012,188.2717577
7/2/2019 15:10,16310.67871,32236.31781,30.330853,188.2131707
7/2/2019 15:20,16196.33333,32294.32867,34.26165448,190.4238377
7/2/2019 15:30,15932.66667,32999.49765,35.99763173,190.8501369
7/2/2019 15:40,15721.75,35917.81217,42.56920551,190.4931273
7/2/2019 15:50,15304,36575.24174,45.96216166,186.8055782
7/2/2019 16:00,14910.75,36526.63426,80.5636989,181.7476813
7/2/2019 16:10,14398.25,36468.52033,63.22690258,185.405219
7/2/2019 16:20,13694.25,36480.36208,36.66850199,174.7547403
7/2/2019 16:30,12923.75,36193.06843,22.8024016,181.1244295
7/2/2019 16:40,12255.75,35956.37321,15.45154931,182.8787523
7/2/2019 16:50,11604.5,35893.46632,15.98339244,183.0996556
7/2/2019 17:00,10971,35561.128,27.25320849,174.8441999
7/2/2019 17:10,10225.25,35186.64973,33.52456447,177.117508
7/2/2019 17:20,9265.75,35216.24744,12.49310527,177.9266533
7/2/2019 17:30,8464.75,35240.02408,13.79104324,171.721752
7/2/2019 17:40,7793.5,35065.91101,10.27763145,168.4667353
7/2/2019 17:50,7199.25,34636.50326,14.71140391,179.2441438
7/2/2019 18:00,6747.5,34426.89302,23.42842177,174.8921905
7/2/2019 18:10,6187.75,33787.90559,26.74502958,168.6763354
7/2/2019 18:20,5639,33793.33727,12.06185543,171.9975838
7/2/2019 18:30,5272,33857.31586,16.57244047,169.3113809
7/2/2019 18:40,4948.5,33410.59496,7.651780362,174.3666172
7/2/2019 18:50,4660.75,33480.83657,7.025683002,171.1748322
7/2/2019 19:00,4490,32732.78461,13.50932879,166.5450122
7/2/2019 19:10,4372.75,32607.64957,5.591764631,164.7429586
7/2/2019 19:20,4154.25,32316.0435,5.941798365,171.1387025
7/2/2019 19:30,3966,32167.18502,7.872382166,169.7483543
7/2/2019 19:40,3765,31887.35039,8.934273834,169.0835107
7/2/2019 19:50,3550,31749.8365,9.007032904,171.0719219
7/2/2019 20:00,3385.75,31163.94704,10.87142982,168.6922505
7/2/2019 20:10,3267,31082.88526,11.90604868,168.521679
7/2/2019 20:20,3134.5,31042.95325,4.526132579,169.8090958
7/2/2019 20:30,3014.25,31034.10561,3.069717904,172.4980731
7/2/2019 20:40,2881,31039.40133,3.923381838,171.9875927
7/2/2019 20:50,2738,30859.11536,1.203366305,167.4427439
7/2/2019 21:00,2611.25,30691.60975,1.933119228,167.739478
7/2/2019 21:10,2485.5,30495.30155,1.996732318,165.8756312
7/2/2019 21:20,2412.5,30131.79383,1.067113533,167.6551192
7/2/2019 21:30,2342.5,29971.43931,1,170.2422846
7/2/2019 21:40,2262.5,29996.93006,1.003206687,172.9535084
7/2/2019 21:50,2172.5,29894.97638,1.932589974,172.4069302
7/2/2019 22:00,2122,29498.30342,1.996839186,167.7720015
7/2/2019 22:10,2001.5,29315.06073,1.070760656,167.973005
7/2/2019 22:20,1884,29178.53936,1.929174757,169.381254
7/2/2019 22:30,1801.5,29058.31721,1.067872083,168.4201237
7/2/2019 22:40,1722,28780.05444,1,170.6817779
7/2/2019 22:50,1649.75,28783.61293,1,172.1763674
7/2/2019 23:00,1631.5,28368.14606,1,168.9405674
7/2/2019 23:10,1594.75,28198.27517,0.997013115,167.2759852
7/2/2019 23:20,1571.5,28090.02288,0.068428563,169.2513602
7/2/2019 23:30,1554.25,27930.17326,0,165.9079387
7/2/2019 23:40,1550.25,27759.83812,0,168.4930241
7/2/2019 23:50,1520.25,27542.9105,0,171.1263621
7/3/2019 0:00,1506.5,25925.56284,0,167.8687069
7/3/2019 0:10,1493.25,24114.06024,0.002889288,167.3982133
7/3/2019 0:20,1492.75,24184.0066,0.928240747,167.3599574
7/3/2019 0:30,1469.75,24059.67538,0.069056644,165.9899596
7/3/2019 0:40,1434.25,23851.94845,0,167.4707215
7/3/2019 0:50,1419.25,23656.24722,0,169.9812995
7/3/2019 1:00,1406.5,23271.88759,0,167.3406181
7/3/2019 1:10,1393.5,22932.02799,0,167.0113628
7/3/2019 1:20,1366,22365.79542,0.002722979,169.5339449
7/3/2019 1:30,1376,21844.04703,0.927578874,167.3315314
7/3/2019 1:40,1343.75,21255.97628,0.069839812,167.4893611
7/3/2019 1:50,1296.25,21204.97481,0,165.9315036
7/3/2019 2:00,1287,21182.99597,0,164.210725
7/3/2019 2:10,1280.75,21159.29005,0,163.696067
7/3/2019 2:20,1267.25,21228.02552,0,167.9770297
7/3/2019 2:30,1249,21168.1676,0,167.3770274
7/3/2019 2:40,1243.75,21163.51463,0,164.483647
7/3/2019 2:50,1245.75,21127.81341,0,164.7066906
7/3/2019 3:00,1247,21077.95634,0,166.0835912
7/3/2019 3:10,1236.25,20941.98534,0,164.213326
7/3/2019 3:20,1227.75,20877.00101,0,167.4483338
7/3/2019 3:30,1239,20911.05941,0,164.0745559
7/3/2019 3:40,1238.75,20886.41563,0,163.1782065
7/3/2019 3:50,1240.75,20717.35014,0,167.432983
7/3/2019 4:00,1251.5,20755.98622,0,164.8579251
7/3/2019 4:10,1256.25,20734.13165,0,166.0570637
7/3/2019 4:20,1255.75,20812.4389,0,168.8119846
7/3/2019 4:30,1250,20784.22121,0,168.0830573
7/3/2019 4:40,1254.25,20764.68732,0,166.3240934
7/3/2019 4:50,1263.25,20792.37264,0,165.5799217
7/3/2019 5:00,1288.5,21374.14881,0,164.9237071
7/3/2019 5:10,1288.5,21527.68639,0,162.2299512
7/3/2019 5:20,1282.25,21160.62586,0,165.0423351
7/3/2019 5:30,1298.25,20954.46121,0.006612315,170.5934316
7/3/2019 5:40,1333,21259.36554,2.782450147,164.3539962
7/3/2019 5:50,1365.25,21125.0958,2.993493572,164.9194694
7/3/2019 6:00,1440.75,21483.94937,0.218166469,167.1469066
7/3/2019 6:10,1494,21762.05524,0.002127162,160.3228623
7/3/2019 6:20,1534.75,21811.03994,0.927030324,162.1811479
7/3/2019 6:30,1582.75,22123.6324,1.002093978,164.3756385
7/3/2019 6:40,1667.75,22354.54783,1.931003916,163.1209987
7/3/2019 6:50,1787.25,22620.37001,3.855549062,169.3758601
7/3/2019 7:00,1951.5,23403.46191,4.930754771,172.3803412
7/3/2019 7:10,2162.25,23387.16308,6.848983107,167.3898485
7/3/2019 7:20,2326,23797.73345,5.15520768,169.3745019
7/3/2019 7:30,2632.25,24282.62639,8.704985722,170.9859648
7/3/2019 7:40,3002.5,24519.98204,9.009891261,173.0917272
7/3/2019 7:50,3611.25,24901.43236,13.62669867,180.4741756
7/3/2019 8:00,4637.5,25276.19617,12.15771256,187.5019904
7/3/2019 8:10,5494.75,25876.36655,16.61586624,178.9745793
7/3/2019 8:20,6071.5,26272.36539,10.51847778,184.2093166
7/3/2019 8:30,6554.25,26458.69459,9.074460182,181.1132416
7/3/2019 8:40,7052.5,27005.62401,9.009189111,176.7269473
7/3/2019 8:50,7691.25,27356.65501,13.62988746,180.1902812
7/3/2019 9:00,8654.5,27802.28518,15.83936974,188.7134143
7/3/2019 9:10,9289.75,27890.58659,10.46102048,183.6260685
7/3/2019 9:20,9732,28028.34415,15.55051184,179.9772672
7/3/2019 9:30,10428,28061.72744,16.92464795,179.9394913
7/3/2019 9:40,11002,28311.79193,17.02406418,179.1120794
7/3/2019 9:50,11627,28520.53455,29.93264112,181.829061
7/3/2019 10:00,12580.5,28827.00698,25.44554936,186.9433529
7/3/2019 10:10,13226,28869.69026,20.37255639,183.9448438
7/3/2019 10:20,13469,28932.29934,16.29723472,185.1007815
7/3/2019 10:30,13640.75,29057.10433,12.30909088,185.6635609
7/3/2019 10:40,13957,29338.54686,14.78122652,187.9546886
7/3/2019 10:50,14281.75,29515.07323,20.55052642,185.6108896
7/3/2019 11:00,14636.25,29876.57543,25.60406602,191.2134972
7/3/2019 11:10,14809,30119.2384,17.69288854,183.3000164
7/3/2019 11:20,14895.5,30111.93587,19.7672719,182.648101
7/3/2019 11:30,14828.75,30041.85536,18.16094474,188.4954836
7/3/2019 11:40,14740.5,30093.29628,22.63766538,186.1073034
7/3/2019 11:50,14545.5,30280.86408,35.92713848,188.8783812
7/3/2019 12:00,14629.25,30479.28985,38.81921547,191.3175167
7/3/2019 12:10,14684,30381.1181,22.37256869,184.956261
7/3/2019 12:20,14462.25,30383.65218,11.77645064,182.57584
7/3/2019 12:30,14242,30527.44053,13.76792063,193.1423914
7/3/2019 12:40,14145,30402.00403,13.9985805,186.9959193
7/3/2019 12:50,14159,30097.29125,13.08604289,187.0800149
7/3/2019 13:00,14323,30565.84832,18.53722046,208.3059821
7/3/2019 13:10,14595.75,31830.81376,23.01270065,190.4994746
7/3/2019 13:20,14611.5,32679.61807,20.23315001,193.8993336
7/3/2019 13:30,14538.5,32963.8089,20.94663158,190.3284312
7/3/2019 13:40,14524.5,32821.82028,20.09542272,189.1762297
7/3/2019 13:50,14434.25,33122.6229,32.00933197,197.5773201
7/3/2019 14:00,14464.5,33152.77354,52.3366078,193.6341766
7/3/2019 14:10,14642,33176.17696,42.91708904,196.0415435
7/3/2019 14:20,14425.5,33184.31842,23.5711289,187.9045828
7/3/2019 14:30,14198.5,33188.85968,21.98995651,186.7729675
7/3/2019 14:40,14123.75,33271.20084,14.63329084,192.4418528
7/3/2019 14:50,14010.5,33153.28138,15.84682777,195.7949569
7/3/2019 15:00,13956.5,33095.50619,18.13738663,187.6454938
7/3/2019 15:10,13760.5,33009.75046,25.56278961,198.3517914
7/3/2019 15:20,13495,32993.39528,14.85437162,187.0101692
7/3/2019 15:30,13166.25,33028.896,10.22008446,189.2962544
7/3/2019 15:40,12924.25,34321.95297,16.44674292,192.839871
7/3/2019 15:50,12635.75,35830.64635,20.70879367,185.5333938
7/3/2019 16:00,12205.75,36271.58467,44.00651535,184.0149159
7/3/2019 16:10,11762.5,36254.10694,48.65490184,191.2356233
7/3/2019 16:20,11319.75,36095.1664,22.42907093,198.3049978
7/3/2019 16:30,10794.25,36020.95719,15.55503917,193.4129307
7/3/2019 16:40,10316.5,35982.70572,12.10490787,188.5915017
7/3/2019 16:50,9897.75,35951.3286,16.84544661,192.1366178
7/3/2019 17:00,9540.5,35762.78838,19.77271601,203.3525981
7/3/2019 17:10,9061.5,35545.05103,26.76478474,206.0741937
7/3/2019 17:20,8342,35462.42216,15.0463161,190.8142585
7/3/2019 17:30,7620,35381.88611,12.06190876,188.1773845
7/3/2019 17:40,7064.75,35265.40686,10.17192948,189.5573088
7/3/2019 17:50,6495.75,35098.80832,14.86010186,201.0362211
7/3/2019 18:00,5935,34470.23016,25.65742594,197.2977861
7/3/2019 18:10,5345.5,34162.25487,32.74452897,193.8775379
7/3/2019 18:20,4817.75,33917.71238,18.46496102,189.4949428
7/3/2019 18:30,4372.75,33790.26124,6.389415773,184.0239612
7/3/2019 18:40,4059,33669.81131,4.161716002,199.5695363
7/3/2019 18:50,3855,33684.91162,3.045336872,200.7776176
7/3/2019 19:00,3626,33406.93942,9.781112618,189.830629
7/3/2019 19:10,3454.5,33035.7643,15.78467063,185.7640505
7/3/2019 19:20,3253,32639.76206,6.325315178,195.6249548
7/3/2019 19:30,3027,32350.96,3.09961204,201.0507073
7/3/2019 19:40,2849,32012.70346,3,189.205324
7/3/2019 19:50,2682.75,31815.11456,3.008214808,188.1399102
7/3/2019 20:00,2564.5,31152.38468,7.833971412,196.0572247
7/3/2019 20:10,2421.25,31025.34148,8.958424761,187.2515107
7/3/2019 20:20,2252.75,30893.21121,4.162491396,185.8263619
7/3/2019 20:30,2180.25,30845.51468,0.136992843,187.5436879
7/3/2019 20:40,2105.5,30824.70554,0.964509148,195.1367893
7/3/2019 20:50,2050.75,30849.90101,0.035609394,185.7937582
7/3/2019 21:00,2031.5,30515.76087,0.967243258,186.7639413
7/3/2019 21:10,1990.5,30161.69095,1.964887163,183.6028502
7/3/2019 21:20,1929.25,29728.23539,1.083780009,184.2447101
7/3/2019 21:30,1847.25,29587.62248,1,186.7577708
7/3/2019 21:40,1770,29284.48314,1.00133713,191.656021
7/3/2019 21:50,1724,28861.55445,1.965057854,187.0226276
7/3/2019 22:00,1660.75,28642.70239,1.998702073,186.2146003
7/3/2019 22:10,1601,28558.48386,1.035186273,186.9604969
7/3/2019 22:20,1572.5,28523.54364,1,180.8814778
7/3/2019 22:30,1543,28471.21677,1,184.6579376
7/3/2019 22:40,1498.25,28216.35027,0.999393095,184.5952127
7/3/2019 22:50,1461.25,28080.07235,0.086222723,185.1035939
7/3/2019 23:00,1444,27715.54696,0.963034129,185.2554917
7/3/2019 23:10,1443.5,27551.76564,0.035676733,181.5729927
7/3/2019 23:20,1429.25,27171.75664,0,182.8790435
7/3/2019 23:30,1406,25667.50696,0,182.872035
7/3/2019 23:40,1377,24328.3822,0,181.1870649
7/3/2019 23:50,1337.75,24164.01097,0,182.7502623
7/4/2019 0:00,1327.5,23776.42747,0,182.5789585
7/4/2019 0:10,1311.5,23540.80253,0,181.1634349
7/4/2019 0:20,1283.75,23539.27647,0,182.5095203
7/4/2019 0:30,1254.75,23481.64042,0,181.5032994
7/4/2019 0:40,1247.75,23429.20126,0,181.4142914
7/4/2019 0:50,1236.75,23254.04157,0,182.3707343
7/4/2019 1:00,1239.75,23109.92808,0,181.3801296
7/4/2019 1:10,1231.5,22609.36641,0,177.9502427
7/4/2019 1:20,1215.25,22141.29422,0,179.467604
7/4/2019 1:30,1205,20883.64707,0,182.1324551
7/4/2019 1:40,1190.25,20912.30495,0,176.3520876
7/4/2019 1:50,1170.25,20889.40975,0,180.097923
7/4/2019 2:00,1159.75,20772.90345,0,177.0009232
7/4/2019 2:10,1154.5,20655.17802,0,176.5784183
7/4/2019 2:20,1148,20541.37447,0,182.4734158
7/4/2019 2:30,1147.5,20630.09057,0,184.8330435
7/4/2019 2:40,1147.25,20551.91266,0,179.8394994
7/4/2019 2:50,1135.25,20519.32093,0,179.4317667
7/4/2019 3:00,1138.25,20536.08488,0,177.9582001
7/4/2019 3:10,1139.5,20479.012,0,176.4448822
7/4/2019 3:20,1136.75,20459.98842,0,178.3291698
7/4/2019 3:30,1137.5,20175.28305,0,181.6539768
7/4/2019 3:40,1143.25,20131.18649,0,180.3986891
7/4/2019 3:50,1145,20186.58117,0,180.0938516
7/4/2019 4:00,1138.25,20188.50413,0,179.9890067
7/4/2019 4:10,1133.75,20252.18076,0,175.2897919
7/4/2019 4:20,1141.25,20389.80376,0,178.8533622
7/4/2019 4:30,1138.75,20364.06336,0,181.6465374
7/4/2019 4:40,1136.25,20113.21631,0,175.8417193
7/4/2019 4:50,1129.25,20150.73969,0,177.3114165
7/4/2019 5:00,1127,20257.61781,0,174.2833636
7/4/2019 5:10,1116.25,20280.91663,0,172.7870441
7/4/2019 5:20,1104.75,20299.69188,0,180.0195814
7/4/2019 5:30,1120.75,20382.70501,0,174.6532872
7/4/2019 5:40,1116.25,20404.47402,0,172.5824834
7/4/2019 5:50,1109.25,20396.9979,0,172.5321635
7/4/2019 6:00,1148.5,20546.54898,0,172.8650116
7/4/2019 6:10,1151.5,20594.43349,0,172.2253523
7/4/2019 6:20,1150,20619.24757,0,174.1856745
7/4/2019 6:30,1158.25,20542.59393,0,173.8070857
7/4/2019 6:40,1163,20654.65611,0,168.9722384
7/4/2019 6:50,1163,20734.06388,0,170.8490546
7/4/2019 7:00,1192.25,21077.35691,0,171.5888826
7/4/2019 7:10,1218.5,20975.26197,0,169.6829716
7/4/2019 7:20,1241.25,21044.66334,0,175.4978382
7/4/2019 7:30,1257.5,21122.65373,0,177.4253179
7/4/2019 7:40,1274.5,21097.20549,0,174.1772486
7/4/2019 7:50,1300,21294.13915,0,176.0495563
7/4/2019 8:00,1321.5,21555.98498,0,177.1458863
7/4/2019 8:10,1360.75,21848.95892,0,174.5916374
7/4/2019 8:20,1395.25,22055.01951,0,178.5672474
7/4/2019 8:30,1440.25,22174.83588,0,177.932845
7/4/2019 8:40,1504.75,22255.04001,0.000306268,174.0634977
7/4/2019 8:50,1565.75,22312.58091,0.957224564,176.574855
7/4/2019 9:00,1679.75,22687.08207,0.042661683,174.6577265
7/4/2019 9:10,1785.5,22730.21839,0,172.3165408
7/4/2019 9:20,1832.5,22847.32466,0,175.2642761
7/4/2019 9:30,1888.75,22989.80272,0,178.2951656
7/4/2019 9:40,1941.25,23125.24953,0,176.8711369
7/4/2019 9:50,2005.5,23262.36824,0,180.7904425
7/4/2019 10:00,2095,23414.62241,0,178.1613456
7/4/2019 10:10,2140.5,23627.35938,0,173.3936399
7/4/2019 10:20,2185.5,23754.42218,0,175.2634843
7/4/2019 10:30,2250.25,24026.55739,0.000197732,174.845474
7/4/2019 10:40,2286.75,24212.56856,0.956094764,175.9792683
7/4/2019 10:50,2312.25,24362.61142,0.999819006,179.3855646
7/4/2019 11:00,2333.25,24453.47974,0.044166017,180.3055522
7/4/2019 11:10,2360.75,24538.14224,0.000335901,178.841218
7/4/2019 11:20,2354.75,24703.88351,1.910905252,182.6744413
7/4/2019 11:30,2364.75,24641.62896,0.08903053,179.5144301
7/4/2019 11:40,2377.5,24769.72932,0.000144949,177.599672
7/4/2019 11:50,2407.5,25643.59209,0.955085757,178.9822293
7/4/2019 12:00,2392.25,26455.73584,0.044842613,181.0397406
7/4/2019 12:10,2353.5,26702.2762,0,186.5658807
7/4/2019 12:20,2336.5,26800.32283,0,183.9562912
7/4/2019 12:30,2323,26888.77413,0.000115424,179.7089567
7/4/2019 12:40,2289,26834.7322,0.954574918,180.3240914
7/4/2019 12:50,2295.5,26932.03629,0.045481344,180.0095667
7/4/2019 13:00,2285.75,27043.80288,0.000101613,180.6541503
7/4/2019 13:10,2243,27071.18749,0.954306354,185.0714104
7/4/2019 13:20,2252.75,27251.52309,0.045756205,186.9674879
7/4/2019 13:30,2226.5,27181.66394,0,180.412584
7/4/2019 13:40,2232.5,27420.71106,7.20E-05,186.8392236
7/4/2019 13:50,2226.5,27412.82476,0.953634648,186.3869965
7/4/2019 14:00,2257.75,27370.23988,0.046466703,184.3037751
7/4/2019 14:10,2283.75,27512.73457,0.953498343,184.3242229
7/4/2019 14:20,2266.5,27517.79952,0.999944063,190.661444
7/4/2019 14:30,2255,27520.65663,0.046717619,187.1842807
7/4/2019 14:40,2246.5,27639.4985,0,187.7907058
7/4/2019 14:50,2248.75,27632.25883,4.20E-05,186.6429806
7/4/2019 15:00,2258.5,27588.22656,0.952845445,183.4891082
7/4/2019 15:10,2264,27783.1337,0.999963647,191.1001389
7/4/2019 15:20,2275.75,29744.69155,0.047348861,186.6550355
7/4/2019 15:30,2271.5,32016.18796,0,188.3654185
7/4/2019 15:40,2212.75,32259.27079,0,187.747455
7/4/2019 15:50,2198.5,33267.43386,1.14E-05,186.3862865
7/4/2019 16:00,2207.5,34228.29255,0.902110211,191.2501953
7/4/2019 16:10,2187.25,34133.5603,0.999983224,184.0595154
7/4/2019 16:20,2172.5,34287.747,0.04818178,188.9195306
7/4/2019 16:30,2152.25,34053.06354,0,186.1193632
7/4/2019 16:40,2124.5,34014.0254,0,188.3182464
7/4/2019 16:50,2087.5,34047.09617,8.62E-06,188.6518124
7/4/2019 17:00,2067,33736.67359,0.925694024,183.3035096
7/4/2019 17:10,2007.75,33727.87268,0.02440986,193.771982
7/4/2019 17:20,1923.5,33755.45532,0,190.8156504
7/4/2019 17:30,1863.75,33810.74949,0,182.3249231
7/4/2019 17:40,1811.5,34005.69331,0,189.4513302
7/4/2019 17:50,1774.25,33984.51048,9.90E-07,196.2009134
7/4/2019 18:00,1760.5,33681.37167,0.950445673,184.5626684
7/4/2019 18:10,1728.25,33735.29493,0.999999675,190.9405121
7/4/2019 18:20,1697.25,33635.23659,0.049761995,190.882441
7/4/2019 18:30,1650.75,33604.40781,0,186.5053835
7/4/2019 18:40,1595.5,33397.93654,0,187.4091495
7/4/2019 18:50,1579.25,33226.28702,0,187.9850066
7/4/2019 19:00,1553.5,33316.51864,0,193.2547878
7/4/2019 19:10,1527,33053.54093,0,186.0886893
7/4/2019 19:20,1498.5,31581.83191,0,189.1497441
7/4/2019 19:30,1461.75,31416.43572,0,186.3538469
7/4/2019 19:40,1438.25,31299.27936,0,190.7983731
7/4/2019 19:50,1424.5,31202.53814,0,180.1767243
7/4/2019 20:00,1409,31052.04489,0,195.1933075
7/4/2019 20:10,1376.5,29553.71032,0,189.5683645
7/4/2019 20:20,1361,29078.02357,0.948599993,188.4766169
7/4/2019 20:30,1367.25,29130.79778,1.948514989,190.5564568
7/4/2019 20:40,1359.75,28950.17155,0.103193359,189.345866
7/4/2019 20:50,1346.5,28793.20217,0,190.030799
7/4/2019 21:00,1331,28407.46732,0,186.6226129
7/4/2019 21:10,1313,28035.85325,0,187.3751356
7/4/2019 21:20,1296.75,27833.66094,0,182.7743455
7/4/2019 21:30,1309.75,26659.5097,0.931932453,185.6136622
7/4/2019 21:40,1295.75,25584.80062,0.068235876,188.1572126
7/4/2019 21:50,1267.25,25382.86119,0,184.6344529
7/4/2019 22:00,1248,25290.77789,0,182.2860334
7/4/2019 22:10,1244,25288.23578,0,185.9392935
7/4/2019 22:20,1245.75,25243.93598,0,184.071901
7/4/2019 22:30,1243.25,25014.09366,0,184.7172255
7/4/2019 22:40,1229.5,24829.84734,0.923371539,177.7706747
7/4/2019 22:50,1214.5,23821.27678,0.026745967,183.9529745
7/4/2019 23:00,1198.25,23589.53357,0,186.4739352
7/4/2019 23:10,1193.5,23502.87224,0,179.8064242
7/4/2019 23:20,1169.75,23391.95966,0,187.8139804
7/4/2019 23:30,1161.75,23273.18127,0,183.1833715
7/4/2019 23:40,1164.75,23096.48128,0,178.5923759
7/4/2019 23:50,1160.5,22974.90364,0,183.3342352
7/5/2019 0:00,1158.75,22910.0979,0,183.3572537
7/5/2019 0:10,1147.75,22887.76866,0,181.9135401
7/5/2019 0:20,1133.5,22669.1972,0,182.6954252
7/5/2019 0:30,1121.25,22559.94293,0,184.05464
7/5/2019 0:40,1121,22494.921,0,181.4941927
7/5/2019 0:50,1105.5,22389.50485,0,181.2595
7/5/2019 1:00,1103.75,22318.60273,0,184.4994164
7/5/2019 1:10,1091,22355.94654,0,179.5962647
7/5/2019 1:20,1094.5,22218.77414,0,182.0664702
7/5/2019 1:30,1084,22161.97648,0,181.7748498
7/5/2019 1:40,1086.5,22157.57673,0,181.193986
7/5/2019 1:50,1077,22054.24555,0,182.7260455
7/5/2019 2:00,1079,21919.49075,0,181.7565813
7/5/2019 2:10,1080.25,21792.85176,0,180.0557959
7/5/2019 2:20,1073,21746.9269,0,184.8402487
7/5/2019 2:30,1067.75,21552.20179,0,186.8421499
7/5/2019 2:40,1064,21484.61865,0,179.1747066
7/5/2019 2:50,1057.25,21422.3109,0,182.7474566
7/5/2019 3:00,1055.5,21332.88631,0,183.1768924
7/5/2019 3:10,1047.75,20986.59255,0,178.3604936
7/5/2019 3:20,1061.5,20519.65396,0,183.6246977
7/5/2019 3:30,1074,20474.52156,0,178.0578916
7/5/2019 3:40,1065.75,20346.28903,0,176.5775966
7/5/2019 3:50,1061.25,20221.00003,0,180.1973343
7/5/2019 4:00,1074.5,20237.08822,0,182.5088725
7/5/2019 4:10,1070,20375.73817,0,179.6905366
7/5/2019 4:20,1069.25,20439.4759,0,178.5581093
7/5/2019 4:30,1071.5,20541.29974,0,180.5789461
7/5/2019 4:40,1084.75,20492.3341,0,176.3926353
7/5/2019 4:50,1073.25,20269.33738,0,179.0664091
7/5/2019 5:00,1082.25,20867.93556,0,183.3574916
7/5/2019 5:10,1094.5,21032.16005,0,179.4654428
7/5/2019 5:20,1081.75,20978.95662,0,178.8988105
7/5/2019 5:30,1093,21065.96182,0,179.5479961
7/5/2019 5:40,1112.25,21113.04606,0,176.5903089
7/5/2019 5:50,1130.25,21186.23825,0,184.8780297
7/5/2019 6:00,1162.5,21531.26768,0,190.0946197
7/5/2019 6:10,1169,21619.38495,0.020589191,189.7205826
7/5/2019 6:20,1185.25,21674.77516,0.949624291,192.7827642
7/5/2019 6:30,1229.25,22061.54647,0.057210476,193.5920063
7/5/2019 6:40,1285.5,22148.49347,1.853551854,189.2788739
7/5/2019 6:50,1362,22229.93825,2.040669302,187.5415057
7/5/2019 7:00,1468.25,22697.3564,3.899121237,181.4390945
7/5/2019 7:10,1582.75,23191.30925,2.040182901,181.0511089
7/5/2019 7:20,1704,23364.9025,1.050451875,182.7666825
7/5/2019 7:30,1853.75,23506.17819,1.98976693,182.32379
7/5/2019 7:40,2018.5,23614.71443,3.069892138,187.1722911
7/5/2019 7:50,2345.75,24005.72652,7.84749144,179.6535789
7/5/2019 8:00,2862.25,24393.49527,7.920204319,180.4951488
7/5/2019 8:10,3410.75,24617.79981,4.162289563,178.7175976
7/5/2019 8:20,3700,24722.01841,5.879022382,176.3961493
7/5/2019 8:30,3994,24976.69588,3.092289648,178.164885
7/5/2019 8:40,4255.5,25350.62625,3.098577036,179.3463944
7/5/2019 8:50,4514,25466.27638,7.845406233,177.5666224
7/5/2019 9:00,4905.75,25674.22409,7.921538134,184.9152201
7/5/2019 9:10,5290.25,25847.82751,4.104617562,180.5384464
7/5/2019 9:20,5554.5,26242.1614,3.070126443,179.5270498
7/5/2019 9:30,5897.25,26648.29281,5.054805235,183.3182237
7/5/2019 9:40,6151.25,26691.88895,10.73523573,180.5330952
7/5/2019 9:50,6439.5,26874.03447,7.086180737,184.9381216
7/5/2019 10:00,6778.75,27196.48704,5.043355081,184.0067262
7/5/2019 10:10,7017.5,27501.41058,3.992887054,182.131971
7/5/2019 10:20,7197,27696.07883,2.082183637,181.963338
7/5/2019 10:30,7415,27945.66986,3.025829349,182.0310322
7/5/2019 10:40,7563.25,28270.44483,6.038645582,185.0055765
7/5/2019 10:50,7660.25,28565.17385,12.73991744,184.1191583
7/5/2019 11:00,7800.25,28737.87654,11.00662209,188.5315526
7/5/2019 11:10,7919.75,28805.00669,8.045089273,190.9624044
7/5/2019 11:20,7970.25,28958.09626,4.283661755,188.2141386
7/5/2019 11:30,8058.5,29293.85076,3.107226996,187.0692823
7/5/2019 11:40,8068.5,29707.10885,7.04043687,191.6736819
7/5/2019 11:50,8045,30347.98423,15.61714957,183.7495753
7/5/2019 12:00,8057,30543.82536,11.04990534,188.032016
7/5/2019 12:10,8046.25,31207.41344,5.156989965,188.6601499
7/5/2019 12:20,7938.5,31585.20672,3.077128806,191.4355872
7/5/2019 12:30,7825.25,31987.7518,3.923679078,189.8041227
7/5/2019 12:40,7812.5,32181.16434,4.036669966,182.0012505
7/5/2019 12:50,7859,32467.71642,5.916169909,187.843337
7/5/2019 13:00,7972.5,32648.64969,5.196092879,197.9375336
7/5/2019 13:10,8116.25,32690.31868,13.6497555,189.7382742
7/5/2019 13:20,8113.75,33541.24983,11.00789867,193.7246038
7/5/2019 13:30,8127.75,34341.16627,6.092329474,189.6007963
7/5/2019 13:40,8144,34535.30752,2.168135699,190.5533134
7/5/2019 13:50,8161.75,34601.01881,4.858350937,194.2961283
7/5/2019 14:00,8129.75,34481.22933,9.815941961,193.6498997
7/5/2019 14:10,8190.75,34614.60687,9.015383834,196.4103478
7/5/2019 14:20,8142,34448.92092,8.015416745,192.5333784
7/5/2019 14:30,8036.25,34434.8934,6.997837185,191.4667851
7/5/2019 14:40,8022,34677.77937,4.232745513,194.3739922
7/5/2019 14:50,8013.5,36223.89101,4.035246938,192.7112998
7/5/2019 15:00,7926,35929.87048,5.985259121,189.1872948
7/5/2019 15:10,7810.25,35956.22301,8.77625287,195.4447505
7/5/2019 15:20,7727,36066.16186,2.254462142,192.0487026
7/5/2019 15:30,7621,36087.15601,2.948675451,191.7713534
7/5/2019 15:40,7543.75,35795.38157,2.03399681,192.3805545
7/5/2019 15:50,7341.75,35882.66988,2.086356889,192.3947808
7/5/2019 16:00,7225,35765.06773,6.915304769,194.6812931
7/5/2019 16:10,7069,35820.6019,11.72579995,195.870197
7/5/2019 16:20,6838,35959.11889,6.137589055,185.087069
7/5/2019 16:30,6573,35895.94623,2.171762257,195.2240245
7/5/2019 16:40,6363,35895.99164,3.82015159,200.8817521
7/5/2019 16:50,6123.25,35703.43893,2.07996488,189.3953303
7/5/2019 17:00,5862,35517.90855,4.04907907,193.3553774
7/5/2019 17:10,5568,35326.34415,10.67289705,203.2092423
7/5/2019 17:20,5131.75,35126.54927,6.089867892,193.5266662
7/5/2019 17:30,4706,35032.52125,1.196785967,192.0251948
7/5/2019 17:40,4419.25,35085.14696,2.84126057,195.680896
7/5/2019 17:50,4156.5,35007.6742,3,198.1983163
7/5/2019 18:00,3893,34379.16434,3.131864331,188.8209567
7/5/2019 18:10,3664.25,33976.8865,10.22571086,197.806608
7/5/2019 18:20,3412.5,33852.16702,2.195814508,198.0389177
7/5/2019 18:30,3162.25,33750.42054,1.019110048,189.7711776
7/5/2019 18:40,2965.25,33849.21482,0.035503497,197.1935401
7/5/2019 18:50,2817.5,33648.82319,0.08082277,196.7144358
7/5/2019 19:00,2661,33181.26447,4.821256303,186.0046896
7/5/2019 19:10,2517.25,33159.74071,4.951652232,198.8432243
7/5/2019 19:20,2431.25,33010.50884,2.107527799,191.4761124
7/5/2019 19:30,2342.25,32861.36717,2.063939209,193.9511888
7/5/2019 19:40,2256.25,32692.60544,5.808146652,199.2328944
7/5/2019 19:50,2181,32445.75135,3.140107923,193.5268213
7/5/2019 20:00,2116.25,32166.28312,4.927463695,193.9857007
7/5/2019 20:10,2052.5,32003.40103,4.95286474,196.4058023
7/5/2019 20:20,1995,31902.92651,2.078122583,191.0440006
7/5/2019 20:30,1957,31710.68013,0.088768596,191.3403256
7/5/2019 20:40,1919,31619.85031,0.963322427,193.611987
7/5/2019 20:50,1876.75,31326.32332,0.984544321,196.1850295
7/5/2019 21:00,1814.25,30879.59183,0.036837362,197.8590617
7/5/2019 21:10,1753.25,30752.86605,0.030741292,186.9103923
7/5/2019 21:20,1698.75,30594.56214,1.956663023,189.1012832
7/5/2019 21:30,1665.25,30289.86339,3.880058888,186.3406741
7/5/2019 21:40,1641.25,30162.65977,1.111401772,184.7207858
7/5/2019 21:50,1594.25,30089.13933,1,187.7075123
7/5/2019 22:00,1541,29506.41291,1,192.5647783
7/5/2019 22:10,1495.75,29340.45391,0.984904923,182.6810473
7/5/2019 22:20,1450.5,29116.32171,0.03741426,181.4637037
7/5/2019 22:30,1424.75,28863.1119,0.052410323,183.7237669
7/5/2019 22:40,1411.75,28704.92378,0.960021077,188.8009957
7/5/2019 22:50,1404,28642.01489,0.037711104,183.8031122
7/5/2019 23:00,1379,28187.71026,0,184.2160911
7/5/2019 23:10,1341.5,27755.91911,0,186.1408011
7/5/2019 23:20,1316.75,26629.85652,0,182.8129683
7/5/2019 23:30,1310.75,25997.50061,0,184.9854578
7/5/2019 23:40,1284.75,26036.19187,0,184.5651089
7/5/2019 23:50,1241.75,25735.61962,0,184.032562
7/6/2019 0:00,1225.25,25602.40167,0,185.3449596
7/6/2019 0:10,1208.25,25469.80759,0,184.4954785
7/6/2019 0:20,1183.5,25239.80942,0,185.9920129
7/6/2019 0:30,1163,23714.29383,0,186.4111388
7/6/2019 0:40,1156.25,23733.01898,0,183.4233793
7/6/2019 0:50,1147,23683.9094,0,182.025898
7/6/2019 1:00,1141.75,23537.59516,0,185.0504598
7/6/2019 1:10,1134.25,23396.13671,0,186.3417548
7/6/2019 1:20,1122.25,23136.34583,0,178.8319138
7/6/2019 1:30,1119,23005.64994,0,185.7026421
7/6/2019 1:40,1110,23016.64706,0,184.1591841
7/6/2019 1:50,1089,22860.6604,0,181.47984
7/6/2019 2:00,1094.25,23069.94713,0,183.6343336
7/6/2019 2:10,1092,23060.26503,0,184.9906182
7/6/2019 2:20,1087,22912.53011,0,181.0992672
7/6/2019 2:30,1077.75,22919.5201,0,186.8800814
7/6/2019 2:40,1073.5,22751.79742,0,186.7793787
7/6/2019 2:50,1064.25,22643.78064,0,179.376919
7/6/2019 3:00,1067.75,22562.82599,0,182.2707794
7/6/2019 3:10,1071.75,22620.20081,0,182.5013355
7/6/2019 3:20,1062.75,22636.80686,0,180.5117075
7/6/2019 3:30,1062.25,22674.46527,0,184.4662953
7/6/2019 3:40,1068.5,22595.87325,0,183.9399712
7/6/2019 3:50,1070,22209.52511,0,183.0426623
7/6/2019 4:00,1071.5,21592.13982,0,181.6344365
7/6/2019 4:10,1067.75,20812.78647,0,179.8383413
7/6/2019 4:20,1069.75,20131.87723,0,180.2872
7/6/2019 4:30,1058,20223.49783,0,179.8828576
7/6/2019 4:40,1063.75,20309.56954,0,182.776459
7/6/2019 4:50,1068.5,20062.77206,0,184.7099748
7/6/2019 5:00,1069,20066.21581,0,177.1598491
7/6/2019 5:10,1053.25,20102.88466,0,182.7810133
7/6/2019 5:20,1047.25,20162.22717,0,183.2907843
7/6/2019 5:30,1036.5,20147.68193,0,181.0278247
7/6/2019 5:40,1047.25,20169.26263,0,180.3218132
7/6/2019 5:50,1050.75,20140.39398,0,180.3650636
7/6/2019 6:00,1061.5,20404.05393,0,175.9353505
7/6/2019 6:10,1058,20550.24733,0,175.1764731
7/6/2019 6:20,1064.25,20526.62831,0,175.3688443
7/6/2019 6:30,1070.5,20699.38625,0,174.3850323
7/6/2019 6:40,1080.5,20655.56145,0,172.4972401
7/6/2019 6:50,1100.5,20835.80119,0,175.9381013
7/6/2019 7:00,1127,20865.99997,0,178.9570211
7/6/2019 7:10,1146.75,21001.68696,0.012406456,175.3278504
7/6/2019 7:20,1167.75,20967.52006,0.909652736,179.6702955
7/6/2019 7:30,1192.25,21164.7556,0.028015818,175.610186
7/6/2019 7:40,1211,21143.11949,0,177.606485
7/6/2019 7:50,1246.25,21291.63595,0,180.0701501
7/6/2019 8:00,1293.5,21734.68938,0.012172782,177.88994
7/6/2019 8:10,1333.25,21896.81929,0.945437695,178.2716496
7/6/2019 8:20,1361.75,22023.18634,0.04245202,178.1856883
7/6/2019 8:30,1398,21985.66483,0,176.9050818
7/6/2019 8:40,1428.25,22287.61059,0,172.882749
7/6/2019 8:50,1488.5,22515.04304,0,178.0495574
7/6/2019 9:00,1573.75,22673.50247,0.011869923,176.8253423
7/6/2019 9:10,1678.5,22689.47784,0.945222828,174.4343588
7/6/2019 9:20,1697.75,22909.24148,0.043078084,181.223744
7/6/2019 9:30,1764.25,23042.54247,0,182.7347862
7/6/2019 9:40,1807.25,23136.51305,0,179.0097053
7/6/2019 9:50,1857.75,23200.98385,0,178.9371248
7/6/2019 10:00,1904.25,23552.55687,0,183.485853
7/6/2019 10:10,1963,23656.95678,0,165.568599
7/6/2019 10:20,2032.25,23814.13532,0,164.8893705
7/6/2019 10:30,2076.5,24193.93082,0.011449076,178.5054813
7/6/2019 10:40,2096.25,24320.85495,0.956213417,172.1030034
7/6/2019 10:50,2131.25,24439.45974,1,167.9093853
7/6/2019 11:00,2145.5,24603.72516,0.953369262,168.7383238
7/6/2019 11:10,2182,24753.55295,0.029362417,169.9860316
7/6/2019 11:20,2175.75,25286.21756,0,172.0599149
7/6/2019 11:30,2201.25,26239.94833,0,170.4871476
7/6/2019 11:40,2226.75,26965.70611,0,169.0731167
7/6/2019 11:50,2252.25,27127.61327,0,175.8630594
7/6/2019 12:00,2279,27282.47951,0,171.9162482
7/6/2019 12:10,2278.5,27457.4153,0,168.6364883
7/6/2019 12:20,2251.25,27613.77518,0,173.1828993
7/6/2019 12:30,2276,27632.24945,0,169.9209969
7/6/2019 12:40,2293.75,27866.42836,0,172.1976402
7/6/2019 12:50,2321.25,27838.53527,0,178.7772064
7/6/2019 13:00,2374.25,28056.48402,0,170.0159862
7/6/2019 13:10,2438.5,28094.06887,0.010775573,170.5606124
7/6/2019 13:20,2452.5,28246.84346,0.954861088,177.6405834
7/6/2019 13:30,2474,28325.60117,0.989318195,168.4721657
7/6/2019 13:40,2471.25,28266.59435,0.045340987,175.6928818
7/6/2019 13:50,2473.5,29239.11485,0,180.7715711
7/6/2019 14:00,2526,30353.36735,0,180.650074
7/6/2019 14:10,2548.25,30285.34616,0,172.8606277
7/6/2019 14:20,2559,30226.50459,0,169.5785267
7/6/2019 14:30,2562,30228.45507,0,171.6534388
7/6/2019 14:40,2570.5,30442.84509,0,183.4899139
7/6/2019 14:50,2591,30566.81187,0,178.1551416
7/6/2019 15:00,2593.25,30626.98742,0,174.848062
7/6/2019 15:10,2625.5,30360.4508,0,173.4415142
7/6/2019 15:20,2618.25,30116.4911,0,180.4229469
7/6/2019 15:30,2633.75,30224.08409,0,177.7665233
7/6/2019 15:40,2648.5,30106.65296,0,174.5577203
7/6/2019 15:50,2632.5,30263.41909,0.01005143,177.0657007
7/6/2019 16:00,2587.5,30080.93624,0.943306106,175.1453671
7/6/2019 16:10,2578,30433.59492,0.046744126,170.7410372
7/6/2019 16:20,2562.5,30370.53309,0,178.9758075
7/6/2019 16:30,2530.75,30136.09533,0,184.2054103
7/6/2019 16:40,2483,30419.17138,0,172.6530385
7/6/2019 16:50,2446.75,30100.04947,0,177.2511778
7/6/2019 17:00,2432,29930.13949,0,177.3654985
7/6/2019 17:10,2426.5,29992.26383,0.009691229,176.5904971
7/6/2019 17:20,2405.5,30088.8237,0.952584594,174.316937
7/6/2019 17:30,2360,30297.16372,0.99038959,183.9592277
7/6/2019 17:40,2293,30075.03226,0.047557924,170.1366891
7/6/2019 17:50,2241.25,30123.22021,0,176.4144613
7/6/2019 18:00,2167.5,29803.71864,0,184.2894305
7/6/2019 18:10,2146,29770.26992,0,174.1008149
7/6/2019 18:20,2109,29660.50811,0,171.1864401
7/6/2019 18:30,2032.75,29639.1608,0.009429784,181.8404938
7/6/2019 18:40,1966.75,29583.45766,0.942561997,178.9310143
7/6/2019 18:50,1906.25,29430.46255,0.048085708,172.2229025
7/6/2019 19:00,1890.75,29326.23276,0,174.8632856
7/6/2019 19:10,1864.5,29140.32707,0,175.4727761
7/6/2019 19:20,1806.5,28912.09714,0.009290268,173.8784275
7/6/2019 19:30,1771,28779.4141,0.942422779,179.4426544
7/6/2019 19:40,1749.75,28536.11226,0.048445288,169.74192
7/6/2019 19:50,1727,28380.40572,0,171.6375061
7/6/2019 20:00,1689.5,28147.11139,0,181.1931527
7/6/2019 20:10,1683.75,27972.12606,0,175.6178914
7/6/2019 20:20,1674.5,27814.84683,0.018017312,176.2986726
7/6/2019 20:30,1644.75,27875.84216,1.884112665,175.0092646
7/6/2019 20:40,1625.5,27734.37764,0.097925031,172.1075916
7/6/2019 20:50,1592,27594.3431,0,173.0809844
7/6/2019 21:00,1560,27165.77302,0,177.6050485
7/6/2019 21:10,1498.5,26954.82127,0,176.506367
7/6/2019 21:20,1440,26882.69133,0,172.5549782
7/6/2019 21:30,1399.75,26864.85566,0,169.2230196
7/6/2019 21:40,1371.75,26705.10699,0,172.195265
7/6/2019 21:50,1358.25,26530.48541,0,170.6291186
7/6/2019 22:00,1348.25,26301.24868,0,173.4194028
7/6/2019 22:10,1337,26133.2308,0.008586874,176.3761609
7/6/2019 22:20,1305.25,25989.10156,0.950003951,175.3834646
7/6/2019 22:30,1289.75,25756.22184,1,172.6718057
7/6/2019 22:40,1282,25666.25411,0.994330969,170.641696
7/6/2019 22:50,1263.75,25725.73725,0.097374874,169.2459696
7/6/2019 23:00,1257.25,25391.74893,0.008419701,169.9413468
7/6/2019 23:10,1245.75,25249.24209,0.941227657,171.8016542
7/6/2019 23:20,1243.25,25181.51689,0.050477636,173.4481684
7/6/2019 23:30,1223.5,25091.07993,0,173.1392224
7/6/2019 23:40,1212.5,24952.63468,0,173.0779269
7/6/2019 23:50,1193,25086.13103,0,174.5034655
7/7/2019 0:00,1164.75,25435.68044,0,169.6960008
7/7/2019 0:10,1142.25,23767.05626,0,170.4523668
7/7/2019 0:20,1129.5,22750.56454,0,173.4356
7/7/2019 0:30,1102.5,23174.00462,0,172.8907267
7/7/2019 0:40,1073.25,23243.58127,0,172.5497902
7/7/2019 0:50,1071.25,23410.45565,0,172.0338256
7/7/2019 1:00,1071.75,23428.64372,0,169.0317112
7/7/2019 1:10,1075.5,22382.54147,0,169.9550479
7/7/2019 1:20,1065.75,22023.10469,0,171.0520953
7/7/2019 1:30,1067,22036.73543,0,170.1131099
7/7/2019 1:40,1051.75,22498.03565,0,172.7060971
7/7/2019 1:50,1042.25,22277.65199,0,172.5935404
7/7/2019 2:00,1035.75,22232.69985,0,170.6065527
7/7/2019 2:10,1032,22333.36148,0,170.9470876
7/7/2019 2:20,1034.5,22531.71112,0,170.98328
7/7/2019 2:30,1029,22872.79746,0,170.8057603
7/7/2019 2:40,1025.75,22889.17199,0,167.2897306
7/7/2019 2:50,1026.5,22974.15187,0,169.7502632
7/7/2019 3:00,1024.25,22747.91178,0,173.0057025
7/7/2019 3:10,1018,22573.6952,0,167.5302842
7/7/2019 3:20,1020.5,22402.66369,0,173.0817698
7/7/2019 3:30,1020.5,22561.08459,0,170.8537116
7/7/2019 3:40,1019,22662.50587,0,170.1012399
7/7/2019 3:50,1023.25,22555.41502,0,170.6170566
7/7/2019 4:00,1026.25,22404.6219,0,172.6144837
7/7/2019 4:10,1030.25,22147.82876,0,170.3803903
7/7/2019 4:20,1033,22212.33057,0,172.5850212
7/7/2019 4:30,1037,22134.93291,0,171.9283507
7/7/2019 4:40,1028.25,22160.29453,0,170.0602709
7/7/2019 4:50,1024.5,22109.70723,0,170.8878057
7/7/2019 5:00,1031.5,22313.06359,0,168.6663136
7/7/2019 5:10,1027.25,22167.84404,0,171.3722091
7/7/2019 5:20,1036,21751.98663,0,169.9442213
7/7/2019 5:30,1040.75,21620.75289,0,170.388267
7/7/2019 5:40,1024.75,21385.94426,0,167.7286145
7/7/2019 5:50,1017.25,21171.80527,0,168.6415307
7/7/2019 6:00,1021.25,20065.40097,0,169.3428035
7/7/2019 6:10,1037.25,20105.30175,0,168.6417446
7/7/2019 6:20,1045,20445.23644,0,169.0422104
7/7/2019 6:30,1039.5,20567.5001,0,166.2572164
7/7/2019 6:40,1047.75,20396.0779,0,164.2338082
7/7/2019 6:50,1061,20567.50696,0,163.6775209
7/7/2019 7:00,1097.25,20747.28879,0,166.4318724
7/7/2019 7:10,1117,20930.01533,0,164.3370026
7/7/2019 7:20,1123.75,21163.14584,0,167.0858684
7/7/2019 7:30,1131.5,20939.57784,0,170.3713176
7/7/2019 7:40,1144.75,21358.50647,0,165.7613821
7/7/2019 7:50,1158.5,20902.37259,0,164.8880697
7/7/2019 8:00,1193.25,21453.31388,0.006532155,167.4929116
7/7/2019 8:10,1230.75,21710.04305,0.938077973,167.606741
7/7/2019 8:20,1253.25,21556.3888,0.05551488,164.2886824
7/7/2019 8:30,1274.5,21521.38788,0,165.7150609
7/7/2019 8:40,1291.25,21905.42871,0,167.7960356
7/7/2019 8:50,1341.75,21880.00473,0,164.9042458
7/7/2019 9:00,1391.75,22176.62563,0,164.5390823
7/7/2019 9:10,1449,22505.45215,0.006317256,164.1335734
7/7/2019 9:20,1511.75,22311.26953,0.937655237,161.8455214
7/7/2019 9:30,1553.75,22759.47768,0.056163336,164.7616048
7/7/2019 9:40,1592,22611.86351,0,168.3471395
7/7/2019 9:50,1623.75,22876.57037,0,162.7125129
7/7/2019 10:00,1676.5,22664.70645,0,168.9749399
7/7/2019 10:10,1724.75,23346.82917,0,164.3584956
7/7/2019 10:20,1773,23326.9955,0.006066119,165.5863634
7/7/2019 10:30,1813,23388.89711,0.906088157,167.2233541
7/7/2019 10:40,1845.5,23163.14211,0.037919882,164.7731665
7/7/2019 10:50,1865,23411.51895,0,162.9452684
7/7/2019 11:00,1925.75,23525.75493,0,171.2202054
7/7/2019 11:10,1964.5,23371.37763,0,168.5115638
7/7/2019 11:20,2007,24044.33797,0,164.9663695
7/7/2019 11:30,2067,24117.90211,0.005811977,167.0936289
7/7/2019 11:40,2075.5,23759.845,0.93660319,164.7652851
7/7/2019 11:50,2071.75,23513.9584,0.057716503,165.7578117
7/7/2019 12:00,2091.25,24032.60015,0,170.0382538
7/7/2019 12:10,2105.75,24317.9626,0,168.9277791
7/7/2019 12:20,2100.5,24318.05427,0,170.6482197
7/7/2019 12:30,2111,24498.88264,0,170.8752036
7/7/2019 12:40,2152.75,24449.92589,0,165.1295785
7/7/2019 12:50,2226.75,24675.79554,0,170.9422131
7/7/2019 13:00,2284,24824.17588,0,171.7806341
7/7/2019 13:10,2338,24877.58348,0,173.000045
7/7/2019 13:20,2396.25,24851.94299,0.005453583,174.958072
7/7/2019 13:30,2449.75,24918.11249,0.941233072,171.0318103
7/7/2019 13:40,2503,24940.32767,1.010788009,167.7613354
7/7/2019 13:50,2508.75,25480.06563,2.865992936,170.6888285
7/7/2019 14:00,2510.75,26371.16914,0.177061575,167.7084097
7/7/2019 14:10,2543.25,26923.63785,0,169.0176291
7/7/2019 14:20,2576.75,26840.64992,0.010598997,178.7042257
7/7/2019 14:30,2572,26968.29327,1.876221304,172.1428624
7/7/2019 14:40,2593.5,27132.84651,1.059409696,166.3181173
7/7/2019 14:50,2615.75,27278.29158,0.994785348,174.2608117
7/7/2019 15:00,2633.5,27125.69581,0.059550501,169.0117121
7/7/2019 15:10,2651.25,27217.40828,0.005140825,171.7882988
7/7/2019 15:20,2687.5,27108.75128,0.935102096,182.0606722
7/7/2019 15:30,2707.5,27639.19939,0.059935404,173.4776822
7/7/2019 15:40,2705.5,28986.29806,0,168.9546189
7/7/2019 15:50,2676.25,29002.46696,0,172.8021505
7/7/2019 16:00,2659.25,28874.14782,0,167.7854123
7/7/2019 16:10,2690,28817.59385,0,175.8871718
7/7/2019 16:20,2677.25,28773.16703,0,178.0922357
7/7/2019 16:30,2632.25,28769.96823,0.004931893,173.0884063
7/7/2019 16:40,2660.5,28901.8442,0.939468932,169.7557132
7/7/2019 16:50,2709,28902.50158,1.009729911,180.8802132
7/7/2019 17:00,2718.25,28777.09988,2.878531731,169.1193543
7/7/2019 17:10,2706.25,28597.54563,2.985514069,177.2592436
7/7/2019 17:20,2665,28569.77522,0.187480108,178.0258502
7/7/2019 17:30,2623.5,28677.6465,0.934246623,165.674833
7/7/2019 17:40,2556.25,28988.80118,0.065798399,170.0192354
7/7/2019 17:50,2540.75,28801.40978,0.934084175,175.4874506
7/7/2019 18:00,2527.25,28716.01244,0.136463813,176.3543198
7/7/2019 18:10,2567,28641.36682,14.94386337,171.7541733
7/7/2019 18:20,2529.75,28562.46367,0.98858922,170.8320469
7/7/2019 18:30,2490.5,28268.29187,0.938416997,174.0744814
7/7/2019 18:40,2421.5,28155.47258,0.99542548,170.6438054
7/7/2019 18:50,2360.5,28213.95513,0.06181203,169.3102499
7/7/2019 19:00,2293.25,27800.11834,0,172.6828669
7/7/2019 19:10,2202.25,27718.27941,0,173.7637303
7/7/2019 19:20,2136.75,27407.03208,0.004475817,166.0033617
7/7/2019 19:30,2077,27297.07087,0.942283036,167.763695
7/7/2019 19:40,2011,27086.07982,1.928881253,171.9742129
7/7/2019 19:50,1922.5,26898.40589,0.124752375,172.2844592
7/7/2019 20:00,1862.75,26791.18612,0,173.4263056
7/7/2019 20:10,1840.75,26492.93794,0,173.2185773
7/7/2019 20:20,1809.5,27473.73187,0.004303759,169.3970106
7/7/2019 20:30,1798.75,27903.8275,0.932916251,170.0286385
7/7/2019 20:40,1762.5,27953.71334,0.067204278,171.5151384
7/7/2019 20:50,1743,27872.55169,0.936879856,170.8110563
7/7/2019 21:00,1697.25,27389.45556,1,172.608491
7/7/2019 21:10,1644.75,27248.09094,0.995831328,171.1550806
7/7/2019 21:20,1597.5,27504.21547,0.063367852,169.0956232
7/7/2019 21:30,1525.5,27710.28229,0,170.8552137
7/7/2019 21:40,1496,27617.16064,0,171.3190158
7/7/2019 21:50,1492.25,27556.88191,0,169.6381965
7/7/2019 22:00,1472.75,27421.74307,0,172.1535101
7/7/2019 22:10,1439.5,26112.90777,0,173.8699273
7/7/2019 22:20,1430.5,26380.15337,0,172.8332799
7/7/2019 22:30,1417.5,26242.26277,0,174.7984273
7/7/2019 22:40,1415,25994.15875,0,171.8429612
7/7/2019 22:50,1375,25582.05363,0,171.4172861
7/7/2019 23:00,1341.75,25146.61134,0,173.9350238
7/7/2019 23:10,1350,25023.36841,0,172.5568543
7/7/2019 23:20,1340,25034.19832,0,171.9486988
7/7/2019 23:30,1308.5,25051.8604,0,172.4850995
7/7/2019 23:40,1285,24936.07369,0,172.4137882
7/7/2019 23:50,1233.5,24800.68883,0.00377985,171.932556
