timestamp,elec,solar,net
7/1/2019 0:10,23422.98,-30.845602,23392.1344
7/1/2019 0:20,23353.7025,-30.82429817,23322.8782
7/1/2019 0:30,23373.455,-30.83038214,23342.62462
7/1/2019 0:40,23291.5625,-30.92648334,23260.63602
7/1/2019 0:50,23238.88571,-30.99135883,23207.89436
7/1/2019 1:00,23009.32857,-31.03653848,22978.29203
7/1/2019 1:10,22932.21905,-31.15957841,22901.05947
7/1/2019 1:20,22896.63333,-31.2017632,22865.43157
7/1/2019 1:30,22999.23333,-31.19715688,22968.03618
7/1/2019 1:40,22929.3,-31.21442528,22898.08557
7/1/2019 1:50,22899.9,-31.2554557,22868.64454
7/1/2019 2:00,22792.2,-31.35816543,22760.84183
7/1/2019 2:10,21576.42857,-31.30178395,21545.12679
7/1/2019 2:20,20205.94286,-31.34310346,20174.59975
7/1/2019 2:30,20207.64857,-31.29337672,20176.35519
7/1/2019 2:40,20507.1225,-31.94080041,20475.1817
7/1/2019 2:50,20181.495,-31.31828776,20150.17671
7/1/2019 3:00,19907.31964,-31.34423337,19875.97541
7/1/2019 3:10,21560.56071,-32.50410042,21528.05661
7/1/2019 3:20,20536.60714,-32.57302406,20504.03412
7/1/2019 3:30,21002.475,-31.37528643,20971.09971
7/1/2019 3:40,18764.7,-31.26285549,18733.43714
7/1/2019 3:50,23623.40769,-31.89292087,23591.51477
7/1/2019 4:00,21028.44462,-32.43693279,20996.00768
7/1/2019 4:10,20612.78769,-31.30406477,20581.48363
7/1/2019 4:20,20474.76,-31.37742445,20443.38258
7/1/2019 4:30,19877.76,-32.45003345,19845.30997
7/1/2019 4:40,20995.88,-32.45273011,20963.42727
7/1/2019 4:50,20231.66,-31.22773142,20200.43227
7/1/2019 5:00,20454.67143,-31.40597687,20423.26545
7/1/2019 5:10,20829.33214,-32.32552411,20797.00662
7/1/2019 5:20,20904.92143,-32.90341613,20872.01801
7/1/2019 5:30,21013.10357,-34.32593144,20978.77764
7/1/2019 5:40,21043.37143,-8.453619133,21034.91781
7/1/2019 5:50,20973.17143,71.87221927,21045.04365
7/1/2019 6:00,21004.62857,266.754287,21271.38286
7/1/2019 6:10,21159.75,626.710807,21786.46081
7/1/2019 6:20,20721.6,1190.712211,21912.31221
7/1/2019 6:30,20205.45,1887.71096,22093.16096
7/1/2019 6:40,19826.4,2760.974587,22587.37459
7/1/2019 6:50,19069.6,3629.659936,22699.25994
7/1/2019 7:00,18511.6,4583.115748,23094.71575
7/1/2019 7:10,18003.4,5442.082576,23445.48258
7/1/2019 7:20,17256.9,6192.456685,23449.35669
7/1/2019 7:30,16456.26,7286.665381,23742.92538
7/1/2019 7:40,15903.98,7968.367415,23872.34741
7/1/2019 7:50,14894.51,9015.911259,23910.42126
7/1/2019 8:00,14694.575,9911.326444,24605.90144
7/1/2019 8:10,14283,10557.94071,24840.94071
7/1/2019 8:20,14097.675,10842.81716,24940.49216
7/1/2019 8:30,14301.6,10802.59974,25104.19974
7/1/2019 8:40,14656.8,10827.75745,25484.55745
7/1/2019 8:50,13907.9625,12006.24519,25914.20769
7/1/2019 9:00,13638.075,12188.93841,25827.01341
7/1/2019 9:10,13484.6625,12387.20733,25871.86983
7/1/2019 9:20,13619.4,12468.98167,26088.38167
7/1/2019 9:30,13779.9,12560.85434,26340.75434
7/1/2019 9:40,13868.1,12593.96642,26462.06642
7/1/2019 9:50,13977.1,12590.53605,26567.63605
7/1/2019 10:00,14184.25,12657.69173,26841.94173
7/1/2019 10:10,14263.6,12589.31353,26852.91353
7/1/2019 10:20,14529.88333,12694.81023,27224.69356
7/1/2019 10:30,14582.43333,12701.36736,27283.80069
7/1/2019 10:40,14793.95833,12682.26113,27476.21946
7/1/2019 10:50,15224.75,12673.99243,27898.74243
7/1/2019 11:00,16544.825,12630.74994,29175.57494
7/1/2019 11:10,17486.96,12598.31302,30085.27302
7/1/2019 11:20,17662.28,12454.64237,30116.92237
7/1/2019 11:30,17930.96,12479.03202,30409.99202
7/1/2019 11:40,18046.1,12603.02925,30649.12925
7/1/2019 11:50,18121.5,12239.22173,30360.72173
7/1/2019 12:00,18639,11485.76089,30124.76089
7/1/2019 12:10,19109.4,11049.76975,30159.16975
7/1/2019 12:20,21412.8,12098.01114,33510.81114
7/1/2019 12:30,17599.8,12607.94778,30207.74778
7/1/2019 12:40,17690.52,12565.35505,30255.87505
7/1/2019 12:50,18381.66,12116.50015,30498.16015
7/1/2019 13:00,18955.62,12161.21689,31116.83689
7/1/2019 13:10,19011.66,12277.21943,31288.87943
7/1/2019 13:20,19062.18,12006.74641,31068.92641
7/1/2019 13:30,19328.16,12644.92761,31973.08761
7/1/2019 13:40,19023.6,12068.16176,31091.76176
7/1/2019 13:50,19531.95,12071.31912,31603.26912
7/1/2019 14:00,19722.6,10982.42779,30705.02779
7/1/2019 14:10,20342.85,11946.80828,32289.65828
7/1/2019 14:20,19822.5,11800.28702,31622.78702
7/1/2019 14:30,20617.95,11318.91664,31936.86664
7/1/2019 14:40,20569.8,11530.276,32100.076
7/1/2019 14:50,20624.55,11322.33204,31946.88204
7/1/2019 15:00,21001.2,11474.9716,32476.1716
7/1/2019 15:10,21311.7,11535.34408,32847.04408
7/1/2019 15:20,21123.6,11371.34166,32494.94166
7/1/2019 15:30,22953.3,7856.207546,30809.50755
7/1/2019 15:40,24550.8,9973.949737,34524.74974
7/1/2019 15:50,21649.8,11185.31228,32835.11228
7/1/2019 16:00,24328.8,4396.442157,28725.24216
7/1/2019 16:10,27346.8,8187.194119,35533.99412
7/1/2019 16:20,21681,12591.24758,34272.24758
7/1/2019 16:30,20156.25,12309.27843,32465.52843
7/1/2019 16:40,21465.3,12233.14952,33698.44952
7/1/2019 16:50,21856.43182,12178.86592,34035.29774
7/1/2019 17:00,21755.23636,11950.96116,33706.19752
7/1/2019 17:10,21651.38182,11821.31582,33472.69764
7/1/2019 17:20,21739.9,11498.95549,33238.85549
7/1/2019 17:30,21931.8,11117.97858,33049.77858
7/1/2019 17:40,22132.43333,10765.33887,32897.77221
7/1/2019 17:50,22200.33333,10515.52785,32715.86118
7/1/2019 18:00,22344.53333,10185.37948,32529.91281
7/1/2019 18:10,22359.3,9528.371319,31887.67132
7/1/2019 18:20,22918.125,8758.966122,31677.09112
7/1/2019 18:30,23410.8,7984.820428,31395.62043
7/1/2019 18:40,24146.025,7072.458792,31218.48379
7/1/2019 18:50,24866.55,6153.056562,31019.60656
7/1/2019 19:00,25472.1,5204.47293,30676.57293
7/1/2019 19:10,26256.15,4269.578623,30525.72862
7/1/2019 19:20,26971.68,3356.054035,30327.73404
7/1/2019 19:30,27713.19,2474.871597,30188.0616
7/1/2019 19:40,28345.98,1667.372663,30013.35266
7/1/2019 19:50,28840.2,998.7294106,29838.92941
7/1/2019 20:00,29005.8,509.336136,29515.13614
7/1/2019 20:10,29119,193.0494895,29312.04949
7/1/2019 20:20,29371.3,50.73711752,29422.03712
7/1/2019 20:30,29299.06,-9.185324373,29289.87468
7/1/2019 20:40,29263.8,-38.28310362,29225.5169
7/1/2019 20:50,29232.42,-29.03593544,29203.38406
7/1/2019 21:00,29098.62,-28.92055784,29069.69944
7/1/2019 21:10,28912.125,-28.98181497,28883.14319
7/1/2019 21:20,28848.25,-29.13953965,28819.11046
7/1/2019 21:30,28784.825,-29.23797628,28755.58702
7/1/2019 21:40,28590.92857,-29.91247793,28561.01609
7/1/2019 21:50,28406.04286,-29.63327732,28376.40958
7/1/2019 22:00,28090.42857,-29.82406095,28060.60451
7/1/2019 22:10,27681.8,-29.85884327,27651.94116
7/1/2019 22:20,27589.3,-29.9079601,27559.39204
7/1/2019 22:30,27682.08571,-29.98372357,27652.10199
7/1/2019 22:40,27805.55357,-30.06226112,27775.49131
7/1/2019 22:50,27596.93571,-30.00574442,27566.92997
7/1/2019 23:00,27370.725,-29.98032517,27340.74467
7/1/2019 23:10,27069.85714,-30.05623948,27039.8009
7/1/2019 23:20,26687.11905,-30.08827752,26657.03077
7/1/2019 23:30,26528.39048,-30.1497189,26498.24076
7/1/2019 23:40,26395.93333,-29.76971484,26366.16362
7/1/2019 23:50,26323.7,-29.79588778,26293.90411
7/2/2019 0:00,25990.9,-29.81819999,25961.0818
7/2/2019 0:10,25755.75455,-29.88959455,25725.86495
7/2/2019 0:20,25641.59091,-29.90299945,25611.68791
7/2/2019 0:30,25500.05455,-29.81118965,25470.24336
7/2/2019 0:40,25362.96,-29.76395411,25333.19605
7/2/2019 0:50,25308.48,-29.90495785,25278.57504
7/2/2019 1:00,25240.62667,-29.99218739,25210.63448
7/2/2019 1:10,25074.82667,-29.99601904,25044.83065
7/2/2019 1:20,25059.63238,-30.01190503,25029.62048
7/2/2019 1:30,24850.08857,-30.04896355,24820.03961
7/2/2019 1:40,24549.94286,-30.10380615,24519.83905
7/2/2019 1:50,24388.13571,-29.94629172,24358.18942
7/2/2019 2:00,24330.85714,-29.55308978,24301.30405
7/2/2019 2:10,24369,-29.61331639,24339.38668
7/2/2019 2:20,24419.8125,-29.65029361,24390.16221
7/2/2019 2:30,24293.35227,-29.84686552,24263.50541
7/2/2019 2:40,24086.95795,-30.92178798,24056.03617
7/2/2019 2:50,22772.32727,-29.85820733,22742.46907
7/2/2019 3:00,23052.5,-29.85523047,23022.64477
7/2/2019 3:10,23135.28,-29.79923181,23105.48077
7/2/2019 3:20,20715.07333,-30.75736354,20684.31597
7/2/2019 3:30,20726.61333,-30.20636313,20696.40697
7/2/2019 3:40,18446.44762,-29.47571433,18416.9719
7/2/2019 3:50,21613.97143,-29.64528845,21584.32614
7/2/2019 4:00,20462.61429,-30.66209954,20431.95219
7/2/2019 4:10,20427.1875,-30.653032,20396.53447
7/2/2019 4:20,19765.125,-29.95223194,19735.17277
7/2/2019 4:30,20465.5875,-29.36801303,20436.21949
7/2/2019 4:40,21224.6,-30.3811621,21194.21884
7/2/2019 4:50,20685.8,-30.41469226,20655.38531
7/2/2019 5:00,20744.3,-29.34767168,20714.95233
7/2/2019 5:10,20936.7,-30.00406749,20906.69593
7/2/2019 5:20,20959.07143,-31.71952701,20927.3519
7/2/2019 5:30,20976.55714,-31.44984539,20945.1073
7/2/2019 5:40,21103.07143,-13.51013188,21089.5613
7/2/2019 5:50,21228.3,58.32314537,21286.62315
7/2/2019 6:00,21230.7,234.5655074,21465.26551
7/2/2019 6:10,21346.62,585.1863267,21931.80633
7/2/2019 6:20,20799.96,1120.853607,21920.81361
7/2/2019 6:30,20369.22,1773.229701,22142.4497
7/2/2019 6:40,19925.4,2544.69484,22470.09484
7/2/2019 6:50,19261.02,3405.004534,22666.02453
7/2/2019 7:00,18731.06,4239.977811,22971.03781
7/2/2019 7:10,18352.82,5135.149009,23487.96901
7/2/2019 7:20,17758.4,5987.040375,23745.44038
7/2/2019 7:30,17331.04286,6944.084896,24275.12775
7/2/2019 7:40,16804.71429,7862.194059,24666.90834
7/2/2019 7:50,16343.21209,8723.994506,25067.20659
7/2/2019 8:00,15991.06154,9556.723533,25547.78507
7/2/2019 8:10,15836.34066,10169.53514,26005.8758
7/2/2019 8:20,15581.35714,10550.88545,26132.24259
7/2/2019 8:30,15631.67143,10886.32634,26517.99777
7/2/2019 8:40,15303.9,11270.67254,26574.57254
7/2/2019 8:50,15119.1,11554.13658,26673.23658
7/2/2019 9:00,15160.8,11817.43006,26978.23006
7/2/2019 9:10,15124.3,12173.73923,27298.03923
7/2/2019 9:20,14983.375,12416.81231,27400.18731
7/2/2019 9:30,15085.25,12458.03482,27543.28482
7/2/2019 9:40,15330.115,12460.23834,27790.35334
7/2/2019 9:50,15451.07714,12517.27028,27968.34742
7/2/2019 10:00,15638.42571,12589.02343,28227.44914
7/2/2019 10:10,15668.29714,12634.13794,28302.43508
7/2/2019 10:20,15849.42,12631.87269,28481.29269
7/2/2019 10:30,15971.34,12691.94039,28663.28039
7/2/2019 10:40,15907.1,12739.21058,28646.31058
7/2/2019 10:50,16183.1,12734.41307,28917.51307
7/2/2019 11:00,16339.7,12711.78537,29051.48537
7/2/2019 11:10,16408.3,12693.77214,29102.07214
7/2/2019 11:20,16431.4,12714.88307,29146.28307
7/2/2019 11:30,16583.66667,12724.50693,29308.1736
7/2/2019 11:40,16620.30952,12725.54032,29345.84984
7/2/2019 11:50,16748.60095,12704.21708,29452.81804
7/2/2019 12:00,16867.80286,12711.6296,29579.43246
7/2/2019 12:10,16867.52,12704.40166,29571.92166
7/2/2019 12:20,16837.1,12699.52905,29536.62905
7/2/2019 12:30,16995.43333,12679.05474,29674.48807
7/2/2019 12:40,17059.83333,12661.32136,29721.15469
7/2/2019 12:50,17218.13333,12605.18179,29823.31512
7/2/2019 13:00,17413.36667,12626.85528,30040.22195
7/2/2019 13:10,17623.16667,12503.96105,30127.12771
7/2/2019 13:20,17735.46667,12601.54127,30337.00794
7/2/2019 13:30,17712.3,12522.27828,30234.57828
7/2/2019 13:40,17762.7,12476.87508,30239.57508
7/2/2019 13:50,18307.2,12462.83841,30770.03841
7/2/2019 14:00,19056.45,12450.90338,31507.35338
7/2/2019 14:10,19482.6,12401.24849,31883.84849
7/2/2019 14:20,19637.75,12387.51416,32025.26416
7/2/2019 14:30,19724.23077,12171.91261,31896.14338
7/2/2019 14:40,20112.93846,12302.95038,32415.88884
7/2/2019 14:50,19815.95077,12286.26916,32102.21993
7/2/2019 15:00,19417.04571,12307.35857,31724.40429
7/2/2019 15:10,19408.84857,12335.15155,31744.00012
7/2/2019 15:20,19517.88571,12340.73555,31858.62126
7/2/2019 15:30,19684,12444.08143,32128.08143
7/2/2019 15:40,21837.75,11997.61818,33835.36818
7/2/2019 15:50,23860.2,12145.80441,36006.00441
7/2/2019 16:00,23982.55,12230.20122,36212.75122
7/2/2019 16:10,23922.64,12188.71979,36111.35979
7/2/2019 16:20,23911.72,12231.08881,36142.80881
7/2/2019 16:30,23865.24,12078.31558,35943.55558
7/2/2019 16:40,23721,11674.35076,35395.35076
7/2/2019 16:50,23933.4,11804.50462,35737.90462
7/2/2019 17:00,23418.9,12053.77405,35472.67405
7/2/2019 17:10,23167.5,11484.99721,34652.49721
7/2/2019 17:20,23412.9,11680.38673,35093.28673
7/2/2019 17:30,23780.9,10862.21047,34643.11047
7/2/2019 17:40,23805.5,11041.18121,34846.68121
7/2/2019 17:50,23684.6,8864.922492,32549.52249
7/2/2019 18:00,26013.6,10286.51435,36300.11435
7/2/2019 18:10,23428.5,7346.513645,30775.01365
7/2/2019 18:20,29385,3360.692652,32745.69265
7/2/2019 18:30,28977,6671.329729,35648.32973
7/2/2019 18:40,25279.5,5639.162059,30918.66206
7/2/2019 18:50,28717.5,4182.733882,32900.23388
7/2/2019 19:00,28763.4,3019.987966,31783.38797
7/2/2019 19:10,30290.64,2080.36315,32371.00315
7/2/2019 19:20,30401.72,1361.791228,31763.51123
7/2/2019 19:30,31072.04,895.0586623,31967.09866
7/2/2019 19:40,31035.5,1312.715231,32348.21523
7/2/2019 19:50,30385.5,1456.779838,31842.27984
7/2/2019 20:00,30187.125,960.3609245,31147.48592
7/2/2019 20:10,30427.95,521.3778208,30949.32782
7/2/2019 20:20,30616.55357,285.4701446,30902.02372
7/2/2019 20:30,30907.39286,90.47895745,30997.87181
7/2/2019 20:40,31032.18857,-8.723586651,31023.46498
7/2/2019 20:50,31044.21,-36.60772648,31007.60227
7/2/2019 21:00,30838.7,-28.23341072,30810.46659
7/2/2019 21:10,30658.08,-28.46663079,30629.61337
7/2/2019 21:20,30402.04286,-29.28839277,30372.75446
7/2/2019 21:30,30131.14762,-30.66153919,30100.48608
7/2/2019 21:40,30004.70952,-32.23503313,29972.47449
7/2/2019 21:50,30053.96667,-32.32430523,30021.64236
7/2/2019 22:00,29726.76333,-32.45852488,29694.30481
7/2/2019 22:10,29448.49,-32.4816724,29416.00833
7/2/2019 22:20,29325.33,-32.52313225,29292.80687
7/2/2019 22:30,29151.75,-32.75498668,29118.99501
7/2/2019 22:40,29008.65,-32.5235155,28976.12648
7/2/2019 22:50,28868.9,-32.49512992,28836.40487
7/2/2019 23:00,28689.35,-32.73592713,28656.61407
7/2/2019 23:10,28280.9,-32.30261974,28248.59738
7/2/2019 23:20,28261.2,-32.35924494,28228.84076
7/2/2019 23:30,28097.31429,-32.40330812,28064.91098
7/2/2019 23:40,27919.97143,-32.59073,27887.3807
7/2/2019 23:50,27741.21429,-32.00422057,27709.21007
7/3/2019 0:00,27146.4,-32.17738042,27114.22262
7/3/2019 0:10,24987.85,-31.93349262,24955.91651
7/3/2019 0:20,24229.4,-32.20172389,24197.19828
7/3/2019 0:30,24178.25,-32.2194108,24146.03059
7/3/2019 0:40,24021.4,-32.2930364,23989.10696
7/3/2019 0:50,23854.95,-32.14131638,23822.80868
7/3/2019 1:00,23536.8,-31.99457966,23504.80542
7/3/2019 1:10,23221.65,-32.25606832,23189.39393
7/3/2019 1:20,22710.38571,-32.22844432,22678.15727
7/3/2019 1:30,22272.72857,-32.28639732,22240.44217
7/3/2019 1:40,21500.91429,-32.33166963,21468.58262
7/3/2019 1:50,21327.26786,-32.16824503,21295.09961
7/3/2019 2:00,21256.73571,-32.12494762,21224.61077
7/3/2019 2:10,21209.65071,-32.18964167,21177.46107
7/3/2019 2:20,21267.77714,-32.19561894,21235.58152
7/3/2019 2:30,21241.84,-32.19930777,21209.64069
7/3/2019 2:40,21239.17692,-32.2208275,21206.9561
7/3/2019 2:50,21194.14615,-32.20575427,21161.9404
7/3/2019 3:00,21189.74835,-32.254863,21157.49349
7/3/2019 3:10,21048,-32.29895382,21015.70105
7/3/2019 3:20,20954.48571,-32.31219191,20922.17352
7/3/2019 3:30,19921.46786,-32.33201937,19889.13584
7/3/2019 3:40,22014.93,-32.36461253,21982.56539
7/3/2019 3:50,20851.44,-32.36771593,20819.07228
7/3/2019 4:00,20768.79923,-32.28931692,20736.50991
7/3/2019 4:10,20818.22885,-33.07754022,20785.15131
7/3/2019 4:20,19124.88462,-33.31058187,19091.57403
7/3/2019 4:30,22520.49231,-32.26109046,22488.23122
7/3/2019 4:40,20812.2,-32.28150759,20779.91849
7/3/2019 4:50,20796,-32.51655935,20763.48344
7/3/2019 5:00,20455.8,-32.65699021,20423.14301
7/3/2019 5:10,22178.7,-32.04357521,22146.65642
7/3/2019 5:20,21464.1,-34.40504855,21429.69495
7/3/2019 5:30,19580.1,-34.08865801,19546.01134
7/3/2019 5:40,22615.71429,-26.27547336,22589.43881
7/3/2019 5:50,21204.17143,46.22340668,21250.39484
7/3/2019 6:00,21157.63929,217.87915,21375.51844
7/3/2019 6:10,21312.69,525.5269752,21838.21698
7/3/2019 6:20,21078.945,959.3614328,22038.30643
7/3/2019 6:30,20687.4,1565.806351,22253.20635
7/3/2019 6:40,20359.38,2256.592538,22615.97254
7/3/2019 6:50,19843.26,3081.134686,22924.39469
7/3/2019 7:00,19484.7,3938.347695,23423.04769
7/3/2019 7:10,19006.05,4805.561716,23811.61172
7/3/2019 7:20,18257.7,5687.448921,23945.14892
7/3/2019 7:30,17830.65,6671.638162,24502.28816
7/3/2019 7:40,17176.62,7568.104142,24744.72414
7/3/2019 7:50,16584.26,8393.616094,24977.87609
7/3/2019 8:00,16109.15333,9281.497419,25390.65075
7/3/2019 8:10,15726.03333,9934.38805,25660.42138
7/3/2019 8:20,15755.10833,10354.04041,26109.14874
7/3/2019 8:30,15669.86429,10709.01854,26378.88283
7/3/2019 8:40,15577.94643,11103.97242,26681.91885
7/3/2019 8:50,15708.97143,11490.31007,27199.2815
7/3/2019 9:00,15660.70571,11766.13143,27426.83714
7/3/2019 9:10,15667.21714,11949.56787,27616.78501
7/3/2019 9:20,15650.07,11993.07354,27643.14354
7/3/2019 9:30,15641.7,12072.70491,27714.40491
7/3/2019 9:40,15734.07857,12154.75813,27888.8367
7/3/2019 9:50,15909.15536,12097.82975,28006.98511
7/3/2019 10:00,16163.00357,12230.35628,28393.35985
7/3/2019 10:10,16179.2625,12282.91394,28462.17644
7/3/2019 10:20,16210.275,12338.41956,28548.69456
7/3/2019 10:30,16188.9,12356.80478,28545.70478
7/3/2019 10:40,16421.775,12381.16915,28802.94415
7/3/2019 10:50,16614,12346.69424,28960.69424
7/3/2019 11:00,16880.1,12375.81985,29255.91985
7/3/2019 11:10,17207.1,12368.37075,29575.47075
7/3/2019 11:20,17198.76,12350.61665,29549.37665
7/3/2019 11:30,17320.58,12328.96182,29649.54182
7/3/2019 11:40,17179.01,12295.01477,29474.02477
7/3/2019 11:50,17472.02,12277.15981,29749.17981
7/3/2019 12:00,17612.85,12255.16286,29868.01286
7/3/2019 12:10,17701.74,12226.51087,29928.25087
7/3/2019 12:20,17642.04,12245.55113,29887.59113
7/3/2019 12:30,17746.95,12203.88353,29950.83353
7/3/2019 12:40,17868.3,12115.62426,29983.92426
7/3/2019 12:50,17544.40714,12102.20169,29646.60884
7/3/2019 13:00,17630.48571,12132.40234,29762.88806
7/3/2019 13:10,18642.51964,11902.87079,30545.39043
7/3/2019 13:20,19815.3,12202.40072,32017.70072
7/3/2019 13:30,20145.6125,12097.07261,32242.68511
7/3/2019 13:40,20442.275,11654.39993,32096.67493
7/3/2019 13:50,20678,12161.81329,32839.8133
7/3/2019 14:00,20472.15,12132.74101,32604.89101
7/3/2019 14:10,20556.6,12155.93626,32712.53626
7/3/2019 14:20,20601.3,12158.1519,32759.4519
7/3/2019 14:30,20008.5,12183.60188,32192.10188
7/3/2019 14:40,20187.5,12346.47654,32533.97654
7/3/2019 14:50,20462,12242.67121,32704.67121
7/3/2019 15:00,20198.6,12268.37857,32466.97857
7/3/2019 15:10,19910.7,12313.97515,32224.67515
7/3/2019 15:20,20422.8,12245.33058,32668.13058
7/3/2019 15:30,19449,12330.95258,31779.95258
7/3/2019 15:40,20823.66,12305.6767,33129.3367
7/3/2019 15:50,22174.68,12269.56065,34444.24065
7/3/2019 16:00,23447.235,12255.79598,35703.03098
7/3/2019 16:10,23698.77857,12079.02362,35777.80219
7/3/2019 16:20,23650.21786,12113.63591,35763.85377
7/3/2019 16:30,23702.72857,12021.43719,35724.16577
7/3/2019 16:40,23655.28571,11890.57457,35545.86029
7/3/2019 16:50,23807.12857,11874.11926,35681.24783
7/3/2019 17:00,23730.88571,11638.58585,35369.47156
7/3/2019 17:10,23809.27143,11508.03525,35317.30668
7/3/2019 17:20,23863.45714,11171.89924,35035.35638
7/3/2019 17:30,24190.07143,10773.76563,34963.83706
7/3/2019 17:40,24441.6,10551.74965,34993.34965
7/3/2019 17:50,24552.8,10222.5315,34775.3315
7/3/2019 18:00,24582.7,9882.212776,34464.91278
7/3/2019 18:10,24518.05,9319.292578,33837.34258
7/3/2019 18:20,24937.1,8500.148726,33437.24873
7/3/2019 18:30,25653.9,7652.764573,33306.66457
7/3/2019 18:40,26367.9,6741.157243,33109.05724
7/3/2019 18:50,27264.15,5857.282413,33121.43241
7/3/2019 19:00,28079.9,4930.396556,33010.29656
7/3/2019 19:10,28677.38,4065.41503,32742.79503
7/3/2019 19:20,29129.14,3198.717762,32327.85776
7/3/2019 19:30,29648.44667,2314.685024,31963.13169
7/3/2019 19:40,30297.38667,1511.554157,31808.94082
7/3/2019 19:50,30724.22667,914.9383047,31639.16497
7/3/2019 20:00,30809.97,470.6388172,31280.60882
7/3/2019 20:10,30771.15,178.9338692,30950.08387
7/3/2019 20:20,30858.85,49.90519949,30908.7552
7/3/2019 20:30,30914.35,-5.783676849,30908.56632
7/3/2019 20:40,30865.27692,-39.19182983,30826.08509
7/3/2019 20:50,30931.24615,-29.25084694,30901.99531
7/3/2019 21:00,30794.61692,-29.04512009,30765.5718
7/3/2019 21:10,30378.42,-29.67364905,30348.74635
7/3/2019 21:20,30015.54,-30.51638073,29985.02362
7/3/2019 21:30,29724.3,-30.93196239,29693.36804
7/3/2019 21:40,29552.9,-31.0118936,29521.88811
7/3/2019 21:50,29130.8,-31.08808766,29099.71191
7/3/2019 22:00,28820,-31.31972654,28788.68027
7/3/2019 22:10,28387.2,-31.14216938,28356.05783
7/3/2019 22:20,28958.1,-31.36010762,28926.73989
7/3/2019 22:30,28561,-31.06709323,28529.93291
7/3/2019 22:40,28440.85,-31.10224187,28409.74776
7/3/2019 22:50,28202.5,-31.33774995,28171.16225
7/3/2019 23:00,27992.85,-31.36118917,27961.48881
7/3/2019 23:10,27704.1,-31.40470329,27672.6953
7/3/2019 23:20,27441.9,-31.50522627,27410.39477
7/3/2019 23:30,26846.1,-31.36982238,26814.73018
7/3/2019 23:40,24720.5,-31.25072709,24689.24927
7/3/2019 23:50,24348.2,-30.91467925,24317.28532
7/4/2019 0:00,24010.7,-30.69843602,23980.00156
7/4/2019 0:10,23739.6,-30.671192,23708.92881
7/4/2019 0:20,23572.1,-30.67307307,23541.42693
7/4/2019 0:30,23595.2375,-30.78056874,23564.45693
7/4/2019 0:40,23512.425,-30.87446448,23481.55054
7/4/2019 0:50,23416.85179,-30.97904512,23385.87274
7/4/2019 1:00,23245.02143,-31.08615544,23213.93527
7/4/2019 1:10,22967.04156,-31.1663366,22935.87522
7/4/2019 1:20,22519.89545,-31.23062714,22488.66483
7/4/2019 1:30,21537.77727,-31.15512003,21506.62215
7/4/2019 1:40,20946.25714,-31.12956098,20915.12758
7/4/2019 1:50,20942.43571,-31.23406015,20911.20165
7/4/2019 2:00,20695.97714,-31.25985798,20664.71728
7/4/2019 2:10,20995.83143,-31.30812235,20964.52331
7/4/2019 2:20,20615.17714,-31.28553278,20583.89161
7/4/2019 2:30,20659.97143,-31.22341454,20628.74801
7/4/2019 2:40,20612.1,-31.28186201,20580.81814
7/4/2019 2:50,20594.9,-31.33652328,20563.56348
7/4/2019 3:00,20595.15714,-31.15816141,20563.99898
7/4/2019 3:10,20549.08571,-31.84899217,20517.23672
7/4/2019 3:20,19257.25714,-31.39985435,19225.85729
7/4/2019 3:30,20989.95,-30.87114043,20959.07886
7/4/2019 3:40,20766.9,-30.99186166,20735.90814
7/4/2019 3:50,20219.97857,-31.61795742,20188.36061
7/4/2019 4:00,20218.73377,-30.97957348,20187.75419
7/4/2019 4:10,19444.99675,-31.63027674,19413.36648
7/4/2019 4:20,21184.09091,-30.91606006,21153.17485
7/4/2019 4:30,20438.05,-31.5470606,20406.50294
7/4/2019 4:40,20303.26667,-32.2076494,20271.05902
7/4/2019 4:50,20177.36667,-31.01821912,20146.34845
7/4/2019 5:00,19670.91667,-31.18998515,19639.72668
7/4/2019 5:10,20941.8,-31.74767693,20910.05232
7/4/2019 5:20,19118.25,-32.51102847,19085.73897
7/4/2019 5:30,21608.1,-33.17874286,21574.92126
7/4/2019 5:40,20462.325,-20.21925162,20442.10575
7/4/2019 5:50,20394.25,52.20287435,20446.45287
7/4/2019 6:00,20361.925,205.8035246,20567.72852
7/4/2019 6:10,20234.5,512.2980599,20746.79806
7/4/2019 6:20,19900.8,961.7129187,20862.51292
7/4/2019 6:30,19308.1,1567.079169,20875.17917
7/4/2019 6:40,18686.275,2273.572341,20959.84734
7/4/2019 6:50,17986.075,3050.856671,21036.93167
7/4/2019 7:00,17444.925,3817.585477,21262.51048
7/4/2019 7:10,16683.525,4679.342101,21362.8671
7/4/2019 7:20,15824.55,5556.316973,21380.86697
7/4/2019 7:30,15010.4,6426.324178,21436.72418
7/4/2019 7:40,14077.7,7365.95017,21443.65017
7/4/2019 7:50,13274.3,8234.80403,21509.10403
7/4/2019 8:00,12603.15,9038.824717,21641.97472
7/4/2019 8:10,12153.6,9732.761751,21886.36175
7/4/2019 8:20,11800.95,10158.21991,21959.16991
7/4/2019 8:30,11566.75385,10528.37803,22095.13187
7/4/2019 8:40,11216.48077,10867.23816,22083.71893
7/4/2019 8:50,11025.87692,11166.69202,22192.56894
7/4/2019 9:00,10918.03846,11421.71129,22339.74975
7/4/2019 9:10,10890.57273,11631.42209,22521.99482
7/4/2019 9:20,10786.05455,11748.16465,22534.2192
7/4/2019 9:30,10787.98701,11845.51142,22633.49843
7/4/2019 9:40,10813.32143,11911.79011,22725.11154
7/4/2019 9:50,10890.21429,11967.2274,22857.44168
7/4/2019 10:00,10968.99,12008.17675,22977.16675
7/4/2019 10:10,11098.9575,12025.50708,23124.46458
7/4/2019 10:20,11254.365,12075.68235,23330.04735
7/4/2019 10:30,11379.4375,12126.57848,23506.01598
7/4/2019 10:40,11531.2,12170.48029,23701.68029
7/4/2019 10:50,11540.05,12196.152,23736.202
7/4/2019 11:00,11145.9,12209.08581,23354.98581
7/4/2019 11:10,11758.95,12204.08957,23963.03957
7/4/2019 11:20,11904.3,12186.88403,24091.18403
7/4/2019 11:30,11877.9,12182.12709,24060.02709
7/4/2019 11:40,11763.3,12154.37879,23917.67879
7/4/2019 11:50,12459,12103.86186,24562.86186
7/4/2019 12:00,13492.33333,12064.19248,25556.52581
7/4/2019 12:10,14022.25833,12057.77095,26080.02928
7/4/2019 12:20,14214.82333,12058.41226,26273.2356
7/4/2019 12:30,14389.795,12110.19685,26499.99185
7/4/2019 12:40,14119.24,12099.87454,26219.11454
7/4/2019 12:50,14317.33,12073.16935,26390.49935
7/4/2019 13:00,14433.54,12063.78883,26497.32883
7/4/2019 13:10,14503.38,12059.1712,26562.5512
7/4/2019 13:20,14580,12032.91952,26612.91952
7/4/2019 13:30,14704.41429,12004.06102,26708.47531
7/4/2019 13:40,14771.75143,12064.96101,26836.71244
7/4/2019 13:50,14815.11429,12084.68275,26899.79704
7/4/2019 14:00,14797.26,12099.40793,26896.66793
7/4/2019 14:10,14846.8725,12058.24729,26905.11979
7/4/2019 14:20,14973.33214,12038.56649,27011.89863
7/4/2019 14:30,14981.22321,12081.53015,27062.75336
7/4/2019 14:40,15008.65714,12099.28111,27107.93826
7/4/2019 14:50,15073.785,12091.28576,27165.07076
7/4/2019 15:00,15056.655,12101.44221,27158.09721
7/4/2019 15:10,15102.36,12155.24862,27257.60862
7/4/2019 15:20,15748.925,12151.9274,27900.8524
7/4/2019 15:30,18452.99,12144.54091,30597.53091
7/4/2019 15:40,19584.22,12105.64443,31689.86443
7/4/2019 15:50,20172.14,12087.43129,32259.57128
7/4/2019 16:00,21281.79286,12045.57058,33327.36344
7/4/2019 16:10,21771.15,12038.85936,33810.00936
7/4/2019 16:20,21753.62143,12027.17728,33780.79871
7/4/2019 16:30,21888.53571,11964.89871,33853.43442
7/4/2019 16:40,21719.1,11905.83174,33624.93174
7/4/2019 16:50,21803.7,11837.50267,33641.20267
7/4/2019 17:00,21870.9,11660.01027,33530.91027
7/4/2019 17:10,21873,11460.60547,33333.60547
7/4/2019 17:20,22160.64,11182.8607,33343.5007
7/4/2019 17:30,22510.62,10796.99224,33307.61224
7/4/2019 17:40,23087.04,10469.73779,33556.77779
7/4/2019 17:50,23531.1,10112.29951,33643.39951
7/4/2019 18:00,23735.9,9710.540371,33446.44037
7/4/2019 18:10,24029.6,9147.755435,33177.35543
7/4/2019 18:20,24738.5,8377.863116,33116.36312
7/4/2019 18:30,25500.6,7539.139593,33039.73959
7/4/2019 18:40,26339.55,6644.942115,32984.49212
7/4/2019 18:50,26999.1,5726.837644,32725.93764
7/4/2019 19:00,27946.35,4809.536191,32755.88619
7/4/2019 19:10,28899,3876.232067,32775.23207
7/4/2019 19:20,28786.5,3020.875654,31807.37565
7/4/2019 19:30,28963.32,2119.683825,31083.00383
7/4/2019 19:40,29548.26,1474.047734,31022.30773
7/4/2019 19:50,30109.44,874.3681901,30983.80819
7/4/2019 20:00,30443.26,447.2622513,30890.52225
7/4/2019 20:10,30225.1,172.1254657,30397.22547
7/4/2019 20:20,29105.6275,40.49496525,29146.12247
7/4/2019 20:30,29131.305,-16.05513738,29115.24986
7/4/2019 20:40,29104.5375,-44.88973382,29059.64777
7/4/2019 20:50,28949.1,-34.93788881,28914.16211
7/4/2019 21:00,28647.35,-34.07760359,28613.2724
7/4/2019 21:10,28327.52857,-32.67216956,28294.8564
7/4/2019 21:20,27989.34286,-32.3729646,27956.96989
7/4/2019 21:30,27603.72857,-32.68765245,27571.04092
7/4/2019 21:40,26021.3,-32.63276136,25988.66724
7/4/2019 21:50,25545.01053,-32.65104877,25512.35948
7/4/2019 22:00,25368.65789,-32.8476903,25335.8102
7/4/2019 22:10,25322.89263,-32.62821341,25290.26442
7/4/2019 22:20,25356.61145,-32.71261169,25323.89884
7/4/2019 22:30,25160.265,-32.79387956,25127.47112
7/4/2019 22:40,25062.9625,-32.69372727,25030.26877
7/4/2019 22:50,24326.65,-32.48055994,24294.16944
7/4/2019 23:00,23735.35,-32.65079745,23702.6992
7/4/2019 23:10,23637.45,-32.23320507,23605.21679
7/4/2019 23:20,23493,-32.16884133,23460.83116
7/4/2019 23:30,23300.55,-32.35246089,23268.19754
7/4/2019 23:40,23873.67273,-32.46998327,23841.20274
7/4/2019 23:50,23217.61705,-32.73688128,23184.88016
7/5/2019 0:00,22976.14773,-32.49143758,22943.65629
7/5/2019 0:10,22941.1125,-32.68861966,22908.42388
7/5/2019 0:20,22869,-32.52714704,22836.47285
7/5/2019 0:30,22630.35,-32.54972896,22597.80027
7/5/2019 0:40,22600.075,-32.54901803,22567.52598
7/5/2019 0:50,22484.95,-32.65559206,22452.29441
7/5/2019 1:00,22409.175,-32.72785533,22376.44714
7/5/2019 1:10,22405.85,-32.47049239,22373.37951
7/5/2019 1:20,22324.94,-32.31879482,22292.62121
7/5/2019 1:30,22262.52,-32.40701733,22230.11298
7/5/2019 1:40,22179.9,-32.46884541,22147.43115
7/5/2019 1:50,22181.43,-32.61977172,22148.81023
7/5/2019 2:00,21702.06,-32.90459051,21669.15541
7/5/2019 2:10,21057.3,-32.76204851,21024.53795
7/5/2019 2:20,22711.5,-32.7907775,22678.70922
7/5/2019 2:30,20050.8,-32.60173046,20018.19827
7/5/2019 2:40,22031.4,-32.63666318,21998.76334
7/5/2019 2:50,21958.5,-32.67199145,21925.82801
7/5/2019 3:00,20349.9,-32.62720169,20317.2728
7/5/2019 3:10,21990.9,-32.68368382,21958.21632
7/5/2019 3:20,18855.6,-32.87905203,18822.72095
7/5/2019 3:30,22697.7,-32.49094517,22665.20905
7/5/2019 3:40,20370,-32.37181403,20337.62819
7/5/2019 3:50,20214.3,-32.40143355,20181.89857
7/5/2019 4:00,19972.5,-32.29805675,19940.20194
7/5/2019 4:10,19726.5,-32.15838603,19694.34161
7/5/2019 4:20,20851.65,-32.28269001,20819.36731
7/5/2019 4:30,20335.66364,-32.17963913,20303.484
7/5/2019 4:40,20597.52273,-32.23324319,20565.28948
7/5/2019 4:50,20439.16364,-32.27121527,20406.89242
7/5/2019 5:00,20918.58,-32.37622326,20886.20378
7/5/2019 5:10,20263.14,-32.32497433,20230.81503
7/5/2019 5:20,20645.81333,-34.62205023,20611.19128
7/5/2019 5:30,21925.99333,-34.94920467,21891.04413
7/5/2019 5:40,21175.16333,-25.53452758,21149.62881
7/5/2019 5:50,21135.62667,38.39717526,21174.02384
7/5/2019 6:00,21280.01667,168.2153229,21448.23199
7/5/2019 6:10,21302.86667,416.4222374,21719.2889
7/5/2019 6:20,21106.7,808.4141834,21915.11418
7/5/2019 6:30,20777.1,1344.100648,22121.20065
7/5/2019 6:40,20495.1,1988.936077,22484.03608
7/5/2019 6:50,19824.9,2806.752897,22631.6529
7/5/2019 7:00,19186.44,3652.205744,22838.64574
7/5/2019 7:10,18810.72,4580.595555,23391.31555
7/5/2019 7:20,18252.915,5508.930391,23761.84539
7/5/2019 7:30,17446.95,6401.08659,23848.03659
7/5/2019 7:40,16625.075,7345.119981,23970.19498
7/5/2019 7:50,15917.9,8239.066344,24156.96634
7/5/2019 8:00,15421.85,9040.0662,24461.9162
7/5/2019 8:10,15000.56667,9678.0143,24678.58097
7/5/2019 8:20,14610.21667,10046.62699,24656.84365
7/5/2019 8:30,14435.16667,10351.99803,24787.16469
7/5/2019 8:40,14417.56,10691.9734,25109.5334
7/5/2019 8:50,14368.28,11024.44093,25392.72093
7/5/2019 9:00,14124.76,11286.85924,25411.61924
7/5/2019 9:10,14044,11507.1661,25551.1661
7/5/2019 9:20,14124.6,11613.58072,25738.18072
7/5/2019 9:30,14412.6,11697.1833,26109.7833
7/5/2019 9:40,11892.3,11778.34852,23670.64852
7/5/2019 9:50,18186.6,11864.19626,30050.79626
7/5/2019 10:00,14807,11890.60516,26697.60516
7/5/2019 10:10,15019.1,11935.22918,26954.32918
7/5/2019 10:20,15284.6,11968.77329,27253.37329
7/5/2019 10:30,15392.4,11988.59074,27380.99074
7/5/2019 10:40,15714,12017.2897,27731.2897
7/5/2019 10:50,15981.13333,12002.11227,27983.24561
7/5/2019 11:00,15509.13333,12001.37111,27510.50444
7/5/2019 11:10,15975.13333,12008.37457,27983.50791
7/5/2019 11:20,16134.9,12028.36443,28163.26443
7/5/2019 11:30,17589.9,12022.76108,29612.66108
7/5/2019 11:40,16272.3,12044.95784,28317.25784
7/5/2019 11:50,17048.1,12038.95318,29087.05318
7/5/2019 12:00,17450.5,12095.95967,29546.45967
7/5/2019 12:10,18404.8,12110.48616,30515.28616
7/5/2019 12:20,18754.3,12098.35933,30852.65933
7/5/2019 12:30,19224.73333,12079.09576,31303.8291
7/5/2019 12:40,19447.73333,12092.8102,31540.54353
7/5/2019 12:50,19949.13333,12066.18243,32015.31577
7/5/2019 13:00,19776.3,12094.78051,31871.08051
7/5/2019 13:10,20046.325,12150.03216,32196.35716
7/5/2019 13:20,20309.35,12142.92779,32452.27779
7/5/2019 13:30,21357.225,12124.50686,33481.73186
7/5/2019 13:40,21846.06,12118.15166,33964.21166
7/5/2019 13:50,21904.68,12134.68925,34039.36925
7/5/2019 14:00,21936.16,12120.17049,34056.33049
7/5/2019 14:10,21961.9,12114.40441,34076.30441
7/5/2019 14:20,21921.4,12144.39219,34065.79219
7/5/2019 14:30,21812.4,12145.57318,33957.97318
7/5/2019 14:40,21780.3,12164.24243,33944.54243
7/5/2019 14:50,22830.6,12253.82773,35084.42773
7/5/2019 15:00,23431.00909,12239.12592,35670.13501
7/5/2019 15:10,23242.78182,12220.63412,35463.41594
7/5/2019 15:20,23382.30909,12203.10148,35585.41057
7/5/2019 15:30,23445.86,12205.60702,35651.46702
7/5/2019 15:40,23330.88,12185.6839,35516.5639
7/5/2019 15:50,23179.46,12142.1944,35321.6544
7/5/2019 16:00,23330.6,12121.94782,35452.54782
7/5/2019 16:10,23318.6,12071.75632,35390.35632
7/5/2019 16:20,23436.3,12000.4551,35436.7551
7/5/2019 16:30,23659.68,11895.56879,35555.24879
7/5/2019 16:40,23731.92,11793.78557,35525.70557
7/5/2019 16:50,23676.12,11726.98556,35403.10556
7/5/2019 17:00,23632.78,11597.42775,35230.20775
7/5/2019 17:10,23646.7,11446.24569,35092.94569
7/5/2019 17:20,23659.6,11087.87086,34747.47086
7/5/2019 17:30,23943.3,10710.75233,34654.05233
7/5/2019 17:40,24211.33333,10402.2429,34613.57623
7/5/2019 17:50,24627.93333,10047.64189,34675.57523
7/5/2019 18:00,24660.13333,9674.728348,34334.86168
7/5/2019 18:10,24594.6,9089.146235,33683.74624
7/5/2019 18:20,25090.3,8314.159199,33404.4592
7/5/2019 18:30,25705.9,7498.177047,33204.07705
7/5/2019 18:40,26641.9,6637.595467,33279.49547
7/5/2019 18:50,27431.7,5779.621055,33211.32105
7/5/2019 19:00,28055,4897.537335,32952.53734
7/5/2019 19:10,28611.8,4044.13112,32655.93112
7/5/2019 19:20,29486.6,3180.234518,32666.83452
7/5/2019 19:30,30147.9,2355.289784,32503.18978
7/5/2019 19:40,30778.35,1576.226843,32354.57684
7/5/2019 19:50,31366.8,886.369567,32253.16957
7/5/2019 20:00,31715.85,412.8070267,32128.65703
7/5/2019 20:10,31860,135.9053039,31995.9053
7/5/2019 20:20,31978.2,24.58023321,32002.78023
7/5/2019 20:30,31816.275,-26.43196548,31789.84303
7/5/2019 20:40,31711.53,-42.29018019,31669.23982
7/5/2019 20:50,31559.715,-33.9315657,31525.78343
7/5/2019 21:00,31149.58,-34.00107416,31115.57893
7/5/2019 21:10,30876.4,-32.65170035,30843.7483
7/5/2019 21:20,30744.16,-32.81064709,30711.34935
7/5/2019 21:30,30521.88,-32.76151551,30489.11848
7/5/2019 21:40,30280.94182,-32.61865065,30248.32317
7/5/2019 21:50,30133.63636,-32.64331405,30100.99305
7/5/2019 22:00,29916.98182,-32.3077126,29884.67411
7/5/2019 22:10,29437.8,-32.31124923,29405.48875
7/5/2019 22:20,29308.56,-32.48576357,29276.07424
7/5/2019 22:30,29049.6,-32.62659194,29016.97341
7/5/2019 22:40,28841.22,-32.43889833,28808.7811
7/5/2019 22:50,28757.52,-32.47564145,28725.04436
7/5/2019 23:00,28288.35,-32.76563126,28255.58437
7/5/2019 23:10,28844,-32.73986299,28811.26014
7/5/2019 23:20,27151.1,-32.62894937,27118.47105
7/5/2019 23:30,26431.4,-32.65618912,26398.74381
7/5/2019 23:40,26094.62143,-32.71826772,26061.90316
7/5/2019 23:50,25964.95714,-32.69191554,25932.26523
7/6/2019 0:00,25682.17143,-32.73692755,25649.4345
7/6/2019 0:10,25633.7,-32.84657097,25600.85343
7/6/2019 0:20,25397.3,-32.71889777,25364.5811
7/6/2019 0:30,24458.4,-32.33886962,24426.06113
7/6/2019 0:40,23791.92857,-32.45781248,23759.47076
7/6/2019 0:50,23739.04286,-32.57785979,23706.465
7/6/2019 1:00,23705.30357,-32.60194859,23672.70162
7/6/2019 1:10,23487.45,-32.72646317,23454.72354
7/6/2019 1:20,23336.21786,-32.44862585,23303.76923
7/6/2019 1:30,23093.21429,-32.3348145,23060.87947
7/6/2019 1:40,23081.34286,-32.40672892,23048.93613
7/6/2019 1:50,22979.2,-32.49941765,22946.70058
7/6/2019 2:00,23020.7,-32.40285013,22988.29715
7/6/2019 2:10,23112.68,-32.4102419,23080.26976
7/6/2019 2:20,23050.98,-32.51502897,23018.46497
7/6/2019 2:30,22963.2,-32.63764934,22930.56235
7/6/2019 2:40,22862.84,-32.72254897,22830.11745
7/6/2019 2:50,22777.29091,-32.69755475,22744.59335
7/6/2019 3:00,22642.51818,-32.72664634,22609.79154
7/6/2019 3:10,22631.49091,-32.73883202,22598.75208
7/6/2019 3:20,21184.7,-32.63954958,21152.06045
7/6/2019 3:30,23886.6,-32.6720709,23853.92793
7/6/2019 3:40,23012.4,-33.82201602,22978.57798
7/6/2019 3:50,22483.26,-32.7021794,22450.55782
7/6/2019 4:00,22052.98,-32.74733363,22020.23267
7/6/2019 4:10,19526.56,-32.68907856,19493.87092
7/6/2019 4:20,19946.7,-33.95255992,19912.74744
7/6/2019 4:30,20648.9,-33.99049423,20614.90951
7/6/2019 4:40,20321.3,-33.99444552,20287.30555
7/6/2019 4:50,20177.1,-32.92014378,20144.17986
7/6/2019 5:00,19683,-32.8060896,19650.19391
7/6/2019 5:10,20346.65455,-33.26821975,20313.38633
7/6/2019 5:20,19346.83091,-35.50530876,19311.3256
7/6/2019 5:30,21009.47455,-34.70581475,20974.76873
7/6/2019 5:40,20226.62182,-28.08176242,20198.54006
7/6/2019 5:50,20166.09886,45.10391363,20211.20278
7/6/2019 6:00,20153.29015,195.1877055,20348.47786
7/6/2019 6:10,20188.39583,507.7627721,20696.15861
7/6/2019 6:20,19860.08333,951.6254381,20811.70877
7/6/2019 6:30,19433.81429,1489.067926,20922.88221
7/6/2019 6:40,18946.60143,2113.893903,21060.49533
7/6/2019 6:50,18269.85429,2832.290142,21102.14443
7/6/2019 7:00,17654.04,3549.136589,21203.17659
7/6/2019 7:10,17035.28,4348.985086,21384.26509
7/6/2019 7:20,16161.44,5264.272037,21425.71204
7/6/2019 7:30,15354.24,6054.508819,21408.74882
7/6/2019 7:40,14581.93,7026.53281,21608.46281
7/6/2019 7:50,13607.74,7891.96147,21499.70147
7/6/2019 8:00,13151.57,8623.630271,21775.20027
7/6/2019 8:10,12681.34,9309.526163,21990.86616
7/6/2019 8:20,12286.975,9746.657937,22033.63294
7/6/2019 8:30,11820.8,10155.65024,21976.45024
7/6/2019 8:40,11517.225,10545.3311,22062.5561
7/6/2019 8:50,11490.80455,10831.15539,22321.95993
7/6/2019 9:00,11388.71591,11033.53176,22422.24767
7/6/2019 9:10,11234.60455,11279.45869,22514.06323
7/6/2019 9:20,11157.975,11358.74239,22516.71739
7/6/2019 9:30,11250.77143,11447.33189,22698.10332
7/6/2019 9:40,11255.60714,11586.48113,22842.08827
7/6/2019 9:50,11143.47143,11718.77926,22862.25069
7/6/2019 10:00,11210.23,11850.91893,23061.14893
7/6/2019 10:10,11344.39714,11879.25905,23223.65619
7/6/2019 10:20,11439.56571,11945.44259,23385.0083
7/6/2019 10:30,11609.08442,12015.70589,23624.79031
7/6/2019 10:40,11810.04545,11993.59984,23803.6453
7/6/2019 10:50,11972.12727,11996.69412,23968.82139
7/6/2019 11:00,12015.6,12028.63932,24044.23932
7/6/2019 11:10,12211.71429,11986.76612,24198.4804
7/6/2019 11:20,12445.97143,11984.49995,24430.47138
7/6/2019 11:30,13327.31429,11989.41663,25316.73092
7/6/2019 11:40,14123.6,12002.54661,26126.14661
7/6/2019 11:50,14537.3,11947.43401,26484.73401
7/6/2019 12:00,14867.4,11828.66437,26696.06437
7/6/2019 12:10,14959.8,11878.07634,26837.87634
7/6/2019 12:20,15225,11789.71536,27014.71536
7/6/2019 12:30,15306.2,11976.34595,27282.54595
7/6/2019 12:40,15240.2,11932.33601,27172.53601
7/6/2019 12:50,15419.6,11905.84336,27325.44336
7/6/2019 13:00,15540.3,11916.80388,27457.10388
7/6/2019 13:10,15702.9,11764.86116,27467.76116
7/6/2019 13:20,15911.4,11767.46525,27678.86525
7/6/2019 13:30,15978.9,11882.18305,27861.08305
7/6/2019 13:40,15995.4,11752.0826,27747.4826
7/6/2019 13:50,16388.1,11661.79016,28049.89016
7/6/2019 14:00,17739.3,11788.44442,29527.74442
7/6/2019 14:10,18140.04,11685.10033,29825.14033
7/6/2019 14:20,17988.3075,11939.17486,29927.48236
7/6/2019 14:30,17870.715,11935.03012,29805.74512
7/6/2019 14:40,18141.1875,11370.6812,29511.8687
7/6/2019 14:50,19004.25,10742.36389,29746.61389
7/6/2019 15:00,19519.2,10998.28297,30517.48297
7/6/2019 15:10,18792.6,11157.46238,29950.06238
7/6/2019 15:20,19391.4,9902.015463,29293.41546
7/6/2019 15:30,19101.9,11862.06874,30963.96874
7/6/2019 15:40,17479.8,12388.11639,29867.91639
7/6/2019 15:50,18056.7,10288.87626,28345.57626
7/6/2019 16:00,21972,5902.807056,27874.80706
7/6/2019 16:10,23200.2,8238.574774,31438.77477
7/6/2019 16:20,19583.1,12367.64753,31950.74753
7/6/2019 16:30,18351.3,10090.31645,28441.61645
7/6/2019 16:40,19815.6,10944.75303,30760.35303
7/6/2019 16:50,19110,9727.267561,28837.26756
7/6/2019 17:00,20836.8,7977.389792,28814.18979
7/6/2019 17:10,22659.3,6802.571498,29461.8715
7/6/2019 17:20,23605.2,6260.439233,29865.63923
7/6/2019 17:30,22290.6,8978.275862,31268.87586
7/6/2019 17:40,21036.9,8819.030777,29855.93078
7/6/2019 17:50,21718.26,8164.504584,29882.76458
7/6/2019 18:00,20529.48,9658.20779,30187.68779
7/6/2019 18:10,21219.96,7430.528202,28650.4882
7/6/2019 18:20,21903.9,7379.564041,29283.46404
7/6/2019 18:30,22162.5,7847.105439,30009.60544
7/6/2019 18:40,22170,6644.768266,28814.76827
7/6/2019 18:50,23046.8,5977.706454,29024.50645
7/6/2019 19:00,23880.725,4915.967129,28796.69213
7/6/2019 19:10,24839.15,3690.317677,28529.46768
7/6/2019 19:20,25763.025,2949.886646,28712.91165
7/6/2019 19:30,26347.4,2035.784819,28383.18482
7/6/2019 19:40,27155.9,1038.353107,28194.25311
7/6/2019 19:50,27685.96667,499.5015801,28185.46825
7/6/2019 20:00,27951.89167,175.7635116,28127.65518
7/6/2019 20:10,27991.61667,67.43769695,28059.05436
7/6/2019 20:20,27835.125,25.67107077,27860.79607
7/6/2019 20:30,27860.7,-36.7249516,27823.97505
7/6/2019 20:40,27898.375,-34.61273239,27863.76227
7/6/2019 20:50,27677.75,-33.11694763,27644.63305
7/6/2019 21:00,27483.575,-33.01962698,27450.55537
7/6/2019 21:10,27123,-32.40219033,27090.59781
7/6/2019 21:20,26949.2,-32.25662502,26916.94337
7/6/2019 21:30,26917.7,-32.42364997,26885.27635
7/6/2019 21:40,26864.18182,-32.42997734,26831.75184
7/6/2019 21:50,26629.03636,-32.47913002,26596.55723
7/6/2019 22:00,26499.98182,-32.74225655,26467.23956
7/6/2019 22:10,26250.72,-32.79491725,26217.92508
7/6/2019 22:20,26119.86,-32.72572721,26087.13427
7/6/2019 22:30,25925.62,-32.84995501,25892.77004
7/6/2019 22:40,25709.8,-32.31021916,25677.48978
7/6/2019 22:50,25764.4,-32.33648825,25732.06351
7/6/2019 23:00,25567.8,-32.45478098,25535.34522
7/6/2019 23:10,25347.84545,-32.52921572,25315.31624
7/6/2019 23:20,25248.70909,-32.53127059,25216.17782
7/6/2019 23:30,25246.80545,-32.59102725,25214.21443
7/6/2019 23:40,25039.58,-32.51005408,25007.06995
7/6/2019 23:50,25029.71,-31.99522079,24997.71478
7/7/2019 0:00,25318.1,-32.37351264,25285.72649
7/7/2019 0:10,24894.06429,-32.5611255,24861.50316
7/7/2019 0:20,23083.74643,-32.75479226,23050.99164
7/7/2019 0:30,23038.71429,-32.74462557,23005.96966
7/7/2019 0:40,23042.475,-32.74605723,23009.72894
7/7/2019 0:50,22458.15,-32.5131311,22425.63687
7/7/2019 1:00,24634.65,-32.29092252,24602.35908
7/7/2019 1:10,21694.5,-32.53903485,21661.96097
7/7/2019 1:20,22294.35,-32.61313907,22261.73686
7/7/2019 1:30,21710.7,-32.64654167,21678.05346
7/7/2019 1:40,21842.88,-32.55504883,21810.32495
7/7/2019 1:50,22309.26,-32.61789291,22276.64211
7/7/2019 2:00,23426.34,-32.61311178,23393.72689
7/7/2019 2:10,21395.62,-32.57381676,21363.04618
7/7/2019 2:20,22441.2,-32.58511676,22408.61488
7/7/2019 2:30,22733.6,-32.6394003,22700.9606
7/7/2019 2:40,22928.6,-32.71445597,22895.88554
7/7/2019 2:50,22982.1,-32.71828485,22949.38172
7/7/2019 3:00,22913.9875,-32.72084703,22881.26665
7/7/2019 3:10,22721.325,-32.6716634,22688.65334
7/7/2019 3:20,21605.8875,-32.84241465,21573.04509
7/7/2019 3:30,23225.1,-33.16480607,23191.93519
7/7/2019 3:40,22877,-32.7310167,22844.26898
7/7/2019 3:50,22662.2,-32.87001958,22629.32998
7/7/2019 4:00,22549.4,-33.41316861,22515.98683
7/7/2019 4:10,21443.4,-32.73660519,21410.66339
7/7/2019 4:20,23072.48571,-33.01329236,23039.47242
7/7/2019 4:30,22232.64857,-33.58164563,22199.06693
7/7/2019 4:40,22183.57071,-33.61148292,22149.95923
7/7/2019 4:50,22205.37,-33.62181056,22171.74819
7/7/2019 5:00,22036.725,-33.63852186,22003.08648
7/7/2019 5:10,22553.775,-33.65273552,22520.12226
7/7/2019 5:20,20715.53571,-34.25966621,20681.27605
7/7/2019 5:30,23041.10357,-35.40029246,23005.70328
7/7/2019 5:40,21562.78571,-37.35571198,21525.43
7/7/2019 5:50,21395,-3.487794818,21391.5122
7/7/2019 6:00,20535.26,125.2960314,20660.55603
7/7/2019 6:10,19814.98,361.0077513,20175.98775
7/7/2019 6:20,19833.16,624.2360533,20457.39605
7/7/2019 6:30,19641,1304.845295,20945.8453
7/7/2019 6:40,18799.76,1972.14744,20771.90744
7/7/2019 6:50,18552.08,1537.036444,20089.11644
7/7/2019 7:00,19152.86,1711.901719,20864.76172
7/7/2019 7:10,19158,1428.307044,20586.30704
7/7/2019 7:20,19492.5,1851.310521,21343.81052
7/7/2019 7:30,19058.8,1675.342904,20734.1429
7/7/2019 7:40,18727.2,4604.479212,23331.67921
7/7/2019 7:50,14894.1,5659.873093,20553.97309
7/7/2019 8:00,16819.8,4162.949862,20982.74986
7/7/2019 8:10,16146,7364.029582,23510.02958
7/7/2019 8:20,11943.3,11110.30092,23053.60092
7/7/2019 8:30,10745.25,8941.085161,19686.33516
7/7/2019 8:40,14676,5445.443533,20121.44353
7/7/2019 8:50,17075.85,2883.693642,19959.54364
7/7/2019 9:00,19773.9,1808.544596,21582.4446
7/7/2019 9:10,20066.4,3081.157418,23147.55742
7/7/2019 9:20,17296.5,7061.189998,24357.69
7/7/2019 9:30,14891.1,8692.635511,23583.73551
7/7/2019 9:40,12233.4,10076.60666,22310.00666
7/7/2019 9:50,12015,11247.64971,23262.64971
7/7/2019 10:00,12268.8,8026.616236,20295.41624
7/7/2019 10:10,14166.15,10437.76313,24603.91313
7/7/2019 10:20,14122.8,6454.025848,20576.82585
7/7/2019 10:30,15147.15,9330.768736,24477.91874
7/7/2019 10:40,13038.75,10185.93085,23224.68085
7/7/2019 10:50,12830.1,10844.20424,23674.30424
7/7/2019 11:00,11411.85,10802.79753,22214.64753
7/7/2019 11:10,14575.8,6858.007828,21433.80783
7/7/2019 11:20,16134.3,7576.172635,23710.47263
7/7/2019 11:30,13886.1,12663.09036,26549.19036
7/7/2019 11:40,10821,12457.45296,23278.45296
7/7/2019 11:50,10755,12229.28435,22984.28435
7/7/2019 12:00,11059.7,12170.22988,23229.92988
7/7/2019 12:10,11533.46,12085.18103,23618.64103
7/7/2019 12:20,11736.08,12108.11415,23844.19415
7/7/2019 12:30,11737.26,12191.32535,23928.58535
7/7/2019 12:40,11744.87143,12221.96617,23966.8376
7/7/2019 12:50,11809.30714,12207.56181,24016.86895
7/7/2019 13:00,12053.87143,12184.31266,24238.18409
7/7/2019 13:10,12133.05,12198.23648,24331.28648
7/7/2019 13:20,12134.4,12220.10814,24354.50814
7/7/2019 13:30,12099.72,12260.41,24360.13
7/7/2019 13:40,12163.335,12250.07314,24413.40814
7/7/2019 13:50,12325.17,12239.89256,24565.06256
7/7/2019 14:00,13166.51786,12254.96569,25421.48355
7/7/2019 14:10,13928.73429,12311.16972,26239.904
7/7/2019 14:20,14058.70286,12313.05383,26371.75669
7/7/2019 14:30,14082.16286,12306.26691,26388.42977
7/7/2019 14:40,14217.69429,12318.94611,26536.6404
7/7/2019 14:50,14406.58286,12320.83075,26727.41361
7/7/2019 15:00,14334.03,12354.95941,26688.98941
7/7/2019 15:10,14363.4,12367.47683,26730.87683
7/7/2019 15:20,14305.275,12372.22732,26677.50232
7/7/2019 15:30,14419.65,12390.73768,26810.38768
7/7/2019 15:40,15703.125,12307.57636,28010.70136
7/7/2019 15:50,16191,12328.25681,28519.25681
7/7/2019 16:00,16211.4,12314.41775,28525.81775
7/7/2019 16:10,16112.55,12295.31687,28407.86687
7/7/2019 16:20,16105.8,12236.77845,28342.57845
7/7/2019 16:30,16208.65,12198.92586,28407.57586
7/7/2019 16:40,16313.75714,12104.12527,28417.88241
7/7/2019 16:50,16499.28571,11983.13838,28482.4241
7/7/2019 17:00,16647.52987,11810.75309,28458.28296
7/7/2019 17:10,16656.17455,11500.97607,28157.15061
7/7/2019 17:20,16981.98273,11151.71908,28133.70181
7/7/2019 17:30,17365.02,10804.02062,28169.04062
7/7/2019 17:40,18058.65,10412.84025,28471.49025
7/7/2019 17:50,18434.04,10101.28095,28535.32095
7/7/2019 18:00,18757.62,9514.513853,28272.13385
7/7/2019 18:10,19324.89,8913.348006,28238.23801
7/7/2019 18:20,19964.9,8112.574066,28077.47407
7/7/2019 18:30,20641.25,7180.234928,27821.48493
7/7/2019 18:40,21388.25,6292.847312,27681.09731
7/7/2019 18:50,22251.6,5492.288724,27743.88872
7/7/2019 19:00,22843.45,4670.37969,27513.82969
7/7/2019 19:10,23534.5,3800.140597,27334.6406
7/7/2019 19:20,24160.75,2922.848513,27083.59851
7/7/2019 19:30,24813,2117.764412,26930.76441
7/7/2019 19:40,25465.65,1428.794085,26894.44408
7/7/2019 19:50,25874.55,822.0024948,26696.55249
7/7/2019 20:00,26250.38571,405.3731505,26655.75886
7/7/2019 20:10,26413.02857,164.2546666,26577.28324
7/7/2019 20:20,26804.38571,46.94554472,26851.33126
7/7/2019 20:30,27516.35,-16.10707025,27500.24293
7/7/2019 20:40,26750.5,-35.75589904,26714.7441
7/7/2019 20:50,27542,-27.52279401,27514.47721
7/7/2019 21:00,27324.8,-26.37219862,27298.4278
7/7/2019 21:10,27097.8,-26.35471167,27071.44529
7/7/2019 21:20,28862.1,-26.24599166,28835.85401
7/7/2019 21:30,25985.4,-26.11939128,25959.28061
7/7/2019 21:40,27750.9,-26.1809359,27724.71906
7/7/2019 21:50,27644.13,-26.23379814,27617.8962
7/7/2019 22:00,27578.64,-26.303633,27552.33637
7/7/2019 22:10,26915.43,-26.45800262,26888.972
7/7/2019 22:20,26307.96,-26.49879393,26281.46121
7/7/2019 22:30,26378.88,-26.29696789,26352.58303
7/7/2019 22:40,26217.66,-26.26612908,26191.39387
7/7/2019 22:50,25870.5,-26.35064523,25844.14935
7/7/2019 23:00,25433.16667,-26.37115696,25406.79551
7/7/2019 23:10,25121.86667,-26.43378367,25095.43288
7/7/2019 23:20,25065.7359,-26.54186859,25039.19403
7/7/2019 23:30,25087.36154,-26.6344382,25060.7271
7/7/2019 23:40,25037.82923,-26.37692776,25011.4523
7/7/2019 23:50,24930.44,-26.34139965,24904.0986
