Timestamp,Connection Count
7/2/2019 0:00,3
7/2/2019 0:10,3
7/2/2019 0:20,3
7/2/2019 0:30,3
7/2/2019 0:40,3
7/2/2019 0:50,3
7/2/2019 1:00,3
7/2/2019 1:10,3
7/2/2019 1:20,3
7/2/2019 1:30,3
7/2/2019 1:40,3
7/2/2019 1:50,3
7/2/2019 2:00,3
7/2/2019 2:10,3
7/2/2019 2:20,3
7/2/2019 2:30,3
7/2/2019 2:40,3
7/2/2019 2:50,3
7/2/2019 3:00,3
7/2/2019 3:10,3
7/2/2019 3:20,3
7/2/2019 3:30,3
7/2/2019 3:40,3
7/2/2019 3:50,3
7/2/2019 4:00,3
7/2/2019 4:10,3
7/2/2019 4:20,3
7/2/2019 4:30,3
7/2/2019 4:40,3
7/2/2019 4:50,3
7/2/2019 5:00,3
7/2/2019 5:10,3
7/2/2019 5:20,3
7/2/2019 5:30,3
7/2/2019 5:40,3
7/2/2019 5:50,3
7/2/2019 6:00,3
7/2/2019 6:10,3
7/2/2019 6:20,3
7/2/2019 6:30,3
7/2/2019 6:40,3
7/2/2019 6:50,3
7/2/2019 7:00,3
7/2/2019 7:10,3
7/2/2019 7:20,3
7/2/2019 7:30,4
7/2/2019 7:40,4
7/2/2019 7:50,4
7/2/2019 8:00,3
7/2/2019 8:10,4
7/2/2019 8:20,9
7/2/2019 8:30,14
7/2/2019 8:40,16
7/2/2019 8:50,18
7/2/2019 9:00,20
7/2/2019 9:10,28
7/2/2019 9:20,32
7/2/2019 9:30,31
7/2/2019 9:40,32
7/2/2019 9:50,31
7/2/2019 10:00,33
7/2/2019 10:10,33
7/2/2019 10:20,34
7/2/2019 10:30,32
7/2/2019 10:40,33
7/2/2019 10:50,31
7/2/2019 11:00,30
7/2/2019 11:10,28
7/2/2019 11:20,29
7/2/2019 11:30,29
7/2/2019 11:40,29
7/2/2019 11:50,31
7/2/2019 12:00,30
7/2/2019 12:10,31
7/2/2019 12:20,31
7/2/2019 12:30,31
7/2/2019 12:40,30
7/2/2019 12:50,29
7/2/2019 13:00,29
7/2/2019 13:10,31
7/2/2019 13:20,30
7/2/2019 13:30,33
7/2/2019 13:40,33
7/2/2019 13:50,35
7/2/2019 14:00,37
7/2/2019 14:10,39
7/2/2019 14:20,40
7/2/2019 14:30,38
7/2/2019 14:40,38
7/2/2019 14:50,38
7/2/2019 15:00,35
7/2/2019 15:10,32
7/2/2019 15:20,34
7/2/2019 15:30,31
7/2/2019 15:40,31
7/2/2019 15:50,30
7/2/2019 16:00,31
7/2/2019 16:10,30
7/2/2019 16:20,29
7/2/2019 16:30,30
7/2/2019 16:40,28
7/2/2019 16:50,26
7/2/2019 17:00,26
7/2/2019 17:10,21
7/2/2019 17:20,20
7/2/2019 17:30,14
7/2/2019 17:40,12
7/2/2019 17:50,6
7/2/2019 18:00,6
7/2/2019 18:10,5
7/2/2019 18:20,4
7/2/2019 18:30,4
7/2/2019 18:40,3
7/2/2019 18:50,3
7/2/2019 19:00,2
7/2/2019 19:10,3
7/2/2019 19:20,2
7/2/2019 19:30,0
7/2/2019 19:40,2
7/2/2019 19:50,1
7/2/2019 20:00,1
7/2/2019 20:10,1
7/2/2019 20:20,1
7/2/2019 20:30,1
7/2/2019 20:40,0
7/2/2019 20:50,0
7/2/2019 21:00,0
7/2/2019 21:10,0
7/2/2019 21:20,0
7/2/2019 21:30,0
7/2/2019 21:40,0
7/2/2019 21:50,0
7/2/2019 22:00,0
7/2/2019 22:10,0
7/2/2019 22:20,0
7/2/2019 22:30,0
7/2/2019 22:40,0
7/2/2019 22:50,0
7/2/2019 23:00,0
7/2/2019 23:10,1
7/2/2019 23:20,1
7/2/2019 23:30,1
7/2/2019 23:40,1
7/2/2019 23:50,1
7/3/2019 0:00,1
7/3/2019 0:10,1
7/3/2019 0:20,1
7/3/2019 0:30,1
7/3/2019 0:40,1
7/3/2019 0:50,1
7/3/2019 1:00,1
7/3/2019 1:10,1
7/3/2019 1:20,1
7/3/2019 1:30,1
7/3/2019 1:40,1
7/3/2019 1:50,1
7/3/2019 2:00,1
7/3/2019 2:10,1
7/3/2019 2:20,1
7/3/2019 2:30,1
7/3/2019 2:40,1
7/3/2019 2:50,1
7/3/2019 3:00,1
7/3/2019 3:10,1
7/3/2019 3:20,1
7/3/2019 3:30,1
7/3/2019 3:40,1
7/3/2019 3:50,1
7/3/2019 4:00,1
7/3/2019 4:10,1
7/3/2019 4:20,1
7/3/2019 4:30,1
7/3/2019 4:40,1
7/3/2019 4:50,1
7/3/2019 5:00,1
7/3/2019 5:10,1
7/3/2019 5:20,1
7/3/2019 5:30,1
7/3/2019 5:40,1
7/3/2019 5:50,1
7/3/2019 6:00,1
7/3/2019 6:10,1
7/3/2019 6:20,1
7/3/2019 6:30,1
7/3/2019 6:40,1
7/3/2019 6:50,1
7/3/2019 7:00,3
7/3/2019 7:10,4
7/3/2019 7:20,4
7/3/2019 7:30,4
7/3/2019 7:40,4
7/3/2019 7:50,4
7/3/2019 8:00,5
7/3/2019 8:10,7
7/3/2019 8:20,9
7/3/2019 8:30,13
7/3/2019 8:40,16
7/3/2019 8:50,19
7/3/2019 9:00,17
7/3/2019 9:10,20
7/3/2019 9:20,21
7/3/2019 9:30,25
7/3/2019 9:40,28
7/3/2019 9:50,27
7/3/2019 10:00,29
7/3/2019 10:10,32
7/3/2019 10:20,37
7/3/2019 10:30,34
7/3/2019 10:40,34
7/3/2019 10:50,37
7/3/2019 11:00,34
7/3/2019 11:10,32
7/3/2019 11:20,32
7/3/2019 11:30,32
7/3/2019 11:40,33
7/3/2019 11:50,39
7/3/2019 12:00,37
7/3/2019 12:10,37
7/3/2019 12:20,37
7/3/2019 12:30,37
7/3/2019 12:40,34
7/3/2019 12:50,31
7/3/2019 13:00,27
7/3/2019 13:10,27
7/3/2019 13:20,26
7/3/2019 13:30,26
7/3/2019 13:40,23
7/3/2019 13:50,27
7/3/2019 14:00,29
7/3/2019 14:10,31
7/3/2019 14:20,28
7/3/2019 14:30,29
7/3/2019 14:40,27
7/3/2019 14:50,27
7/3/2019 15:00,27
7/3/2019 15:10,26
7/3/2019 15:20,26
7/3/2019 15:30,27
7/3/2019 15:40,28
7/3/2019 15:50,26
7/3/2019 16:00,26
7/3/2019 16:10,25
7/3/2019 16:20,24
7/3/2019 16:30,24
7/3/2019 16:40,24
7/3/2019 16:50,22
7/3/2019 17:00,20
7/3/2019 17:10,21
7/3/2019 17:20,18
7/3/2019 17:30,14
7/3/2019 17:40,15
7/3/2019 17:50,15
7/3/2019 18:00,14
7/3/2019 18:10,12
7/3/2019 18:20,11
7/3/2019 18:30,8
7/3/2019 18:40,4
7/3/2019 18:50,3
7/3/2019 19:00,3
7/3/2019 19:10,3
7/3/2019 19:20,3
7/3/2019 19:30,3
7/3/2019 19:40,3
7/3/2019 19:50,2
7/3/2019 20:00,2
7/3/2019 20:10,2
7/3/2019 20:20,2
7/3/2019 20:30,2
7/3/2019 20:40,2
7/3/2019 20:50,2
7/3/2019 21:00,2
7/3/2019 21:10,2
7/3/2019 21:20,2
7/3/2019 21:30,2
7/3/2019 21:40,2
7/3/2019 21:50,2
7/3/2019 22:00,2
7/3/2019 22:10,2
7/3/2019 22:20,2
7/3/2019 22:30,1
7/3/2019 22:40,1
7/3/2019 22:50,1
7/3/2019 23:00,2
7/3/2019 23:10,2
7/3/2019 23:20,2
7/3/2019 23:30,2
7/3/2019 23:40,2
7/3/2019 23:50,2
7/4/2019 0:00,2
7/4/2019 0:10,2
7/4/2019 0:20,2
7/4/2019 0:30,2
7/4/2019 0:40,2
7/4/2019 0:50,2
7/4/2019 1:00,2
7/4/2019 1:10,2
7/4/2019 1:20,2
7/4/2019 1:30,2
7/4/2019 1:40,2
7/4/2019 1:50,2
7/4/2019 2:00,2
7/4/2019 2:10,2
7/4/2019 2:20,2
7/4/2019 2:30,2
7/4/2019 2:40,2
7/4/2019 2:50,2
7/4/2019 3:00,2
7/4/2019 3:10,2
7/4/2019 3:20,2
7/4/2019 3:30,2
7/4/2019 3:40,2
7/4/2019 3:50,2
7/4/2019 4:00,2
7/4/2019 4:10,2
7/4/2019 4:20,2
7/4/2019 4:30,2
7/4/2019 4:40,2
7/4/2019 4:50,2
7/4/2019 5:00,2
7/4/2019 5:10,2
7/4/2019 5:20,1
7/4/2019 5:30,2
7/4/2019 5:40,2
7/4/2019 5:50,2
7/4/2019 6:00,2
7/4/2019 6:10,2
7/4/2019 6:20,2
7/4/2019 6:30,2
7/4/2019 6:40,2
7/4/2019 6:50,2
7/4/2019 7:00,2
7/4/2019 7:10,2
7/4/2019 7:20,2
7/4/2019 7:30,2
7/4/2019 7:40,2
7/4/2019 7:50,2
7/4/2019 8:00,2
7/4/2019 8:10,2
7/4/2019 8:20,2
7/4/2019 8:30,2
7/4/2019 8:40,2
7/4/2019 8:50,2
7/4/2019 9:00,2
7/4/2019 9:10,2
7/4/2019 9:20,2
7/4/2019 9:30,2
7/4/2019 9:40,2
7/4/2019 9:50,2
7/4/2019 10:00,2
7/4/2019 10:10,2
7/4/2019 10:20,2
7/4/2019 10:30,2
7/4/2019 10:40,2
7/4/2019 10:50,2
7/4/2019 11:00,2
7/4/2019 11:10,2
7/4/2019 11:20,1
7/4/2019 11:30,1
7/4/2019 11:40,1
7/4/2019 11:50,1
7/4/2019 12:00,1
7/4/2019 12:10,1
7/4/2019 12:20,1
7/4/2019 12:30,1
7/4/2019 12:40,1
7/4/2019 12:50,1
7/4/2019 13:00,1
7/4/2019 13:10,1
7/4/2019 13:20,1
7/4/2019 13:30,1
7/4/2019 13:40,1
7/4/2019 13:50,1
7/4/2019 14:00,1
7/4/2019 14:10,1
7/4/2019 14:20,1
7/4/2019 14:30,1
7/4/2019 14:40,1
7/4/2019 14:50,1
7/4/2019 15:00,1
7/4/2019 15:10,1
7/4/2019 15:20,1
7/4/2019 15:30,1
7/4/2019 15:40,1
7/4/2019 15:50,1
7/4/2019 16:00,1
7/4/2019 16:10,1
7/4/2019 16:20,1
7/4/2019 16:30,1
7/4/2019 16:40,1
7/4/2019 16:50,1
7/4/2019 17:00,1
7/4/2019 17:10,1
7/4/2019 17:20,1
7/4/2019 17:30,1
7/4/2019 17:40,1
7/4/2019 17:50,1
7/4/2019 18:00,1
7/4/2019 18:10,1
7/4/2019 18:20,1
7/4/2019 18:30,1
7/4/2019 18:40,1
7/4/2019 18:50,1
7/4/2019 19:00,1
7/4/2019 19:10,1
7/4/2019 19:20,1
7/4/2019 19:30,1
7/4/2019 19:40,1
7/4/2019 19:50,1
7/4/2019 20:00,1
7/4/2019 20:10,1
7/4/2019 20:20,1
7/4/2019 20:30,1
7/4/2019 20:40,1
7/4/2019 20:50,1
7/4/2019 21:00,1
7/4/2019 21:10,1
7/4/2019 21:20,1
7/4/2019 21:30,1
7/4/2019 21:40,1
7/4/2019 21:50,1
7/4/2019 22:00,1
7/4/2019 22:10,1
7/4/2019 22:20,1
7/4/2019 22:30,1
7/4/2019 22:40,1
7/4/2019 22:50,1
7/4/2019 23:00,1
7/4/2019 23:10,1
7/4/2019 23:20,1
7/4/2019 23:30,1
7/4/2019 23:40,1
7/4/2019 23:50,1
7/5/2019 0:00,1
7/5/2019 0:10,1
7/5/2019 0:20,1
7/5/2019 0:30,1
7/5/2019 0:40,1
7/5/2019 0:50,1
7/5/2019 1:00,1
7/5/2019 1:10,1
7/5/2019 1:20,1
7/5/2019 1:30,1
7/5/2019 1:40,2
7/5/2019 1:50,2
7/5/2019 2:00,1
7/5/2019 2:10,1
7/5/2019 2:20,1
7/5/2019 2:30,1
7/5/2019 2:40,1
7/5/2019 2:50,1
7/5/2019 3:00,1
7/5/2019 3:10,1
7/5/2019 3:20,1
7/5/2019 3:30,1
7/5/2019 3:40,1
7/5/2019 3:50,1
7/5/2019 4:00,1
7/5/2019 4:10,1
7/5/2019 4:20,1
7/5/2019 4:30,1
7/5/2019 4:40,1
7/5/2019 4:50,1
7/5/2019 5:00,1
7/5/2019 5:10,1
7/5/2019 5:20,1
7/5/2019 5:30,1
7/5/2019 5:40,1
7/5/2019 5:50,1
7/5/2019 6:00,1
7/5/2019 6:10,1
7/5/2019 6:20,1
7/5/2019 6:30,1
7/5/2019 6:40,1
7/5/2019 6:50,1
7/5/2019 7:00,1
7/5/2019 7:10,1
7/5/2019 7:20,1
7/5/2019 7:30,1
7/5/2019 7:40,1
7/5/2019 7:50,2
7/5/2019 8:00,4
7/5/2019 8:10,4
7/5/2019 8:20,3
7/5/2019 8:30,5
7/5/2019 8:40,6
7/5/2019 8:50,8
7/5/2019 9:00,10
7/5/2019 9:10,11
7/5/2019 9:20,11
7/5/2019 9:30,12
7/5/2019 9:40,12
7/5/2019 9:50,12
7/5/2019 10:00,14
7/5/2019 10:10,13
7/5/2019 10:20,12
7/5/2019 10:30,14
7/5/2019 10:40,15
7/5/2019 10:50,16
7/5/2019 11:00,15
7/5/2019 11:10,14
7/5/2019 11:20,15
7/5/2019 11:30,15
7/5/2019 11:40,15
7/5/2019 11:50,15
7/5/2019 12:00,14
7/5/2019 12:10,11
7/5/2019 12:20,9
7/5/2019 12:30,8
7/5/2019 12:40,8
7/5/2019 12:50,9
7/5/2019 13:00,8
7/5/2019 13:10,9
7/5/2019 13:20,10
7/5/2019 13:30,10
7/5/2019 13:40,10
7/5/2019 13:50,9
7/5/2019 14:00,9
7/5/2019 14:10,9
7/5/2019 14:20,10
7/5/2019 14:30,9
7/5/2019 14:40,9
7/5/2019 14:50,8
7/5/2019 15:00,8
7/5/2019 15:10,9
7/5/2019 15:20,9
7/5/2019 15:30,8
7/5/2019 15:40,7
7/5/2019 15:50,7
7/5/2019 16:00,7
7/5/2019 16:10,5
7/5/2019 16:20,5
7/5/2019 16:30,6
7/5/2019 16:40,5
7/5/2019 16:50,5
7/5/2019 17:00,4
7/5/2019 17:10,3
7/5/2019 17:20,2
7/5/2019 17:30,2
7/5/2019 17:40,2
7/5/2019 17:50,2
7/5/2019 18:00,1
7/5/2019 18:10,1
7/5/2019 18:20,2
7/5/2019 18:30,2
7/5/2019 18:40,1
7/5/2019 18:50,1
7/5/2019 19:00,1
7/5/2019 19:10,1
7/5/2019 19:20,1
7/5/2019 19:30,1
7/5/2019 19:40,1
7/5/2019 19:50,1
7/5/2019 20:00,1
7/5/2019 20:10,1
7/5/2019 20:20,1
7/5/2019 20:30,1
7/5/2019 20:40,1
7/5/2019 20:50,1
7/5/2019 21:00,1
7/5/2019 21:10,1
7/5/2019 21:20,1
7/5/2019 21:30,1
7/5/2019 21:40,1
7/5/2019 21:50,1
7/5/2019 22:00,1
7/5/2019 22:10,1
7/5/2019 22:20,1
7/5/2019 22:30,1
7/5/2019 22:40,1
7/5/2019 22:50,1
7/5/2019 23:00,1
7/5/2019 23:10,1
7/5/2019 23:20,1
7/5/2019 23:30,1
7/5/2019 23:40,1
7/5/2019 23:50,1
7/6/2019 0:00,1
7/6/2019 0:10,1
7/6/2019 0:20,1
7/6/2019 0:30,1
7/6/2019 0:40,1
7/6/2019 0:50,1
7/6/2019 1:00,1
7/6/2019 1:10,1
7/6/2019 1:20,1
7/6/2019 1:30,1
7/6/2019 1:40,1
7/6/2019 1:50,1
7/6/2019 2:00,1
7/6/2019 2:10,1
7/6/2019 2:20,1
7/6/2019 2:30,1
7/6/2019 2:40,1
7/6/2019 2:50,1
7/6/2019 3:00,1
7/6/2019 3:10,1
7/6/2019 3:20,1
7/6/2019 3:30,1
7/6/2019 3:40,1
7/6/2019 3:50,1
7/6/2019 4:00,1
7/6/2019 4:10,1
7/6/2019 4:20,1
7/6/2019 4:30,1
7/6/2019 4:40,1
7/6/2019 4:50,1
7/6/2019 5:00,1
7/6/2019 5:10,1
7/6/2019 5:20,1
7/6/2019 5:30,1
7/6/2019 5:40,1
7/6/2019 5:50,1
7/6/2019 6:00,1
7/6/2019 6:10,1
7/6/2019 6:20,1
7/6/2019 6:30,1
7/6/2019 6:40,1
7/6/2019 6:50,1
7/6/2019 7:00,1
7/6/2019 7:10,1
7/6/2019 7:20,1
7/6/2019 7:30,1
7/6/2019 7:40,1
7/6/2019 7:50,1
7/6/2019 8:00,1
7/6/2019 8:10,1
7/6/2019 8:20,2
7/6/2019 8:30,3
7/6/2019 8:40,3
7/6/2019 8:50,3
7/6/2019 9:00,3
7/6/2019 9:10,3
7/6/2019 9:20,3
7/6/2019 9:30,3
7/6/2019 9:40,3
7/6/2019 9:50,3
7/6/2019 10:00,3
7/6/2019 10:10,3
7/6/2019 10:20,3
7/6/2019 10:30,3
7/6/2019 10:40,3
7/6/2019 10:50,3
7/6/2019 11:00,3
7/6/2019 11:10,3
7/6/2019 11:20,3
7/6/2019 11:30,3
7/6/2019 11:40,3
7/6/2019 11:50,3
7/6/2019 12:00,3
7/6/2019 12:10,2
7/6/2019 12:20,2
7/6/2019 12:30,2
7/6/2019 12:40,2
7/6/2019 12:50,2
7/6/2019 13:00,2
7/6/2019 13:10,2
7/6/2019 13:20,2
7/6/2019 13:30,2
7/6/2019 13:40,2
7/6/2019 13:50,2
7/6/2019 14:00,2
7/6/2019 14:10,2
7/6/2019 14:20,2
7/6/2019 14:30,2
7/6/2019 14:40,2
7/6/2019 14:50,2
7/6/2019 15:00,2
7/6/2019 15:10,2
7/6/2019 15:20,2
7/6/2019 15:30,2
7/6/2019 15:40,2
7/6/2019 15:50,2
7/6/2019 16:00,2
7/6/2019 16:10,2
7/6/2019 16:20,2
7/6/2019 16:30,3
7/6/2019 16:40,3
7/6/2019 16:50,3
7/6/2019 17:00,4
7/6/2019 17:10,3
7/6/2019 17:20,4
7/6/2019 17:30,4
7/6/2019 17:40,4
7/6/2019 17:50,2
7/6/2019 18:00,1
7/6/2019 18:10,1
7/6/2019 18:20,1
7/6/2019 18:30,1
7/6/2019 18:40,1
7/6/2019 18:50,1
7/6/2019 19:00,1
7/6/2019 19:10,1
7/6/2019 19:20,1
7/6/2019 19:30,1
7/6/2019 19:40,1
7/6/2019 19:50,1
7/6/2019 20:00,1
7/6/2019 20:10,1
7/6/2019 20:20,1
7/6/2019 20:30,1
7/6/2019 20:40,1
7/6/2019 20:50,1
7/6/2019 21:00,1
7/6/2019 21:10,1
7/6/2019 21:20,1
7/6/2019 21:30,1
7/6/2019 21:40,1
7/6/2019 21:50,1
7/6/2019 22:00,1
7/6/2019 22:10,1
7/6/2019 22:20,1
7/6/2019 22:30,1
7/6/2019 22:40,1
7/6/2019 22:50,1
7/6/2019 23:00,2
7/6/2019 23:10,2
7/6/2019 23:20,1
7/6/2019 23:30,1
7/6/2019 23:40,1
7/6/2019 23:50,1
7/7/2019 0:00,1
7/7/2019 0:10,1
7/7/2019 0:20,1
7/7/2019 0:30,1
7/7/2019 0:40,1
7/7/2019 0:50,1
7/7/2019 1:00,1
7/7/2019 1:10,1
7/7/2019 1:20,1
7/7/2019 1:30,1
7/7/2019 1:40,1
7/7/2019 1:50,1
7/7/2019 2:00,1
7/7/2019 2:10,1
7/7/2019 2:20,1
7/7/2019 2:30,1
7/7/2019 2:40,1
7/7/2019 2:50,1
7/7/2019 3:00,1
7/7/2019 3:10,1
7/7/2019 3:20,1
7/7/2019 3:30,1
7/7/2019 3:40,1
7/7/2019 3:50,1
7/7/2019 4:00,1
7/7/2019 4:10,1
7/7/2019 4:20,1
7/7/2019 4:30,1
7/7/2019 4:40,1
7/7/2019 4:50,1
7/7/2019 5:00,1
7/7/2019 5:10,1
7/7/2019 5:20,1
7/7/2019 5:30,1
7/7/2019 5:40,1
7/7/2019 5:50,1
7/7/2019 6:00,1
7/7/2019 6:10,1
7/7/2019 6:20,1
7/7/2019 6:30,1
7/7/2019 6:40,1
7/7/2019 6:50,1
7/7/2019 7:00,1
7/7/2019 7:10,1
7/7/2019 7:20,1
7/7/2019 7:30,1
7/7/2019 7:40,1
7/7/2019 7:50,1
7/7/2019 8:00,1
7/7/2019 8:10,1
7/7/2019 8:20,1
7/7/2019 8:30,1
7/7/2019 8:40,1
7/7/2019 8:50,1
7/7/2019 9:00,1
7/7/2019 9:10,1
7/7/2019 9:20,1
7/7/2019 9:30,1
7/7/2019 9:40,1
7/7/2019 9:50,1
7/7/2019 10:00,1
7/7/2019 10:10,1
7/7/2019 10:20,1
7/7/2019 10:30,3
7/7/2019 10:40,2
7/7/2019 10:50,3
7/7/2019 11:00,2
7/7/2019 11:10,3
7/7/2019 11:20,3
7/7/2019 11:30,3
7/7/2019 11:40,3
7/7/2019 11:50,3
7/7/2019 12:00,3
7/7/2019 12:10,3
7/7/2019 12:20,3
7/7/2019 12:30,3
7/7/2019 12:40,3
7/7/2019 12:50,3
7/7/2019 13:00,3
7/7/2019 13:10,3
7/7/2019 13:20,4
7/7/2019 13:30,4
7/7/2019 13:40,4
7/7/2019 13:50,4
7/7/2019 14:00,4
7/7/2019 14:10,4
7/7/2019 14:20,4
7/7/2019 14:30,4
7/7/2019 14:40,3
7/7/2019 14:50,4
7/7/2019 15:00,3
7/7/2019 15:10,3
7/7/2019 15:20,3
7/7/2019 15:30,3
7/7/2019 15:40,2
7/7/2019 15:50,2
7/7/2019 16:00,3
7/7/2019 16:10,2
7/7/2019 16:20,2
7/7/2019 16:30,2
7/7/2019 16:40,2
7/7/2019 16:50,2
7/7/2019 17:00,3
7/7/2019 17:10,3
7/7/2019 17:20,2
7/7/2019 17:30,2
7/7/2019 17:40,2
7/7/2019 17:50,2
7/7/2019 18:00,3
7/7/2019 18:10,3
7/7/2019 18:20,3
7/7/2019 18:30,3
7/7/2019 18:40,3
7/7/2019 18:50,2
7/7/2019 19:00,1
7/7/2019 19:10,1
7/7/2019 19:20,1
7/7/2019 19:30,1
7/7/2019 19:40,1
7/7/2019 19:50,1
7/7/2019 20:00,1
7/7/2019 20:10,1
7/7/2019 20:20,1
7/7/2019 20:30,1
7/7/2019 20:40,1
7/7/2019 20:50,1
7/7/2019 21:00,1
7/7/2019 21:10,1
7/7/2019 21:20,1
7/7/2019 21:30,1
7/7/2019 21:40,1
7/7/2019 21:50,2
7/7/2019 22:00,2
7/7/2019 22:10,2
7/7/2019 22:20,3
7/7/2019 22:30,3
7/7/2019 22:40,2
7/7/2019 22:50,2
7/7/2019 23:00,2
7/7/2019 23:10,2
7/7/2019 23:20,2
7/7/2019 23:30,2
7/7/2019 23:40,2
7/7/2019 23:50,2
7/8/2019 0:00,2
7/8/2019 0:10,2
7/8/2019 0:20,2
7/8/2019 0:30,2
7/8/2019 0:40,2
7/8/2019 0:50,2
7/8/2019 1:00,2
7/8/2019 1:10,2
7/8/2019 1:20,2
7/8/2019 1:30,2
7/8/2019 1:40,2
7/8/2019 1:50,2
7/8/2019 2:00,2
7/8/2019 2:10,2
7/8/2019 2:20,2
7/8/2019 2:30,2
7/8/2019 2:40,2
7/8/2019 2:50,2
7/8/2019 3:00,2
7/8/2019 3:10,2
7/8/2019 3:20,2
7/8/2019 3:30,2
7/8/2019 3:40,2
7/8/2019 3:50,2
7/8/2019 4:00,2
7/8/2019 4:10,2
7/8/2019 4:20,2
7/8/2019 4:30,2
7/8/2019 4:40,2
7/8/2019 4:50,2
7/8/2019 5:00,2
7/8/2019 5:10,2
7/8/2019 5:20,2
7/8/2019 5:30,2
7/8/2019 5:40,2
7/8/2019 5:50,2
7/8/2019 6:00,2
7/8/2019 6:10,2
7/8/2019 6:20,2
7/8/2019 6:30,2
7/8/2019 6:40,2
7/8/2019 6:50,2
7/8/2019 7:00,2
7/8/2019 7:10,2
7/8/2019 7:20,2
7/8/2019 7:30,3
7/8/2019 7:40,4
7/8/2019 7:50,4
7/8/2019 8:00,4
7/8/2019 8:10,6
7/8/2019 8:20,8
7/8/2019 8:30,15
7/8/2019 8:40,16
7/8/2019 8:50,23
7/8/2019 9:00,26
7/8/2019 9:10,28
7/8/2019 9:20,31
7/8/2019 9:30,29
7/8/2019 9:40,31
7/8/2019 9:50,30
7/8/2019 10:00,29
7/8/2019 10:10,29
7/8/2019 10:20,26
7/8/2019 10:30,29
7/8/2019 10:40,30
7/8/2019 10:50,32
7/8/2019 11:00,34
7/8/2019 11:10,31
7/8/2019 11:20,32
7/8/2019 11:30,35
7/8/2019 11:40,33
7/8/2019 11:50,32
7/8/2019 12:00,29
7/8/2019 12:10,29
7/8/2019 12:20,28
7/8/2019 12:30,28
7/8/2019 12:40,27
7/8/2019 12:50,27
7/8/2019 13:00,29
7/8/2019 13:10,32
7/8/2019 13:20,30
7/8/2019 13:30,33
7/8/2019 13:40,33
7/8/2019 13:50,35
7/8/2019 14:00,32
7/8/2019 14:10,30
7/8/2019 14:20,31
7/8/2019 14:30,32
7/8/2019 14:40,30
7/8/2019 14:50,30
7/8/2019 15:00,25
7/8/2019 15:10,24
7/8/2019 15:20,26
7/8/2019 15:30,25
7/8/2019 15:40,30
7/8/2019 15:50,26
7/8/2019 16:00,23
7/8/2019 16:10,23
7/8/2019 16:20,24
7/8/2019 16:30,23
7/8/2019 16:40,25
7/8/2019 16:50,24
7/8/2019 17:00,26
7/8/2019 17:10,25
7/8/2019 17:20,17
7/8/2019 17:30,13
7/8/2019 17:40,15
7/8/2019 17:50,13
7/8/2019 18:00,10
7/8/2019 18:10,8
7/8/2019 18:20,7
7/8/2019 18:30,6
7/8/2019 18:40,6
7/8/2019 18:50,6
7/8/2019 19:00,2
7/8/2019 19:10,2
7/8/2019 19:20,2
7/8/2019 19:30,3
7/8/2019 19:40,2
7/8/2019 19:50,3
7/8/2019 20:00,4
7/8/2019 20:10,3
7/8/2019 20:20,3
7/8/2019 20:30,3
7/8/2019 20:40,3
7/8/2019 20:50,3
7/8/2019 21:00,3
7/8/2019 21:10,2
7/8/2019 21:20,2
7/8/2019 21:30,2
7/8/2019 21:40,2
7/8/2019 21:50,2
7/8/2019 22:00,2
7/8/2019 22:10,2
7/8/2019 22:20,2
7/8/2019 22:30,2
7/8/2019 22:40,2
7/8/2019 22:50,2
7/8/2019 23:00,3
7/8/2019 23:10,3
7/8/2019 23:20,3
7/8/2019 23:30,2
7/8/2019 23:40,2
7/8/2019 23:50,3
7/9/2019 0:00,4
7/9/2019 0:10,4
7/9/2019 0:20,3
7/9/2019 0:30,3
7/9/2019 0:40,3
7/9/2019 0:50,4
7/9/2019 1:00,4
7/9/2019 1:10,4
7/9/2019 1:20,4
7/9/2019 1:30,4
7/9/2019 1:40,3
7/9/2019 1:50,3
7/9/2019 2:00,3
7/9/2019 2:10,3
7/9/2019 2:20,4
7/9/2019 2:30,4
7/9/2019 2:40,3
7/9/2019 2:50,3
7/9/2019 3:00,3
7/9/2019 3:10,3
7/9/2019 3:20,3
7/9/2019 3:30,4
7/9/2019 3:40,4
7/9/2019 3:50,4
7/9/2019 4:00,4
7/9/2019 4:10,4
7/9/2019 4:20,4
7/9/2019 4:30,4
7/9/2019 4:40,4
7/9/2019 4:50,4
7/9/2019 5:00,4
7/9/2019 5:10,3
7/9/2019 5:20,3
7/9/2019 5:30,4
7/9/2019 5:40,3
7/9/2019 5:50,3
7/9/2019 6:00,3
7/9/2019 6:10,2
7/9/2019 6:20,2
7/9/2019 6:30,3
7/9/2019 6:40,3
7/9/2019 6:50,3
7/9/2019 7:00,3
7/9/2019 7:10,4
7/9/2019 7:20,5
7/9/2019 7:30,4
7/9/2019 7:40,4
7/9/2019 7:50,4
7/9/2019 8:00,3
7/9/2019 8:10,4
7/9/2019 8:20,9
7/9/2019 8:30,13
7/9/2019 8:40,15
7/9/2019 8:50,15
7/9/2019 9:00,13
7/9/2019 9:10,26
7/9/2019 9:20,15
7/9/2019 9:30,30
7/9/2019 9:40,19
7/9/2019 9:50,31
7/9/2019 10:00,29
7/9/2019 10:10,30
7/9/2019 10:20,27
7/9/2019 10:30,23
7/9/2019 10:40,23
7/9/2019 10:50,33
7/9/2019 11:00,34
7/9/2019 11:10,23
7/9/2019 11:20,23
7/9/2019 11:30,29
7/9/2019 11:40,26
7/9/2019 11:50,8
7/9/2019 12:00,18
7/9/2019 12:10,24
7/9/2019 12:20,26
7/9/2019 12:30,22
7/9/2019 12:40,21
7/9/2019 12:50,19
7/9/2019 13:00,20
7/9/2019 13:10,14
7/9/2019 13:20,18
7/9/2019 13:30,21
7/9/2019 13:40,21
7/9/2019 13:50,20
7/9/2019 14:00,14
7/9/2019 14:10,23
7/9/2019 14:20,16
7/9/2019 14:30,20
7/9/2019 14:40,31
7/9/2019 14:50,25
7/9/2019 15:00,23
7/9/2019 15:10,12
7/9/2019 15:20,21
7/9/2019 15:30,22
7/9/2019 15:40,22
7/9/2019 15:50,22
7/9/2019 16:00,12
7/9/2019 16:10,6
7/9/2019 16:20,23
7/9/2019 16:30,19
7/9/2019 16:40,19
7/9/2019 16:50,22
7/9/2019 17:00,17
7/9/2019 17:10,17
7/9/2019 17:20,20
7/9/2019 17:30,18
7/9/2019 17:40,13
7/9/2019 17:50,10
7/9/2019 18:00,9
7/9/2019 18:10,7
7/9/2019 18:20,6
7/9/2019 18:30,4
7/9/2019 18:40,4
7/9/2019 18:50,4
7/9/2019 19:00,2
7/9/2019 19:10,2
7/9/2019 19:20,3
7/9/2019 19:30,2
7/9/2019 19:40,2
7/9/2019 19:50,3
7/9/2019 20:00,2
7/9/2019 20:10,2
7/9/2019 20:20,2
7/9/2019 20:30,2
7/9/2019 20:40,2
7/9/2019 20:50,2
7/9/2019 21:00,2
7/9/2019 21:10,2
7/9/2019 21:20,2
7/9/2019 21:30,2
7/9/2019 21:40,2
7/9/2019 21:50,1
7/9/2019 22:00,1
7/9/2019 22:10,1
7/9/2019 22:20,1
7/9/2019 22:30,1
7/9/2019 22:40,1
7/9/2019 22:50,1
7/9/2019 23:00,1
7/9/2019 23:10,2
7/9/2019 23:20,2
7/9/2019 23:30,2
7/9/2019 23:40,2
7/9/2019 23:50,1
7/10/2019 0:00,1
7/10/2019 0:10,1
7/10/2019 0:20,1
7/10/2019 0:30,1
7/10/2019 0:40,1
7/10/2019 0:50,1
7/10/2019 1:00,1
7/10/2019 1:10,1
7/10/2019 1:20,1
7/10/2019 1:30,1
7/10/2019 1:40,1
7/10/2019 1:50,1
7/10/2019 2:00,1
7/10/2019 2:10,1
7/10/2019 2:20,1
7/10/2019 2:30,1
7/10/2019 2:40,1
7/10/2019 2:50,1
7/10/2019 3:00,1
7/10/2019 3:10,1
7/10/2019 3:20,1
7/10/2019 3:30,1
7/10/2019 3:40,1
7/10/2019 3:50,1
7/10/2019 4:00,1
7/10/2019 4:10,1
7/10/2019 4:20,1
7/10/2019 4:30,1
7/10/2019 4:40,1
7/10/2019 4:50,1
7/10/2019 5:00,1
7/10/2019 5:10,1
7/10/2019 5:20,1
7/10/2019 5:30,1
7/10/2019 5:40,1
7/10/2019 5:50,1
7/10/2019 6:00,1
7/10/2019 6:10,1
7/10/2019 6:20,1
7/10/2019 6:30,1
7/10/2019 6:40,1
7/10/2019 6:50,1
7/10/2019 7:00,1
7/10/2019 7:10,2
7/10/2019 7:20,3
7/10/2019 7:30,3
7/10/2019 7:40,3
7/10/2019 7:50,4
7/10/2019 8:00,5
7/10/2019 8:10,8
7/10/2019 8:20,11
7/10/2019 8:30,14
7/10/2019 8:40,16
7/10/2019 8:50,17
7/10/2019 9:00,19
7/10/2019 9:10,16
7/10/2019 9:20,15
7/10/2019 9:30,19
7/10/2019 9:40,23
7/10/2019 9:50,26
7/10/2019 10:00,26
7/10/2019 10:10,29
7/10/2019 10:20,32
7/10/2019 10:30,33
7/10/2019 10:40,33
7/10/2019 10:50,36
7/10/2019 11:00,35
7/10/2019 11:10,34
7/10/2019 11:20,39
7/10/2019 11:30,38
7/10/2019 11:40,32
7/10/2019 11:50,32
7/10/2019 12:00,29
7/10/2019 12:10,21
7/10/2019 12:20,21
7/10/2019 12:30,25
7/10/2019 12:40,26
7/10/2019 12:50,22
7/10/2019 13:00,24
7/10/2019 13:10,26
7/10/2019 13:20,29
7/10/2019 13:30,38
7/10/2019 13:40,36
7/10/2019 13:50,30
7/10/2019 14:00,31
7/10/2019 14:10,21
7/10/2019 14:20,19
7/10/2019 14:30,30
7/10/2019 14:40,33
7/10/2019 14:50,33
7/10/2019 15:00,30
7/10/2019 15:10,31
7/10/2019 15:20,34
7/10/2019 15:30,32
7/10/2019 15:40,30
7/10/2019 15:50,29
7/10/2019 16:00,26
7/10/2019 16:10,21
7/10/2019 16:20,18
7/10/2019 16:30,25
7/10/2019 16:40,28
7/10/2019 16:50,26
7/10/2019 17:00,26
7/10/2019 17:10,24
7/10/2019 17:20,22
7/10/2019 17:30,19
7/10/2019 17:40,14
7/10/2019 17:50,12
7/10/2019 18:00,10
7/10/2019 18:10,8
7/10/2019 18:20,6
7/10/2019 18:30,6
7/10/2019 18:40,6
7/10/2019 18:50,4
7/10/2019 19:00,4
7/10/2019 19:10,4
7/10/2019 19:20,3
7/10/2019 19:30,3
7/10/2019 19:40,3
7/10/2019 19:50,1
7/10/2019 20:00,1
7/10/2019 20:10,1
7/10/2019 20:20,2
7/10/2019 20:30,3
7/10/2019 20:40,2
7/10/2019 20:50,2
7/10/2019 21:00,2
7/10/2019 21:10,2
7/10/2019 21:20,2
7/10/2019 21:30,2
7/10/2019 21:40,2
7/10/2019 21:50,2
7/10/2019 22:00,3
7/10/2019 22:10,2
7/10/2019 22:20,2
7/10/2019 22:30,2
7/10/2019 22:40,2
7/10/2019 22:50,2
7/10/2019 23:00,2
7/10/2019 23:10,2
7/10/2019 23:20,2
7/10/2019 23:30,2
7/10/2019 23:40,2
7/10/2019 23:50,2
7/11/2019 0:00,2
7/11/2019 0:10,2
7/11/2019 0:20,2
7/11/2019 0:30,2
7/11/2019 0:40,2
7/11/2019 0:50,2
7/11/2019 1:00,2
7/11/2019 1:10,2
7/11/2019 1:20,2
7/11/2019 1:30,2
7/11/2019 1:40,2
7/11/2019 1:50,2
7/11/2019 2:00,2
7/11/2019 2:10,2
7/11/2019 2:20,2
7/11/2019 2:30,2
7/11/2019 2:40,2
7/11/2019 2:50,2
7/11/2019 3:00,2
7/11/2019 3:10,2
7/11/2019 3:20,2
7/11/2019 3:30,2
7/11/2019 3:40,2
7/11/2019 3:50,2
7/11/2019 4:00,2
7/11/2019 4:10,2
7/11/2019 4:20,2
7/11/2019 4:30,2
7/11/2019 4:40,2
7/11/2019 4:50,2
7/11/2019 5:00,2
7/11/2019 5:10,2
7/11/2019 5:20,2
7/11/2019 5:30,2
7/11/2019 5:40,2
7/11/2019 5:50,1
7/11/2019 6:00,2
7/11/2019 6:10,1
7/11/2019 6:20,1
7/11/2019 6:30,1
7/11/2019 6:40,1
7/11/2019 6:50,1
7/11/2019 7:00,2
7/11/2019 7:10,3
7/11/2019 7:20,3
7/11/2019 7:30,3
7/11/2019 7:40,4
7/11/2019 7:50,5
7/11/2019 8:00,6
7/11/2019 8:10,8
7/11/2019 8:20,10
7/11/2019 8:30,13
7/11/2019 8:40,14
7/11/2019 8:50,16
7/11/2019 9:00,18
7/11/2019 9:10,19
7/11/2019 9:20,22
7/11/2019 9:30,21
7/11/2019 9:40,18
7/11/2019 9:50,17
7/11/2019 10:00,21
7/11/2019 10:10,16
7/11/2019 10:20,17
7/11/2019 10:30,25
7/11/2019 10:40,25
7/11/2019 10:50,24
7/11/2019 11:00,29
7/11/2019 11:10,19
7/11/2019 11:20,7
7/11/2019 11:30,14
7/11/2019 11:40,18
7/11/2019 11:50,17
7/11/2019 12:00,14
7/11/2019 12:10,9
7/11/2019 12:20,12
7/11/2019 12:30,17
7/11/2019 12:40,18
7/11/2019 12:50,23
7/11/2019 13:00,28
7/11/2019 13:10,28
7/11/2019 13:20,23
7/11/2019 13:30,25
7/11/2019 13:40,32
7/11/2019 13:50,30
7/11/2019 14:00,26
7/11/2019 14:10,36
7/11/2019 14:20,32
7/11/2019 14:30,35
7/11/2019 14:40,34
7/11/2019 14:50,33
7/11/2019 15:00,34
7/11/2019 15:10,31
7/11/2019 15:20,29
7/11/2019 15:30,29
7/11/2019 15:40,27
7/11/2019 15:50,28
7/11/2019 16:00,24
7/11/2019 16:10,22
7/11/2019 16:20,22
7/11/2019 16:30,21
7/11/2019 16:40,21
7/11/2019 16:50,20
7/11/2019 17:00,19
7/11/2019 17:10,18
7/11/2019 17:20,17
7/11/2019 17:30,15
7/11/2019 17:40,11
7/11/2019 17:50,11
7/11/2019 18:00,10
7/11/2019 18:10,9
7/11/2019 18:20,8
7/11/2019 18:30,6
7/11/2019 18:40,5
7/11/2019 18:50,4
7/11/2019 19:00,3
7/11/2019 19:10,3
7/11/2019 19:20,2
7/11/2019 19:30,0
7/11/2019 19:40,0
7/11/2019 19:50,0
7/11/2019 20:00,0
7/11/2019 20:10,0
7/11/2019 20:20,0
7/11/2019 20:30,0
7/11/2019 20:40,0
7/11/2019 20:50,1
7/11/2019 21:00,1
7/11/2019 21:10,1
7/11/2019 21:20,1
7/11/2019 21:30,1
7/11/2019 21:40,1
7/11/2019 21:50,1
7/11/2019 22:00,1
7/11/2019 22:10,1
7/11/2019 22:20,1
7/11/2019 22:30,1
7/11/2019 22:40,1
7/11/2019 22:50,1
7/11/2019 23:00,1
7/11/2019 23:10,1
7/11/2019 23:20,1
7/11/2019 23:30,1
7/11/2019 23:40,1
7/11/2019 23:50,1
7/12/2019 0:00,1
7/12/2019 0:10,1
7/12/2019 0:20,1
7/12/2019 0:30,1
7/12/2019 0:40,0
7/12/2019 0:50,0
7/12/2019 1:00,0
7/12/2019 1:10,0
7/12/2019 1:20,0
7/12/2019 1:30,0
7/12/2019 1:40,0
7/12/2019 1:50,0
7/12/2019 2:00,0
7/12/2019 2:10,0
7/12/2019 2:20,0
7/12/2019 2:30,0
7/12/2019 2:40,1
7/12/2019 2:50,1
7/12/2019 3:00,1
7/12/2019 3:10,1
7/12/2019 3:20,1
7/12/2019 3:30,1
7/12/2019 3:40,1
7/12/2019 3:50,1
7/12/2019 4:00,1
7/12/2019 4:10,1
7/12/2019 4:20,1
7/12/2019 4:30,1
7/12/2019 4:40,1
7/12/2019 4:50,1
7/12/2019 5:00,1
7/12/2019 5:10,1
7/12/2019 5:20,1
7/12/2019 5:30,1
7/12/2019 5:40,0
7/12/2019 5:50,0
7/12/2019 6:00,0
7/12/2019 6:10,0
7/12/2019 6:20,0
7/12/2019 6:30,0
7/12/2019 6:40,1
7/12/2019 6:50,1
7/12/2019 7:00,1
7/12/2019 7:10,1
7/12/2019 7:20,2
7/12/2019 7:30,2
7/12/2019 7:40,2
7/12/2019 7:50,3
7/12/2019 8:00,3
7/12/2019 8:10,3
7/12/2019 8:20,6
7/12/2019 8:30,8
7/12/2019 8:40,9
7/12/2019 8:50,10
7/12/2019 9:00,11
7/12/2019 9:10,16
7/12/2019 9:20,27
7/12/2019 9:30,29
7/12/2019 9:40,28
7/12/2019 9:50,29
7/12/2019 10:00,28
7/12/2019 10:10,33
7/12/2019 10:20,33
7/12/2019 10:30,35
7/12/2019 10:40,33
7/12/2019 10:50,30
7/12/2019 11:00,25
7/12/2019 11:10,26
7/12/2019 11:20,27
7/12/2019 11:30,26
7/12/2019 11:40,23
7/12/2019 11:50,21
7/12/2019 12:00,19
7/12/2019 12:10,20
7/12/2019 12:20,17
7/12/2019 12:30,16
7/12/2019 12:40,17
7/12/2019 12:50,17
7/12/2019 13:00,18
7/12/2019 13:10,24
7/12/2019 13:20,26
7/12/2019 13:30,25
7/12/2019 13:40,27
7/12/2019 13:50,26
7/12/2019 14:00,25
7/12/2019 14:10,27
7/12/2019 14:20,24
7/12/2019 14:30,25
7/12/2019 14:40,25
7/12/2019 14:50,22
7/12/2019 15:00,22
7/12/2019 15:10,22
7/12/2019 15:20,19
7/12/2019 15:30,17
7/12/2019 15:40,19
7/12/2019 15:50,20
7/12/2019 16:00,19
7/12/2019 16:10,15
7/12/2019 16:20,12
7/12/2019 16:30,16
7/12/2019 16:40,17
7/12/2019 16:50,18
7/12/2019 17:00,17
7/12/2019 17:10,15
7/12/2019 17:20,13
7/12/2019 17:30,10
7/12/2019 17:40,8
7/12/2019 17:50,7
7/12/2019 18:00,6
7/12/2019 18:10,6
7/12/2019 18:20,5
7/12/2019 18:30,5
7/12/2019 18:40,4
7/12/2019 18:50,4
7/12/2019 19:00,2
7/12/2019 19:10,2
7/12/2019 19:20,2
7/12/2019 19:30,1
7/12/2019 19:40,1
7/12/2019 19:50,1
7/12/2019 20:00,1
7/12/2019 20:10,0
7/12/2019 20:20,1
7/12/2019 20:30,1
7/12/2019 20:40,1
7/12/2019 20:50,1
7/12/2019 21:00,1
7/12/2019 21:10,1
7/12/2019 21:20,1
7/12/2019 21:30,1
7/12/2019 21:40,1
7/12/2019 21:50,1
7/12/2019 22:00,0
7/12/2019 22:10,0
7/12/2019 22:20,0
7/12/2019 22:30,0
7/12/2019 22:40,0
7/12/2019 22:50,1
7/12/2019 23:00,1
7/12/2019 23:10,1
7/12/2019 23:20,0
7/12/2019 23:30,0
7/12/2019 23:40,1
7/12/2019 23:50,1
7/13/2019 0:00,1
7/13/2019 0:10,1
7/13/2019 0:20,1
7/13/2019 0:30,1
7/13/2019 0:40,1
7/13/2019 0:50,1
7/13/2019 1:00,1
7/13/2019 1:10,1
7/13/2019 1:20,1
7/13/2019 1:30,0
7/13/2019 1:40,1
7/13/2019 1:50,1
7/13/2019 2:00,1
7/13/2019 2:10,1
7/13/2019 2:20,1
7/13/2019 2:30,1
7/13/2019 2:40,1
7/13/2019 2:50,1
7/13/2019 3:00,1
7/13/2019 3:10,1
7/13/2019 3:20,1
7/13/2019 3:30,1
7/13/2019 3:40,1
7/13/2019 3:50,1
7/13/2019 4:00,1
7/13/2019 4:10,1
7/13/2019 4:20,1
7/13/2019 4:30,1
7/13/2019 4:40,1
7/13/2019 4:50,1
7/13/2019 5:00,1
7/13/2019 5:10,1
7/13/2019 5:20,1
7/13/2019 5:30,1
7/13/2019 5:40,1
7/13/2019 5:50,1
7/13/2019 6:00,1
7/13/2019 6:10,1
7/13/2019 6:20,1
7/13/2019 6:30,1
7/13/2019 6:40,1
7/13/2019 6:50,1
7/13/2019 7:00,1
7/13/2019 7:10,1
7/13/2019 7:20,1
7/13/2019 7:30,2
7/13/2019 7:40,1
7/13/2019 7:50,1
7/13/2019 8:00,1
7/13/2019 8:10,1
7/13/2019 8:20,1
7/13/2019 8:30,1
7/13/2019 8:40,1
7/13/2019 8:50,1
7/13/2019 9:00,1
7/13/2019 9:10,1
7/13/2019 9:20,1
7/13/2019 9:30,1
7/13/2019 9:40,1
7/13/2019 9:50,1
7/13/2019 10:00,1
7/13/2019 10:10,1
7/13/2019 10:20,1
7/13/2019 10:30,1
7/13/2019 10:40,1
7/13/2019 10:50,1
7/13/2019 11:00,1
7/13/2019 11:10,1
7/13/2019 11:20,1
7/13/2019 11:30,1
7/13/2019 11:40,1
7/13/2019 11:50,1
7/13/2019 12:00,1
7/13/2019 12:10,1
7/13/2019 12:20,1
7/13/2019 12:30,3
7/13/2019 12:40,4
7/13/2019 12:50,5
7/13/2019 13:00,5
7/13/2019 13:10,4
7/13/2019 13:20,5
7/13/2019 13:30,6
7/13/2019 13:40,5
7/13/2019 13:50,7
7/13/2019 14:00,7
7/13/2019 14:10,7
7/13/2019 14:20,4
7/13/2019 14:30,2
7/13/2019 14:40,3
7/13/2019 14:50,3
7/13/2019 15:00,3
7/13/2019 15:10,3
7/13/2019 15:20,3
7/13/2019 15:30,3
7/13/2019 15:40,3
7/13/2019 15:50,3
7/13/2019 16:00,3
7/13/2019 16:10,3
7/13/2019 16:20,2
7/13/2019 16:30,2
7/13/2019 16:40,2
7/13/2019 16:50,3
7/13/2019 17:00,3
7/13/2019 17:10,2
7/13/2019 17:20,3
7/13/2019 17:30,3
7/13/2019 17:40,4
7/13/2019 17:50,4
7/13/2019 18:00,4
7/13/2019 18:10,4
7/13/2019 18:20,4
7/13/2019 18:30,4
7/13/2019 18:40,4
7/13/2019 18:50,4
7/13/2019 19:00,4
7/13/2019 19:10,5
7/13/2019 19:20,4
7/13/2019 19:30,4
7/13/2019 19:40,4
7/13/2019 19:50,4
7/13/2019 20:00,4
7/13/2019 20:10,4
7/13/2019 20:20,2
7/13/2019 20:30,0
7/13/2019 20:40,1
7/13/2019 20:50,1
7/13/2019 21:00,0
7/13/2019 21:10,2
7/13/2019 21:20,3
7/13/2019 21:30,2
7/13/2019 21:40,1
7/13/2019 21:50,1
7/13/2019 22:00,2
7/13/2019 22:10,2
7/13/2019 22:20,1
7/13/2019 22:30,1
7/13/2019 22:40,1
7/13/2019 22:50,1
7/13/2019 23:00,1
7/13/2019 23:10,1
7/13/2019 23:20,1
7/13/2019 23:30,1
7/13/2019 23:40,1
7/13/2019 23:50,1
7/14/2019 0:00,2
7/14/2019 0:10,2
7/14/2019 0:20,1
7/14/2019 0:30,1
7/14/2019 0:40,1
7/14/2019 0:50,2
7/14/2019 1:00,1
7/14/2019 1:10,1
7/14/2019 1:20,0
7/14/2019 1:30,1
7/14/2019 1:40,1
7/14/2019 1:50,1
7/14/2019 2:00,1
7/14/2019 2:10,2
7/14/2019 2:20,2
7/14/2019 2:30,2
7/14/2019 2:40,2
7/14/2019 2:50,1
7/14/2019 3:00,0
7/14/2019 3:10,0
7/14/2019 3:20,0
7/14/2019 3:30,0
7/14/2019 3:40,0
7/14/2019 3:50,0
7/14/2019 4:00,0
7/14/2019 4:10,0
7/14/2019 4:20,0
7/14/2019 4:30,0
7/14/2019 4:40,0
7/14/2019 4:50,0
7/14/2019 5:00,0
7/14/2019 5:10,0
7/14/2019 5:20,0
7/14/2019 5:30,0
7/14/2019 5:40,0
7/14/2019 5:50,0
7/14/2019 6:00,0
7/14/2019 6:10,0
7/14/2019 6:20,0
7/14/2019 6:30,0
7/14/2019 6:40,0
7/14/2019 6:50,0
7/14/2019 7:00,0
7/14/2019 7:10,0
7/14/2019 7:20,0
7/14/2019 7:30,0
7/14/2019 7:40,0
7/14/2019 7:50,0
7/14/2019 8:00,0
7/14/2019 8:10,0
7/14/2019 8:20,0
7/14/2019 8:30,0
7/14/2019 8:40,0
7/14/2019 8:50,1
7/14/2019 9:00,1
7/14/2019 9:10,0
7/14/2019 9:20,0
7/14/2019 9:30,0
7/14/2019 9:40,0
7/14/2019 9:50,0
7/14/2019 10:00,0
7/14/2019 10:10,0
7/14/2019 10:20,0
7/14/2019 10:30,0
7/14/2019 10:40,0
7/14/2019 10:50,2
7/14/2019 11:00,3
7/14/2019 11:10,3
7/14/2019 11:20,3
7/14/2019 11:30,3
7/14/2019 11:40,3
7/14/2019 11:50,3
7/14/2019 12:00,2
7/14/2019 12:10,2
7/14/2019 12:20,2
7/14/2019 12:30,3
7/14/2019 12:40,3
7/14/2019 12:50,3
7/14/2019 13:00,2
7/14/2019 13:10,2
7/14/2019 13:20,2
7/14/2019 13:30,1
7/14/2019 13:40,0
7/14/2019 13:50,1
7/14/2019 14:00,1
7/14/2019 14:10,1
7/14/2019 14:20,1
7/14/2019 14:30,1
7/14/2019 14:40,2
7/14/2019 14:50,2
7/14/2019 15:00,1
7/14/2019 15:10,2
7/14/2019 15:20,2
7/14/2019 15:30,2
7/14/2019 15:40,2
7/14/2019 15:50,3
7/14/2019 16:00,3
7/14/2019 16:10,2
7/14/2019 16:20,3
7/14/2019 16:30,3
7/14/2019 16:40,3
7/14/2019 16:50,3
7/14/2019 17:00,3
7/14/2019 17:10,3
7/14/2019 17:20,3
7/14/2019 17:30,3
7/14/2019 17:40,2
7/14/2019 17:50,3
7/14/2019 18:00,3
7/14/2019 18:10,3
7/14/2019 18:20,3
7/14/2019 18:30,3
7/14/2019 18:40,3
7/14/2019 18:50,3
7/14/2019 19:00,3
7/14/2019 19:10,3
7/14/2019 19:20,4
7/14/2019 19:30,4
7/14/2019 19:40,3
7/14/2019 19:50,1
7/14/2019 20:00,1
7/14/2019 20:10,1
7/14/2019 20:20,1
7/14/2019 20:30,1
7/14/2019 20:40,0
7/14/2019 20:50,0
7/14/2019 21:00,0
7/14/2019 21:10,0
7/14/2019 21:20,1
7/14/2019 21:30,1
7/14/2019 21:40,1
7/14/2019 21:50,1
7/14/2019 22:00,1
7/14/2019 22:10,1
7/14/2019 22:20,1
7/14/2019 22:30,1
7/14/2019 22:40,1
7/14/2019 22:50,1
7/14/2019 23:00,1
7/14/2019 23:10,1
7/14/2019 23:20,1
7/14/2019 23:30,1
7/14/2019 23:40,1
7/14/2019 23:50,1
7/15/2019 0:00,1
7/15/2019 0:10,1
7/15/2019 0:20,2
7/15/2019 0:30,2
7/15/2019 0:40,2
7/15/2019 0:50,2
7/15/2019 1:00,2
7/15/2019 1:10,2
7/15/2019 1:20,2
7/15/2019 1:30,2
7/15/2019 1:40,2
7/15/2019 1:50,2
7/15/2019 2:00,2
7/15/2019 2:10,2
7/15/2019 2:20,1
7/15/2019 2:30,1
7/15/2019 2:40,1
7/15/2019 2:50,1
7/15/2019 3:00,1
7/15/2019 3:10,1
7/15/2019 3:20,1
7/15/2019 3:30,1
7/15/2019 3:40,1
7/15/2019 3:50,1
7/15/2019 4:00,1
7/15/2019 4:10,1
7/15/2019 4:20,1
7/15/2019 4:30,1
7/15/2019 4:40,1
7/15/2019 4:50,1
7/15/2019 5:00,1
7/15/2019 5:10,1
7/15/2019 5:20,0
7/15/2019 5:30,0
7/15/2019 5:40,0
7/15/2019 5:50,0
7/15/2019 6:00,0
7/15/2019 6:10,0
7/15/2019 6:20,0
7/15/2019 6:30,0
7/15/2019 6:40,0
7/15/2019 6:50,0
7/15/2019 7:00,1
7/15/2019 7:10,1
7/15/2019 7:20,1
7/15/2019 7:30,1
7/15/2019 7:40,2
7/15/2019 7:50,4
7/15/2019 8:00,8
7/15/2019 8:10,8
7/15/2019 8:20,9
7/15/2019 8:30,12
7/15/2019 8:40,12
7/15/2019 8:50,15
7/15/2019 9:00,17
7/15/2019 9:10,21
7/15/2019 9:20,24
7/15/2019 9:30,24
7/15/2019 9:40,25
7/15/2019 9:50,26
7/15/2019 10:00,26
7/15/2019 10:10,27
7/15/2019 10:20,26
7/15/2019 10:30,26
7/15/2019 10:40,27
7/15/2019 10:50,28
7/15/2019 11:00,17
7/15/2019 11:10,29
7/15/2019 11:20,29
7/15/2019 11:30,28
7/15/2019 11:40,26
7/15/2019 11:50,30
7/15/2019 12:00,28
7/15/2019 12:10,28
7/15/2019 12:20,26
7/15/2019 12:30,18
7/15/2019 12:40,20
7/15/2019 12:50,21
7/15/2019 13:00,23
7/15/2019 13:10,23
7/15/2019 13:20,26
7/15/2019 13:30,23
7/15/2019 13:40,28
7/15/2019 13:50,21
7/15/2019 14:00,27
7/15/2019 14:10,29
7/15/2019 14:20,23
7/15/2019 14:30,23
7/15/2019 14:40,26
7/15/2019 14:50,23
7/15/2019 15:00,26
7/15/2019 15:10,28
7/15/2019 15:20,28
7/15/2019 15:30,25
7/15/2019 15:40,22
7/15/2019 15:50,26
7/15/2019 16:00,24
7/15/2019 16:10,22
7/15/2019 16:20,24
7/15/2019 16:30,26
7/15/2019 16:40,25
7/15/2019 16:50,24
7/15/2019 17:00,23
7/15/2019 17:10,17
7/15/2019 17:20,15
7/15/2019 17:30,15
7/15/2019 17:40,14
7/15/2019 17:50,13
7/15/2019 18:00,11
7/15/2019 18:10,9
7/15/2019 18:20,8
7/15/2019 18:30,8
7/15/2019 18:40,7
7/15/2019 18:50,8
7/15/2019 19:00,8
7/15/2019 19:10,7
7/15/2019 19:20,6
7/15/2019 19:30,4
7/15/2019 19:40,2
7/15/2019 19:50,3
7/15/2019 20:00,3
7/15/2019 20:10,4
7/15/2019 20:20,3
7/15/2019 20:30,2
7/15/2019 20:40,2
7/15/2019 20:50,2
7/15/2019 21:00,2
7/15/2019 21:10,2
7/15/2019 21:20,2
7/15/2019 21:30,2
7/15/2019 21:40,2
7/15/2019 21:50,2
7/15/2019 22:00,2
7/15/2019 22:10,2
7/15/2019 22:20,2
7/15/2019 22:30,2
7/15/2019 22:40,2
7/15/2019 22:50,2
7/15/2019 23:00,2
7/15/2019 23:10,2
7/15/2019 23:20,2
7/15/2019 23:30,2
7/15/2019 23:40,2
7/15/2019 23:50,2
7/16/2019 0:00,2
7/16/2019 0:10,2
7/16/2019 0:20,2
7/16/2019 0:30,2
7/16/2019 0:40,2
7/16/2019 0:50,2
7/16/2019 1:00,2
7/16/2019 1:10,2
7/16/2019 1:20,2
7/16/2019 1:30,2
7/16/2019 1:40,2
7/16/2019 1:50,2
7/16/2019 2:00,2
7/16/2019 2:10,2
7/16/2019 2:20,2
7/16/2019 2:30,2
7/16/2019 2:40,2
7/16/2019 2:50,2
7/16/2019 3:00,2
7/16/2019 3:10,2
7/16/2019 3:20,2
7/16/2019 3:30,2
7/16/2019 3:40,2
7/16/2019 3:50,2
7/16/2019 4:00,2
7/16/2019 4:10,2
7/16/2019 4:20,2
7/16/2019 4:30,2
7/16/2019 4:40,2
7/16/2019 4:50,2
7/16/2019 5:00,2
7/16/2019 5:10,2
7/16/2019 5:20,2
7/16/2019 5:30,2
7/16/2019 5:40,2
7/16/2019 5:50,2
7/16/2019 6:00,3
7/16/2019 6:10,2
7/16/2019 6:20,2
7/16/2019 6:30,2
7/16/2019 6:40,2
7/16/2019 6:50,2
7/16/2019 7:00,1
7/16/2019 7:10,2
7/16/2019 7:20,2
7/16/2019 7:30,2
7/16/2019 7:40,2
7/16/2019 7:50,3
7/16/2019 8:00,6
7/16/2019 8:10,11
7/16/2019 8:20,13
7/16/2019 8:30,17
7/16/2019 8:40,19
7/16/2019 8:50,20
7/16/2019 9:00,24
7/16/2019 9:10,27
7/16/2019 9:20,28
7/16/2019 9:30,28
7/16/2019 9:40,30
7/16/2019 9:50,30
7/16/2019 10:00,27
7/16/2019 10:10,23
7/16/2019 10:20,30
7/16/2019 10:30,32
7/16/2019 10:40,31
7/16/2019 10:50,32
7/16/2019 11:00,33
7/16/2019 11:10,34
7/16/2019 11:20,35
7/16/2019 11:30,36
7/16/2019 11:40,34
7/16/2019 11:50,30
7/16/2019 12:00,33
7/16/2019 12:10,34
7/16/2019 12:20,31
7/16/2019 12:30,36
7/16/2019 12:40,32
7/16/2019 12:50,29
7/16/2019 13:00,28
7/16/2019 13:10,27
7/16/2019 13:20,22
7/16/2019 13:30,14
7/16/2019 13:40,21
7/16/2019 13:50,32
7/16/2019 14:00,33
7/16/2019 14:10,28
7/16/2019 14:20,33
7/16/2019 14:30,31
7/16/2019 14:40,27
7/16/2019 14:50,30
7/16/2019 15:00,30
7/16/2019 15:10,30
7/16/2019 15:20,32
7/16/2019 15:30,34
7/16/2019 15:40,33
7/16/2019 15:50,31
7/16/2019 16:00,29
7/16/2019 16:10,30
7/16/2019 16:20,30
7/16/2019 16:30,26
7/16/2019 16:40,19
7/16/2019 16:50,17
7/16/2019 17:00,16
7/16/2019 17:10,14
7/16/2019 17:20,8
7/16/2019 17:30,5
7/16/2019 17:40,6
7/16/2019 17:50,7
7/16/2019 18:00,5
7/16/2019 18:10,4
7/16/2019 18:20,4
7/16/2019 18:30,4
7/16/2019 18:40,2
7/16/2019 18:50,2
7/16/2019 19:00,2
7/16/2019 19:10,2
7/16/2019 19:20,3
7/16/2019 19:30,3
7/16/2019 19:40,2
7/16/2019 19:50,1
7/16/2019 20:00,1
7/16/2019 20:10,1
7/16/2019 20:20,1
7/16/2019 20:30,1
7/16/2019 20:40,0
7/16/2019 20:50,0
7/16/2019 21:00,0
7/16/2019 21:10,0
7/16/2019 21:20,0
7/16/2019 21:30,0
7/16/2019 21:40,1
7/16/2019 21:50,1
7/16/2019 22:00,1
7/16/2019 22:10,0
7/16/2019 22:20,1
7/16/2019 22:30,2
7/16/2019 22:40,2
7/16/2019 22:50,2
7/16/2019 23:00,2
7/16/2019 23:10,2
7/16/2019 23:20,2
7/16/2019 23:30,2
7/16/2019 23:40,2
7/16/2019 23:50,2
7/17/2019 0:00,1
7/17/2019 0:10,1
7/17/2019 0:20,1
7/17/2019 0:30,1
7/17/2019 0:40,1
7/17/2019 0:50,1
7/17/2019 1:00,1
7/17/2019 1:10,1
7/17/2019 1:20,1
7/17/2019 1:30,1
7/17/2019 1:40,1
7/17/2019 1:50,1
7/17/2019 2:00,1
7/17/2019 2:10,1
7/17/2019 2:20,1
7/17/2019 2:30,1
7/17/2019 2:40,1
7/17/2019 2:50,1
7/17/2019 3:00,1
7/17/2019 3:10,1
7/17/2019 3:20,1
7/17/2019 3:30,1
7/17/2019 3:40,1
7/17/2019 3:50,1
7/17/2019 4:00,1
7/17/2019 4:10,1
7/17/2019 4:20,1
7/17/2019 4:30,1
7/17/2019 4:40,1
7/17/2019 4:50,1
7/17/2019 5:00,1
7/17/2019 5:10,1
7/17/2019 5:20,1
7/17/2019 5:30,1
7/17/2019 5:40,1
7/17/2019 5:50,1
7/17/2019 6:00,1
7/17/2019 6:10,2
7/17/2019 6:20,2
7/17/2019 6:30,2
7/17/2019 6:40,2
7/17/2019 6:50,2
7/17/2019 7:00,2
7/17/2019 7:10,2
7/17/2019 7:20,3
7/17/2019 7:30,5
7/17/2019 7:40,5
7/17/2019 7:50,4
7/17/2019 8:00,7
7/17/2019 8:10,7
7/17/2019 8:20,6
7/17/2019 8:30,7
7/17/2019 8:40,7
7/17/2019 8:50,10
7/17/2019 9:00,13
7/17/2019 9:10,14
7/17/2019 9:20,19
7/17/2019 9:30,20
7/17/2019 9:40,18
7/17/2019 9:50,16
7/17/2019 10:00,19
7/17/2019 10:10,20
7/17/2019 10:20,20
7/17/2019 10:30,19
7/17/2019 10:40,19
7/17/2019 10:50,22
7/17/2019 11:00,22
7/17/2019 11:10,19
7/17/2019 11:20,19
7/17/2019 11:30,20
7/17/2019 11:40,23
7/17/2019 11:50,16
7/17/2019 12:00,18
7/17/2019 12:10,22
7/17/2019 12:20,16
7/17/2019 12:30,16
7/17/2019 12:40,15
7/17/2019 12:50,14
7/17/2019 13:00,14
7/17/2019 13:10,17
7/17/2019 13:20,14
7/17/2019 13:30,19
7/17/2019 13:40,13
7/17/2019 13:50,16
7/17/2019 14:00,21
7/17/2019 14:10,16
7/17/2019 14:20,26
7/17/2019 14:30,27
7/17/2019 14:40,28
7/17/2019 14:50,26
7/17/2019 15:00,24
7/17/2019 15:10,21
7/17/2019 15:20,25
7/17/2019 15:30,26
7/17/2019 15:40,27
7/17/2019 15:50,28
7/17/2019 16:00,25
7/17/2019 16:10,24
7/17/2019 16:20,25
7/17/2019 16:30,23
7/17/2019 16:40,20
7/17/2019 16:50,19
7/17/2019 17:00,21
7/17/2019 17:10,16
7/17/2019 17:20,14
7/17/2019 17:30,11
7/17/2019 17:40,10
7/17/2019 17:50,8
7/17/2019 18:00,6
7/17/2019 18:10,4
7/17/2019 18:20,1
7/17/2019 18:30,0
7/17/2019 18:40,1
7/17/2019 18:50,2
7/17/2019 19:00,1
7/17/2019 19:10,1
7/17/2019 19:20,1
7/17/2019 19:30,1
7/17/2019 19:40,1
7/17/2019 19:50,0
7/17/2019 20:00,0
7/17/2019 20:10,0
7/17/2019 20:20,0
7/17/2019 20:30,0
7/17/2019 20:40,0
7/17/2019 20:50,1
7/17/2019 21:00,2
7/17/2019 21:10,2
7/17/2019 21:20,0
7/17/2019 21:30,1
7/17/2019 21:40,1
7/17/2019 21:50,1
7/17/2019 22:00,1
7/17/2019 22:10,1
7/17/2019 22:20,1
7/17/2019 22:30,1
7/17/2019 22:40,1
7/17/2019 22:50,1
7/17/2019 23:00,1
7/17/2019 23:10,1
7/17/2019 23:20,1
7/17/2019 23:30,1
7/17/2019 23:40,1
7/17/2019 23:50,1
7/18/2019 0:00,1
7/18/2019 0:10,1
7/18/2019 0:20,1
7/18/2019 0:30,1
7/18/2019 0:40,1
7/18/2019 0:50,1
7/18/2019 1:00,1
7/18/2019 1:10,1
7/18/2019 1:20,1
7/18/2019 1:30,1
7/18/2019 1:40,1
7/18/2019 1:50,1
7/18/2019 2:00,1
7/18/2019 2:10,1
7/18/2019 2:20,1
7/18/2019 2:30,1
7/18/2019 2:40,1
7/18/2019 2:50,1
7/18/2019 3:00,1
7/18/2019 3:10,1
7/18/2019 3:20,1
7/18/2019 3:30,1
7/18/2019 3:40,1
7/18/2019 3:50,1
7/18/2019 4:00,1
7/18/2019 4:10,1
7/18/2019 4:20,1
7/18/2019 4:30,1
7/18/2019 4:40,1
7/18/2019 4:50,1
7/18/2019 5:00,1
7/18/2019 5:10,1
7/18/2019 5:20,1
7/18/2019 5:30,1
7/18/2019 5:40,1
7/18/2019 5:50,1
7/18/2019 6:00,1
7/18/2019 6:10,1
7/18/2019 6:20,1
7/18/2019 6:30,1
7/18/2019 6:40,1
7/18/2019 6:50,1
7/18/2019 7:00,1
7/18/2019 7:10,2
7/18/2019 7:20,2
7/18/2019 7:30,2
7/18/2019 7:40,2
7/18/2019 7:50,2
7/18/2019 8:00,3
7/18/2019 8:10,5
7/18/2019 8:20,8
7/18/2019 8:30,9
7/18/2019 8:40,12
7/18/2019 8:50,13
7/18/2019 9:00,14
7/18/2019 9:10,17
7/18/2019 9:20,19
7/18/2019 9:30,24
7/18/2019 9:40,21
7/18/2019 9:50,28
7/18/2019 10:00,29
7/18/2019 10:10,31
7/18/2019 10:20,29
7/18/2019 10:30,26
7/18/2019 10:40,29
7/18/2019 10:50,28
7/18/2019 11:00,25
7/18/2019 11:10,23
7/18/2019 11:20,26
7/18/2019 11:30,31
7/18/2019 11:40,26
7/18/2019 11:50,28
7/18/2019 12:00,28
7/18/2019 12:10,31
7/18/2019 12:20,29
7/18/2019 12:30,25
7/18/2019 12:40,23
7/18/2019 12:50,24
7/18/2019 13:00,26
7/18/2019 13:10,26
7/18/2019 13:20,21
7/18/2019 13:30,29
7/18/2019 13:40,29
7/18/2019 13:50,28
7/18/2019 14:00,32
7/18/2019 14:10,28
7/18/2019 14:20,27
7/18/2019 14:30,30
7/18/2019 14:40,31
7/18/2019 14:50,29
7/18/2019 15:00,29
7/18/2019 15:10,29
7/18/2019 15:20,32
7/18/2019 15:30,33
7/18/2019 15:40,30
7/18/2019 15:50,26
7/18/2019 16:00,17
7/18/2019 16:10,22
7/18/2019 16:20,19
7/18/2019 16:30,19
7/18/2019 16:40,21
7/18/2019 16:50,21
7/18/2019 17:00,21
7/18/2019 17:10,19
7/18/2019 17:20,12
7/18/2019 17:30,14
7/18/2019 17:40,11
7/18/2019 17:50,8
7/18/2019 18:00,6
7/18/2019 18:10,5
7/18/2019 18:20,5
7/18/2019 18:30,5
7/18/2019 18:40,4
7/18/2019 18:50,5
7/18/2019 19:00,5
7/18/2019 19:10,5
7/18/2019 19:20,3
7/18/2019 19:30,2
7/18/2019 19:40,1
7/18/2019 19:50,1
7/18/2019 20:00,2
7/18/2019 20:10,1
7/18/2019 20:20,0
7/18/2019 20:30,0
7/18/2019 20:40,0
7/18/2019 20:50,0
7/18/2019 21:00,0
7/18/2019 21:10,0
7/18/2019 21:20,0
7/18/2019 21:30,1
7/18/2019 21:40,0
7/18/2019 21:50,0
7/18/2019 22:00,0
7/18/2019 22:10,0
7/18/2019 22:20,0
7/18/2019 22:30,0
7/18/2019 22:40,0
7/18/2019 22:50,0
7/18/2019 23:00,0
7/18/2019 23:10,0
7/18/2019 23:20,0
7/18/2019 23:30,0
7/18/2019 23:40,0
7/18/2019 23:50,0
7/19/2019 0:00,0
7/19/2019 0:10,0
7/19/2019 0:20,0
7/19/2019 0:30,0
7/19/2019 0:40,0
7/19/2019 0:50,0
7/19/2019 1:00,0
7/19/2019 1:10,0
7/19/2019 1:20,0
7/19/2019 1:30,0
7/19/2019 1:40,0
7/19/2019 1:50,0
7/19/2019 2:00,0
7/19/2019 2:10,0
7/19/2019 2:20,0
7/19/2019 2:30,0
7/19/2019 2:40,0
7/19/2019 2:50,0
7/19/2019 3:00,0
7/19/2019 3:10,0
7/19/2019 3:20,0
7/19/2019 3:30,0
7/19/2019 3:40,0
7/19/2019 3:50,0
7/19/2019 4:00,0
7/19/2019 4:10,0
7/19/2019 4:20,0
7/19/2019 4:30,0
7/19/2019 4:40,0
7/19/2019 4:50,0
7/19/2019 5:00,0
7/19/2019 5:10,0
7/19/2019 5:20,0
7/19/2019 5:30,0
7/19/2019 5:40,0
7/19/2019 5:50,0
7/19/2019 6:00,0
7/19/2019 6:10,1
7/19/2019 6:20,1
7/19/2019 6:30,0
7/19/2019 6:40,0
7/19/2019 6:50,0
7/19/2019 7:00,0
7/19/2019 7:10,0
7/19/2019 7:20,0
7/19/2019 7:30,1
7/19/2019 7:40,1
7/19/2019 7:50,1
7/19/2019 8:00,1
7/19/2019 8:10,3
7/19/2019 8:20,8
7/19/2019 8:30,9
7/19/2019 8:40,13
7/19/2019 8:50,12
7/19/2019 9:00,16
7/19/2019 9:10,23
7/19/2019 9:20,28
7/19/2019 9:30,26
7/19/2019 9:40,25
7/19/2019 9:50,30
7/19/2019 10:00,32
7/19/2019 10:10,28
7/19/2019 10:20,31
7/19/2019 10:30,29
7/19/2019 10:40,25
7/19/2019 10:50,24
7/19/2019 11:00,26
7/19/2019 11:10,26
7/19/2019 11:20,27
7/19/2019 11:30,26
7/19/2019 11:40,23
7/19/2019 11:50,16
7/19/2019 12:00,24
7/19/2019 12:10,23
7/19/2019 12:20,19
7/19/2019 12:30,20
7/19/2019 12:40,17
7/19/2019 12:50,18
7/19/2019 13:00,18
7/19/2019 13:10,22
7/19/2019 13:20,28
7/19/2019 13:30,28
7/19/2019 13:40,28
7/19/2019 13:50,30
7/19/2019 14:00,28
7/19/2019 14:10,29
7/19/2019 14:20,28
7/19/2019 14:30,26
7/19/2019 14:40,29
7/19/2019 14:50,27
7/19/2019 15:00,31
7/19/2019 15:10,27
7/19/2019 15:20,26
7/19/2019 15:30,23
7/19/2019 15:40,22
7/19/2019 15:50,20
7/19/2019 16:00,22
7/19/2019 16:10,14
7/19/2019 16:20,21
7/19/2019 16:30,21
7/19/2019 16:40,21
7/19/2019 16:50,23
7/19/2019 17:00,20
7/19/2019 17:10,19
7/19/2019 17:20,16
7/19/2019 17:30,16
7/19/2019 17:40,15
7/19/2019 17:50,13
7/19/2019 18:00,8
7/19/2019 18:10,5
7/19/2019 18:20,4
7/19/2019 18:30,0
7/19/2019 18:40,0
7/19/2019 18:50,0
7/19/2019 19:00,0
7/19/2019 19:10,0
7/19/2019 19:20,0
7/19/2019 19:30,0
7/19/2019 19:40,0
7/19/2019 19:50,0
7/19/2019 20:00,0
7/19/2019 20:10,0
7/19/2019 20:20,0
7/19/2019 20:30,0
7/19/2019 20:40,0
7/19/2019 20:50,0
7/19/2019 21:00,0
7/19/2019 21:10,0
7/19/2019 21:20,0
7/19/2019 21:30,1
7/19/2019 21:40,1
7/19/2019 21:50,1
7/19/2019 22:00,0
7/19/2019 22:10,1
7/19/2019 22:20,1
7/19/2019 22:30,1
7/19/2019 22:40,1
7/19/2019 22:50,1
7/19/2019 23:00,1
7/19/2019 23:10,1
7/19/2019 23:20,1
7/19/2019 23:30,1
7/19/2019 23:40,1
7/19/2019 23:50,1
7/20/2019 0:00,1
7/20/2019 0:10,1
7/20/2019 0:20,1
7/20/2019 0:30,1
7/20/2019 0:40,2
7/20/2019 0:50,1
7/20/2019 1:00,1
7/20/2019 1:10,1
7/20/2019 1:20,1
7/20/2019 1:30,1
7/20/2019 1:40,1
7/20/2019 1:50,1
7/20/2019 2:00,1
7/20/2019 2:10,1
7/20/2019 2:20,1
7/20/2019 2:30,1
7/20/2019 2:40,1
7/20/2019 2:50,1
7/20/2019 3:00,1
7/20/2019 3:10,1
7/20/2019 3:20,1
7/20/2019 3:30,1
7/20/2019 3:40,1
7/20/2019 3:50,1
7/20/2019 4:00,2
7/20/2019 4:10,2
7/20/2019 4:20,1
7/20/2019 4:30,1
7/20/2019 4:40,1
7/20/2019 4:50,1
7/20/2019 5:00,1
7/20/2019 5:10,1
7/20/2019 5:20,1
7/20/2019 5:30,1
7/20/2019 5:40,1
7/20/2019 5:50,1
7/20/2019 6:00,1
7/20/2019 6:10,1
7/20/2019 6:20,1
7/20/2019 6:30,1
7/20/2019 6:40,1
7/20/2019 6:50,1
7/20/2019 7:00,0
7/20/2019 7:10,1
7/20/2019 7:20,1
7/20/2019 7:30,1
7/20/2019 7:40,1
7/20/2019 7:50,1
7/20/2019 8:00,1
7/20/2019 8:10,1
7/20/2019 8:20,1
7/20/2019 8:30,1
7/20/2019 8:40,1
7/20/2019 8:50,1
7/20/2019 9:00,1
7/20/2019 9:10,1
7/20/2019 9:20,1
7/20/2019 9:30,1
7/20/2019 9:40,0
7/20/2019 9:50,0
7/20/2019 10:00,0
7/20/2019 10:10,0
7/20/2019 10:20,1
7/20/2019 10:30,1
7/20/2019 10:40,1
7/20/2019 10:50,1
7/20/2019 11:00,1
7/20/2019 11:10,1
7/20/2019 11:20,1
7/20/2019 11:30,0
7/20/2019 11:40,0
7/20/2019 11:50,0
7/20/2019 12:00,0
7/20/2019 12:10,0
7/20/2019 12:20,0
7/20/2019 12:30,0
7/20/2019 12:40,0
7/20/2019 12:50,0
7/20/2019 13:00,0
7/20/2019 13:10,0
7/20/2019 13:20,0
7/20/2019 13:30,1
7/20/2019 13:40,0
7/20/2019 13:50,0
7/20/2019 14:00,0
7/20/2019 14:10,0
7/20/2019 14:20,0
7/20/2019 14:30,1
7/20/2019 14:40,1
7/20/2019 14:50,2
7/20/2019 15:00,2
7/20/2019 15:10,1
7/20/2019 15:20,1
7/20/2019 15:30,1
7/20/2019 15:40,1
7/20/2019 15:50,1
7/20/2019 16:00,1
7/20/2019 16:10,1
7/20/2019 16:20,1
7/20/2019 16:30,1
7/20/2019 16:40,1
7/20/2019 16:50,1
7/20/2019 17:00,1
7/20/2019 17:10,1
7/20/2019 17:20,1
7/20/2019 17:30,1
7/20/2019 17:40,1
7/20/2019 17:50,1
7/20/2019 18:00,1
7/20/2019 18:10,1
7/20/2019 18:20,1
7/20/2019 18:30,1
7/20/2019 18:40,1
7/20/2019 18:50,2
7/20/2019 19:00,1
7/20/2019 19:10,1
7/20/2019 19:20,1
7/20/2019 19:30,1
7/20/2019 19:40,1
7/20/2019 19:50,2
7/20/2019 20:00,3
7/20/2019 20:10,3
7/20/2019 20:20,2
7/20/2019 20:30,1
7/20/2019 20:40,1
7/20/2019 20:50,1
7/20/2019 21:00,1
7/20/2019 21:10,1
7/20/2019 21:20,1
7/20/2019 21:30,1
7/20/2019 21:40,1
7/20/2019 21:50,1
7/20/2019 22:00,2
7/20/2019 22:10,1
7/20/2019 22:20,1
7/20/2019 22:30,1
7/20/2019 22:40,2
7/20/2019 22:50,1
7/20/2019 23:00,1
7/20/2019 23:10,1
7/20/2019 23:20,1
7/20/2019 23:30,1
7/20/2019 23:40,1
7/20/2019 23:50,1
7/21/2019 0:00,1
7/21/2019 0:10,1
7/21/2019 0:20,1
7/21/2019 0:30,1
7/21/2019 0:40,1
7/21/2019 0:50,1
7/21/2019 1:00,1
7/21/2019 1:10,1
7/21/2019 1:20,1
7/21/2019 1:30,2
7/21/2019 1:40,2
7/21/2019 1:50,1
7/21/2019 2:00,1
7/21/2019 2:10,1
7/21/2019 2:20,1
7/21/2019 2:30,1
7/21/2019 2:40,1
7/21/2019 2:50,1
7/21/2019 3:00,1
7/21/2019 3:10,1
7/21/2019 3:20,1
7/21/2019 3:30,1
7/21/2019 3:40,1
7/21/2019 3:50,1
7/21/2019 4:00,1
7/21/2019 4:10,1
7/21/2019 4:20,1
7/21/2019 4:30,1
7/21/2019 4:40,1
7/21/2019 4:50,1
7/21/2019 5:00,1
7/21/2019 5:10,1
7/21/2019 5:20,1
7/21/2019 5:30,1
7/21/2019 5:40,1
7/21/2019 5:50,1
7/21/2019 6:00,1
7/21/2019 6:10,1
7/21/2019 6:20,1
7/21/2019 6:30,1
7/21/2019 6:40,1
7/21/2019 6:50,1
7/21/2019 7:00,1
7/21/2019 7:10,1
7/21/2019 7:20,1
7/21/2019 7:30,1
7/21/2019 7:40,1
7/21/2019 7:50,0
7/21/2019 8:00,0
7/21/2019 8:10,0
7/21/2019 8:20,0
7/21/2019 8:30,0
7/21/2019 8:40,0
7/21/2019 8:50,0
7/21/2019 9:00,0
7/21/2019 9:10,0
7/21/2019 9:20,0
7/21/2019 9:30,0
7/21/2019 9:40,0
7/21/2019 9:50,0
7/21/2019 10:00,0
7/21/2019 10:10,0
7/21/2019 10:20,0
7/21/2019 10:30,1
7/21/2019 10:40,1
7/21/2019 10:50,1
7/21/2019 11:00,1
7/21/2019 11:10,0
7/21/2019 11:20,0
7/21/2019 11:30,0
7/21/2019 11:40,0
7/21/2019 11:50,0
7/21/2019 12:00,0
7/21/2019 12:10,0
7/21/2019 12:20,0
7/21/2019 12:30,0
7/21/2019 12:40,0
7/21/2019 12:50,0
7/21/2019 13:00,0
7/21/2019 13:10,0
7/21/2019 13:20,0
7/21/2019 13:30,0
7/21/2019 13:40,0
7/21/2019 13:50,0
7/21/2019 14:00,0
7/21/2019 14:10,0
7/21/2019 14:20,0
7/21/2019 14:30,1
7/21/2019 14:40,1
7/21/2019 14:50,1
7/21/2019 15:00,1
7/21/2019 15:10,1
7/21/2019 15:20,1
7/21/2019 15:30,1
7/21/2019 15:40,1
7/21/2019 15:50,1
7/21/2019 16:00,1
7/21/2019 16:10,1
7/21/2019 16:20,1
7/21/2019 16:30,0
7/21/2019 16:40,0
7/21/2019 16:50,0
7/21/2019 17:00,0
7/21/2019 17:10,1
7/21/2019 17:20,0
7/21/2019 17:30,0
7/21/2019 17:40,0
7/21/2019 17:50,0
7/21/2019 18:00,0
7/21/2019 18:10,0
7/21/2019 18:20,0
7/21/2019 18:30,0
7/21/2019 18:40,1
7/21/2019 18:50,1
7/21/2019 19:00,1
7/21/2019 19:10,1
7/21/2019 19:20,1
7/21/2019 19:30,1
7/21/2019 19:40,1
7/21/2019 19:50,1
7/21/2019 20:00,1
7/21/2019 20:10,1
7/21/2019 20:20,1
7/21/2019 20:30,1
7/21/2019 20:40,1
7/21/2019 20:50,2
7/21/2019 21:00,1
7/21/2019 21:10,0
7/21/2019 21:20,0
7/21/2019 21:30,0
7/21/2019 21:40,0
7/21/2019 21:50,0
7/21/2019 22:00,0
7/21/2019 22:10,0
7/21/2019 22:20,0
7/21/2019 22:30,0
7/21/2019 22:40,0
7/21/2019 22:50,1
7/21/2019 23:00,1
7/21/2019 23:10,1
7/21/2019 23:20,1
7/21/2019 23:30,1
7/21/2019 23:40,1
7/21/2019 23:50,1
7/22/2019 0:00,1
7/22/2019 0:10,1
7/22/2019 0:20,1
7/22/2019 0:30,1
7/22/2019 0:40,1
7/22/2019 0:50,1
7/22/2019 1:00,1
7/22/2019 1:10,1
7/22/2019 1:20,1
7/22/2019 1:30,1
7/22/2019 1:40,1
7/22/2019 1:50,1
7/22/2019 2:00,1
7/22/2019 2:10,1
7/22/2019 2:20,1
7/22/2019 2:30,1
7/22/2019 2:40,1
7/22/2019 2:50,1
7/22/2019 3:00,1
7/22/2019 3:10,1
7/22/2019 3:20,1
7/22/2019 3:30,1
7/22/2019 3:40,1
7/22/2019 3:50,1
7/22/2019 4:00,1
7/22/2019 4:10,1
7/22/2019 4:20,1
7/22/2019 4:30,1
7/22/2019 4:40,1
7/22/2019 4:50,1
7/22/2019 5:00,1
7/22/2019 5:10,1
7/22/2019 5:20,1
7/22/2019 5:30,1
7/22/2019 5:40,1
7/22/2019 5:50,1
7/22/2019 6:00,1
7/22/2019 6:10,1
7/22/2019 6:20,1
7/22/2019 6:30,1
7/22/2019 6:40,1
7/22/2019 6:50,1
7/22/2019 7:00,1
7/22/2019 7:10,1
7/22/2019 7:20,0
7/22/2019 7:30,1
7/22/2019 7:40,2
7/22/2019 7:50,2
7/22/2019 8:00,2
7/22/2019 8:10,4
7/22/2019 8:20,7
7/22/2019 8:30,8
7/22/2019 8:40,9
7/22/2019 8:50,9
7/22/2019 9:00,12
7/22/2019 9:10,16
7/22/2019 9:20,19
7/22/2019 9:30,20
7/22/2019 9:40,22
7/22/2019 9:50,22
7/22/2019 10:00,26
7/22/2019 10:10,25
7/22/2019 10:20,17
7/22/2019 10:30,27
7/22/2019 10:40,27
7/22/2019 10:50,26
7/22/2019 11:00,21
7/22/2019 11:10,23
7/22/2019 11:20,23
7/22/2019 11:30,29
7/22/2019 11:40,28
7/22/2019 11:50,29
7/22/2019 12:00,30
7/22/2019 12:10,29
7/22/2019 12:20,27
7/22/2019 12:30,25
7/22/2019 12:40,23
7/22/2019 12:50,26
7/22/2019 13:00,28
7/22/2019 13:10,30
7/22/2019 13:20,28
7/22/2019 13:30,27
7/22/2019 13:40,31
7/22/2019 13:50,33
7/22/2019 14:00,33
7/22/2019 14:10,30
7/22/2019 14:20,28
7/22/2019 14:30,23
7/22/2019 14:40,35
7/22/2019 14:50,36
7/22/2019 15:00,34
7/22/2019 15:10,29
7/22/2019 15:20,28
7/22/2019 15:30,34
7/22/2019 15:40,33
7/22/2019 15:50,30
7/22/2019 16:00,33
7/22/2019 16:10,31
7/22/2019 16:20,31
7/22/2019 16:30,31
7/22/2019 16:40,28
7/22/2019 16:50,25
7/22/2019 17:00,27
7/22/2019 17:10,27
7/22/2019 17:20,21
7/22/2019 17:30,14
7/22/2019 17:40,15
7/22/2019 17:50,13
7/22/2019 18:00,15
7/22/2019 18:10,9
7/22/2019 18:20,8
7/22/2019 18:30,7
7/22/2019 18:40,6
7/22/2019 18:50,7
7/22/2019 19:00,6
7/22/2019 19:10,6
7/22/2019 19:20,5
7/22/2019 19:30,3
7/22/2019 19:40,2
7/22/2019 19:50,0
7/22/2019 20:00,0
7/22/2019 20:10,0
7/22/2019 20:20,0
7/22/2019 20:30,0
7/22/2019 20:40,0
7/22/2019 20:50,0
7/22/2019 21:00,0
7/22/2019 21:10,1
7/22/2019 21:20,1
7/22/2019 21:30,1
7/22/2019 21:40,1
7/22/2019 21:50,1
7/22/2019 22:00,1
7/22/2019 22:10,1
7/22/2019 22:20,0
7/22/2019 22:30,1
7/22/2019 22:40,1
7/22/2019 22:50,2
7/22/2019 23:00,2
7/22/2019 23:10,1
7/22/2019 23:20,0
7/22/2019 23:30,1
7/22/2019 23:40,1
7/22/2019 23:50,1
7/23/2019 0:00,1
7/23/2019 0:10,1
7/23/2019 0:20,1
7/23/2019 0:30,1
7/23/2019 0:40,1
7/23/2019 0:50,1
7/23/2019 1:00,1
7/23/2019 1:10,1
7/23/2019 1:20,1
7/23/2019 1:30,1
7/23/2019 1:40,1
7/23/2019 1:50,1
7/23/2019 2:00,1
7/23/2019 2:10,1
7/23/2019 2:20,1
7/23/2019 2:30,1
7/23/2019 2:40,1
7/23/2019 2:50,1
7/23/2019 3:00,1
7/23/2019 3:10,1
7/23/2019 3:20,1
7/23/2019 3:30,1
7/23/2019 3:40,1
7/23/2019 3:50,1
7/23/2019 4:00,1
7/23/2019 4:10,1
7/23/2019 4:20,1
7/23/2019 4:30,1
7/23/2019 4:40,1
7/23/2019 4:50,1
7/23/2019 5:00,1
7/23/2019 5:10,1
7/23/2019 5:20,1
7/23/2019 5:30,1
7/23/2019 5:40,1
7/23/2019 5:50,1
7/23/2019 6:00,1
7/23/2019 6:10,1
7/23/2019 6:20,1
7/23/2019 6:30,1
7/23/2019 6:40,1
7/23/2019 6:50,1
7/23/2019 7:00,1
7/23/2019 7:10,1
7/23/2019 7:20,2
7/23/2019 7:30,3
7/23/2019 7:40,4
7/23/2019 7:50,6
7/23/2019 8:00,6
7/23/2019 8:10,9
7/23/2019 8:20,16
7/23/2019 8:30,16
7/23/2019 8:40,18
7/23/2019 8:50,21
7/23/2019 9:00,25
7/23/2019 9:10,25
7/23/2019 9:20,25
7/23/2019 9:30,27
7/23/2019 9:40,29
7/23/2019 9:50,30
7/23/2019 10:00,31
7/23/2019 10:10,32
7/23/2019 10:20,29
7/23/2019 10:30,31
7/23/2019 10:40,33
7/23/2019 10:50,34
7/23/2019 11:00,37
7/23/2019 11:10,41
7/23/2019 11:20,51
7/23/2019 11:30,53
7/23/2019 11:40,54
7/23/2019 11:50,53
7/23/2019 12:00,55
7/23/2019 12:10,53
7/23/2019 12:20,54
7/23/2019 12:30,53
7/23/2019 12:40,49
7/23/2019 12:50,42
7/23/2019 13:00,48
7/23/2019 13:10,53
7/23/2019 13:20,49
7/23/2019 13:30,53
7/23/2019 13:40,45
7/23/2019 13:50,38
7/23/2019 14:00,37
7/23/2019 14:10,39
7/23/2019 14:20,35
7/23/2019 14:30,33
7/23/2019 14:40,36
7/23/2019 14:50,36
7/23/2019 15:00,34
7/23/2019 15:10,33
7/23/2019 15:20,32
7/23/2019 15:30,36
7/23/2019 15:40,33
7/23/2019 15:50,26
7/23/2019 16:00,33
7/23/2019 16:10,32
7/23/2019 16:20,28
7/23/2019 16:30,27
7/23/2019 16:40,29
7/23/2019 16:50,28
7/23/2019 17:00,26
7/23/2019 17:10,26
7/23/2019 17:20,23
7/23/2019 17:30,19
7/23/2019 17:40,16
7/23/2019 17:50,13
7/23/2019 18:00,11
7/23/2019 18:10,8
7/23/2019 18:20,6
7/23/2019 18:30,4
7/23/2019 18:40,2
7/23/2019 18:50,4
7/23/2019 19:00,3
7/23/2019 19:10,4
7/23/2019 19:20,3
7/23/2019 19:30,4
7/23/2019 19:40,2
7/23/2019 19:50,3
7/23/2019 20:00,3
7/23/2019 20:10,2
7/23/2019 20:20,2
7/23/2019 20:30,2
7/23/2019 20:40,2
7/23/2019 20:50,2
7/23/2019 21:00,2
7/23/2019 21:10,2
7/23/2019 21:20,1
7/23/2019 21:30,1
7/23/2019 21:40,1
7/23/2019 21:50,1
7/23/2019 22:00,1
7/23/2019 22:10,1
7/23/2019 22:20,1
7/23/2019 22:30,1
7/23/2019 22:40,1
7/23/2019 22:50,1
7/23/2019 23:00,1
7/23/2019 23:10,1
7/23/2019 23:20,1
7/23/2019 23:30,1
7/23/2019 23:40,1
7/23/2019 23:50,1
7/24/2019 0:00,1
7/24/2019 0:10,1
7/24/2019 0:20,1
7/24/2019 0:30,1
7/24/2019 0:40,1
7/24/2019 0:50,1
7/24/2019 1:00,1
7/24/2019 1:10,1
7/24/2019 1:20,1
7/24/2019 1:30,1
7/24/2019 1:40,1
7/24/2019 1:50,1
7/24/2019 2:00,1
7/24/2019 2:10,1
7/24/2019 2:20,1
7/24/2019 2:30,1
7/24/2019 2:40,1
7/24/2019 2:50,1
7/24/2019 3:00,1
7/24/2019 3:10,1
7/24/2019 3:20,1
7/24/2019 3:30,1
7/24/2019 3:40,1
7/24/2019 3:50,1
7/24/2019 4:00,1
7/24/2019 4:10,1
7/24/2019 4:20,1
7/24/2019 4:30,1
7/24/2019 4:40,1
7/24/2019 4:50,1
7/24/2019 5:00,1
7/24/2019 5:10,1
7/24/2019 5:20,1
7/24/2019 5:30,1
7/24/2019 5:40,1
7/24/2019 5:50,1
7/24/2019 6:00,1
7/24/2019 6:10,1
7/24/2019 6:20,1
7/24/2019 6:30,1
7/24/2019 6:40,1
7/24/2019 6:50,1
7/24/2019 7:00,2
7/24/2019 7:10,2
7/24/2019 7:20,3
7/24/2019 7:30,4
7/24/2019 7:40,4
7/24/2019 7:50,4
7/24/2019 8:00,7
7/24/2019 8:10,11
7/24/2019 8:20,11
7/24/2019 8:30,9
7/24/2019 8:40,11
7/24/2019 8:50,13
7/24/2019 9:00,14
7/24/2019 9:10,17
7/24/2019 9:20,18
7/24/2019 9:30,22
7/24/2019 9:40,18
7/24/2019 9:50,20
7/24/2019 10:00,20
7/24/2019 10:10,20
7/24/2019 10:20,21
7/24/2019 10:30,23
7/24/2019 10:40,23
7/24/2019 10:50,24
7/24/2019 11:00,24
7/24/2019 11:10,23
7/24/2019 11:20,23
7/24/2019 11:30,23
7/24/2019 11:40,23
7/24/2019 11:50,23
7/24/2019 12:00,23
7/24/2019 12:10,25
7/24/2019 12:20,24
7/24/2019 12:30,20
7/24/2019 12:40,20
7/24/2019 12:50,21
7/24/2019 13:00,22
7/24/2019 13:10,24
7/24/2019 13:20,30
7/24/2019 13:30,27
7/24/2019 13:40,27
7/24/2019 13:50,26
7/24/2019 14:00,27
7/24/2019 14:10,24
7/24/2019 14:20,28
7/24/2019 14:30,28
7/24/2019 14:40,26
7/24/2019 14:50,26
7/24/2019 15:00,27
7/24/2019 15:10,28
7/24/2019 15:20,28
7/24/2019 15:30,26
7/24/2019 15:40,27
7/24/2019 15:50,30
7/24/2019 16:00,26
7/24/2019 16:10,27
7/24/2019 16:20,23
7/24/2019 16:30,24
7/24/2019 16:40,23
7/24/2019 16:50,24
7/24/2019 17:00,22
7/24/2019 17:10,15
7/24/2019 17:20,12
7/24/2019 17:30,10
7/24/2019 17:40,8
7/24/2019 17:50,7
7/24/2019 18:00,7
7/24/2019 18:10,9
7/24/2019 18:20,8
7/24/2019 18:30,6
7/24/2019 18:40,7
7/24/2019 18:50,7
7/24/2019 19:00,4
7/24/2019 19:10,3
7/24/2019 19:20,3
7/24/2019 19:30,3
7/24/2019 19:40,3
7/24/2019 19:50,2
7/24/2019 20:00,2
7/24/2019 20:10,2
7/24/2019 20:20,2
7/24/2019 20:30,2
7/24/2019 20:40,2
7/24/2019 20:50,2
7/24/2019 21:00,2
7/24/2019 21:10,2
7/24/2019 21:20,2
7/24/2019 21:30,2
7/24/2019 21:40,2
7/24/2019 21:50,2
7/24/2019 22:00,2
7/24/2019 22:10,2
7/24/2019 22:20,2
7/24/2019 22:30,2
7/24/2019 22:40,3
7/24/2019 22:50,2
7/24/2019 23:00,3
7/24/2019 23:10,3
7/24/2019 23:20,3
7/24/2019 23:30,3
7/24/2019 23:40,2
7/24/2019 23:50,2
7/25/2019 0:00,2
7/25/2019 0:10,2
7/25/2019 0:20,2
7/25/2019 0:30,2
7/25/2019 0:40,2
7/25/2019 0:50,2
7/25/2019 1:00,2
7/25/2019 1:10,2
7/25/2019 1:20,2
7/25/2019 1:30,2
7/25/2019 1:40,2
7/25/2019 1:50,2
7/25/2019 2:00,2
7/25/2019 2:10,2
7/25/2019 2:20,2
7/25/2019 2:30,2
7/25/2019 2:40,2
7/25/2019 2:50,2
7/25/2019 3:00,2
7/25/2019 3:10,2
7/25/2019 3:20,2
7/25/2019 3:30,2
7/25/2019 3:40,2
7/25/2019 3:50,2
7/25/2019 4:00,2
7/25/2019 4:10,2
7/25/2019 4:20,2
7/25/2019 4:30,2
7/25/2019 4:40,2
7/25/2019 4:50,2
7/25/2019 5:00,2
7/25/2019 5:10,2
7/25/2019 5:20,2
7/25/2019 5:30,2
7/25/2019 5:40,2
7/25/2019 5:50,2
7/25/2019 6:00,2
7/25/2019 6:10,2
7/25/2019 6:20,2
7/25/2019 6:30,1
7/25/2019 6:40,1
7/25/2019 6:50,1
7/25/2019 7:00,1
7/25/2019 7:10,1
7/25/2019 7:20,2
7/25/2019 7:30,2
7/25/2019 7:40,2
7/25/2019 7:50,2
7/25/2019 8:00,3
7/25/2019 8:10,4
7/25/2019 8:20,9
7/25/2019 8:30,11
7/25/2019 8:40,12
7/25/2019 8:50,19
7/25/2019 9:00,21
7/25/2019 9:10,22
7/25/2019 9:20,21
7/25/2019 9:30,23
7/25/2019 9:40,25
7/25/2019 9:50,25
7/25/2019 10:00,27
7/25/2019 10:10,30
7/25/2019 10:20,27
7/25/2019 10:30,29
7/25/2019 10:40,27
7/25/2019 10:50,28
7/25/2019 11:00,30
7/25/2019 11:10,31
7/25/2019 11:20,29
7/25/2019 11:30,31
7/25/2019 11:40,27
7/25/2019 11:50,31
7/25/2019 12:00,27
7/25/2019 12:10,26
7/25/2019 12:20,25
7/25/2019 12:30,20
7/25/2019 12:40,20
7/25/2019 12:50,17
7/25/2019 13:00,21
7/25/2019 13:10,22
7/25/2019 13:20,22
7/25/2019 13:30,29
7/25/2019 13:40,28
7/25/2019 13:50,23
7/25/2019 14:00,25
7/25/2019 14:10,25
7/25/2019 14:20,29
7/25/2019 14:30,29
7/25/2019 14:40,26
7/25/2019 14:50,25
7/25/2019 15:00,28
7/25/2019 15:10,32
7/25/2019 15:20,35
7/25/2019 15:30,34
7/25/2019 15:40,34
7/25/2019 15:50,34
7/25/2019 16:00,32
7/25/2019 16:10,31
7/25/2019 16:20,27
7/25/2019 16:30,24
7/25/2019 16:40,25
7/25/2019 16:50,27
7/25/2019 17:00,24
7/25/2019 17:10,27
7/25/2019 17:20,22
7/25/2019 17:30,17
7/25/2019 17:40,14
7/25/2019 17:50,10
7/25/2019 18:00,8
7/25/2019 18:10,6
7/25/2019 18:20,6
7/25/2019 18:30,6
7/25/2019 18:40,4
7/25/2019 18:50,3
7/25/2019 19:00,3
7/25/2019 19:10,3
7/25/2019 19:20,4
7/25/2019 19:30,3
7/25/2019 19:40,2
7/25/2019 19:50,2
7/25/2019 20:00,1
7/25/2019 20:10,1
7/25/2019 20:20,2
7/25/2019 20:30,1
7/25/2019 20:40,2
7/25/2019 20:50,2
7/25/2019 21:00,2
7/25/2019 21:10,2
7/25/2019 21:20,2
7/25/2019 21:30,2
7/25/2019 21:40,2
7/25/2019 21:50,2
7/25/2019 22:00,2
7/25/2019 22:10,2
7/25/2019 22:20,2
7/25/2019 22:30,2
7/25/2019 22:40,2
7/25/2019 22:50,2
7/25/2019 23:00,2
7/25/2019 23:10,2
7/25/2019 23:20,2
7/25/2019 23:30,2
7/25/2019 23:40,2
7/25/2019 23:50,2
7/26/2019 0:00,2
7/26/2019 0:10,2
7/26/2019 0:20,2
7/26/2019 0:30,2
7/26/2019 0:40,2
7/26/2019 0:50,2
7/26/2019 1:00,2
7/26/2019 1:10,2
7/26/2019 1:20,2
7/26/2019 1:30,2
7/26/2019 1:40,2
7/26/2019 1:50,2
7/26/2019 2:00,2
7/26/2019 2:10,2
7/26/2019 2:20,2
7/26/2019 2:30,2
7/26/2019 2:40,2
7/26/2019 2:50,2
7/26/2019 3:00,2
7/26/2019 3:10,2
7/26/2019 3:20,2
7/26/2019 3:30,2
7/26/2019 3:40,2
7/26/2019 3:50,2
7/26/2019 4:00,2
7/26/2019 4:10,2
7/26/2019 4:20,2
7/26/2019 4:30,2
7/26/2019 4:40,2
7/26/2019 4:50,2
7/26/2019 5:00,2
7/26/2019 5:10,2
7/26/2019 5:20,2
7/26/2019 5:30,2
7/26/2019 5:40,2
7/26/2019 5:50,2
7/26/2019 6:00,2
7/26/2019 6:10,2
7/26/2019 6:20,2
7/26/2019 6:30,2
7/26/2019 6:40,3
7/26/2019 6:50,2
7/26/2019 7:00,2
7/26/2019 7:10,3
7/26/2019 7:20,2
7/26/2019 7:30,2
7/26/2019 7:40,2
7/26/2019 7:50,2
7/26/2019 8:00,2
7/26/2019 8:10,4
7/26/2019 8:20,6
7/26/2019 8:30,7
7/26/2019 8:40,8
7/26/2019 8:50,13
7/26/2019 9:00,16
7/26/2019 9:10,16
7/26/2019 9:20,17
7/26/2019 9:30,16
7/26/2019 9:40,17
7/26/2019 9:50,17
7/26/2019 10:00,19
7/26/2019 10:10,22
7/26/2019 10:20,23
7/26/2019 10:30,23
7/26/2019 10:40,23
7/26/2019 10:50,23
7/26/2019 11:00,22
7/26/2019 11:10,22
7/26/2019 11:20,22
7/26/2019 11:30,22
7/26/2019 11:40,20
7/26/2019 11:50,20
7/26/2019 12:00,21
7/26/2019 12:10,24
7/26/2019 12:20,23
7/26/2019 12:30,23
7/26/2019 12:40,24
7/26/2019 12:50,24
7/26/2019 13:00,24
7/26/2019 13:10,23
7/26/2019 13:20,22
7/26/2019 13:30,22
7/26/2019 13:40,20
7/26/2019 13:50,22
7/26/2019 14:00,21
7/26/2019 14:10,21
7/26/2019 14:20,22
7/26/2019 14:30,22
7/26/2019 14:40,24
7/26/2019 14:50,24
7/26/2019 15:00,24
7/26/2019 15:10,25
7/26/2019 15:20,25
7/26/2019 15:30,23
7/26/2019 15:40,21
7/26/2019 15:50,18
7/26/2019 16:00,16
7/26/2019 16:10,15
7/26/2019 16:20,14
7/26/2019 16:30,13
7/26/2019 16:40,9
7/26/2019 16:50,10
7/26/2019 17:00,10
7/26/2019 17:10,9
7/26/2019 17:20,6
7/26/2019 17:30,4
7/26/2019 17:40,5
7/26/2019 17:50,11
7/26/2019 18:00,10
7/26/2019 18:10,4
7/26/2019 18:20,1
7/26/2019 18:30,1
7/26/2019 18:40,1
7/26/2019 18:50,1
7/26/2019 19:00,2
7/26/2019 19:10,1
7/26/2019 19:20,2
7/26/2019 19:30,1
7/26/2019 19:40,1
7/26/2019 19:50,1
7/26/2019 20:00,1
7/26/2019 20:10,2
7/26/2019 20:20,2
7/26/2019 20:30,1
7/26/2019 20:40,1
7/26/2019 20:50,1
7/26/2019 21:00,0
7/26/2019 21:10,0
7/26/2019 21:20,0
7/26/2019 21:30,0
7/26/2019 21:40,0
7/26/2019 21:50,0
7/26/2019 22:00,0
7/26/2019 22:10,1
7/26/2019 22:20,1
7/26/2019 22:30,0
7/26/2019 22:40,0
7/26/2019 22:50,0
7/26/2019 23:00,0
7/26/2019 23:10,1
7/26/2019 23:20,1
7/26/2019 23:30,1
7/26/2019 23:40,1
7/26/2019 23:50,1
7/27/2019 0:00,2
7/27/2019 0:10,1
7/27/2019 0:20,1
7/27/2019 0:30,1
7/27/2019 0:40,1
7/27/2019 0:50,1
7/27/2019 1:00,1
7/27/2019 1:10,2
7/27/2019 1:20,2
7/27/2019 1:30,2
7/27/2019 1:40,1
7/27/2019 1:50,1
7/27/2019 2:00,1
7/27/2019 2:10,1
7/27/2019 2:20,1
7/27/2019 2:30,1
7/27/2019 2:40,1
7/27/2019 2:50,1
7/27/2019 3:00,1
7/27/2019 3:10,1
7/27/2019 3:20,1
7/27/2019 3:30,1
7/27/2019 3:40,1
7/27/2019 3:50,1
7/27/2019 4:00,1
7/27/2019 4:10,1
7/27/2019 4:20,1
7/27/2019 4:30,1
7/27/2019 4:40,1
7/27/2019 4:50,1
7/27/2019 5:00,1
7/27/2019 5:10,1
7/27/2019 5:20,1
7/27/2019 5:30,1
7/27/2019 5:40,1
7/27/2019 5:50,1
7/27/2019 6:00,1
7/27/2019 6:10,1
7/27/2019 6:20,1
7/27/2019 6:30,1
7/27/2019 6:40,1
7/27/2019 6:50,1
7/27/2019 7:00,1
7/27/2019 7:10,1
7/27/2019 7:20,1
7/27/2019 7:30,1
7/27/2019 7:40,1
7/27/2019 7:50,1
7/27/2019 8:00,1
7/27/2019 8:10,1
7/27/2019 8:20,1
7/27/2019 8:30,0
7/27/2019 8:40,0
7/27/2019 8:50,0
7/27/2019 9:00,0
7/27/2019 9:10,0
7/27/2019 9:20,0
7/27/2019 9:30,0
7/27/2019 9:40,0
7/27/2019 9:50,1
7/27/2019 10:00,1
7/27/2019 10:10,1
7/27/2019 10:20,1
7/27/2019 10:30,1
7/27/2019 10:40,0
7/27/2019 10:50,0
7/27/2019 11:00,0
7/27/2019 11:10,0
7/27/2019 11:20,0
7/27/2019 11:30,0
7/27/2019 11:40,0
7/27/2019 11:50,0
7/27/2019 12:00,0
7/27/2019 12:10,1
7/27/2019 12:20,1
7/27/2019 12:30,2
7/27/2019 12:40,3
7/27/2019 12:50,2
7/27/2019 13:00,1
7/27/2019 13:10,0
7/27/2019 13:20,0
7/27/2019 13:30,0
7/27/2019 13:40,1
7/27/2019 13:50,0
7/27/2019 14:00,1
7/27/2019 14:10,1
7/27/2019 14:20,1
7/27/2019 14:30,1
7/27/2019 14:40,1
7/27/2019 14:50,1
7/27/2019 15:00,1
7/27/2019 15:10,1
7/27/2019 15:20,1
7/27/2019 15:30,1
7/27/2019 15:40,1
7/27/2019 15:50,1
7/27/2019 16:00,1
7/27/2019 16:10,1
7/27/2019 16:20,1
7/27/2019 16:30,1
7/27/2019 16:40,1
7/27/2019 16:50,1
7/27/2019 17:00,1
7/27/2019 17:10,1
7/27/2019 17:20,1
7/27/2019 17:30,2
7/27/2019 17:40,2
7/27/2019 17:50,1
7/27/2019 18:00,1
7/27/2019 18:10,1
7/27/2019 18:20,1
7/27/2019 18:30,1
7/27/2019 18:40,1
7/27/2019 18:50,0
7/27/2019 19:00,0
7/27/2019 19:10,0
7/27/2019 19:20,0
7/27/2019 19:30,0
7/27/2019 19:40,1
7/27/2019 19:50,1
7/27/2019 20:00,1
7/27/2019 20:10,1
7/27/2019 20:20,1
7/27/2019 20:30,1
7/27/2019 20:40,1
7/27/2019 20:50,0
7/27/2019 21:00,1
7/27/2019 21:10,1
7/27/2019 21:20,1
7/27/2019 21:30,1
7/27/2019 21:40,1
7/27/2019 21:50,1
7/27/2019 22:00,1
7/27/2019 22:10,1
7/27/2019 22:20,1
7/27/2019 22:30,1
7/27/2019 22:40,0
7/27/2019 22:50,0
7/27/2019 23:00,0
7/27/2019 23:10,0
7/27/2019 23:20,0
7/27/2019 23:30,0
7/27/2019 23:40,0
7/27/2019 23:50,0
7/28/2019 0:00,0
7/28/2019 0:10,0
7/28/2019 0:20,1
7/28/2019 0:30,1
7/28/2019 0:40,1
7/28/2019 0:50,1
7/28/2019 1:00,1
7/28/2019 1:10,0
7/28/2019 1:20,0
7/28/2019 1:30,0
7/28/2019 1:40,0
7/28/2019 1:50,0
7/28/2019 2:00,0
7/28/2019 2:10,0
7/28/2019 2:20,1
7/28/2019 2:30,1
7/28/2019 2:40,1
7/28/2019 2:50,1
7/28/2019 3:00,1
7/28/2019 3:10,1
7/28/2019 3:20,1
7/28/2019 3:30,1
7/28/2019 3:40,1
7/28/2019 3:50,0
7/28/2019 4:00,0
7/28/2019 4:10,0
7/28/2019 4:20,0
7/28/2019 4:30,0
7/28/2019 4:40,0
7/28/2019 4:50,0
7/28/2019 5:00,1
7/28/2019 5:10,1
7/28/2019 5:20,1
7/28/2019 5:30,1
7/28/2019 5:40,1
7/28/2019 5:50,1
7/28/2019 6:00,0
7/28/2019 6:10,1
7/28/2019 6:20,1
7/28/2019 6:30,1
7/28/2019 6:40,1
7/28/2019 6:50,1
7/28/2019 7:00,1
7/28/2019 7:10,1
7/28/2019 7:20,1
7/28/2019 7:30,0
7/28/2019 7:40,1
7/28/2019 7:50,1
7/28/2019 8:00,1
7/28/2019 8:10,0
7/28/2019 8:20,0
7/28/2019 8:30,0
7/28/2019 8:40,0
7/28/2019 8:50,0
7/28/2019 9:00,0
7/28/2019 9:10,0
7/28/2019 9:20,0
7/28/2019 9:30,0
7/28/2019 9:40,0
7/28/2019 9:50,0
7/28/2019 10:00,0
7/28/2019 10:10,0
7/28/2019 10:20,1
7/28/2019 10:30,1
7/28/2019 10:40,1
7/28/2019 10:50,1
7/28/2019 11:00,1
7/28/2019 11:10,1
7/28/2019 11:20,1
7/28/2019 11:30,1
7/28/2019 11:40,1
7/28/2019 11:50,1
7/28/2019 12:00,1
7/28/2019 12:10,1
7/28/2019 12:20,1
7/28/2019 12:30,1
7/28/2019 12:40,1
7/28/2019 12:50,1
7/28/2019 13:00,1
7/28/2019 13:10,1
7/28/2019 13:20,2
7/28/2019 13:30,1
7/28/2019 13:40,1
7/28/2019 13:50,1
7/28/2019 14:00,1
7/28/2019 14:10,1
7/28/2019 14:20,1
7/28/2019 14:30,1
7/28/2019 14:40,1
7/28/2019 14:50,2
7/28/2019 15:00,2
7/28/2019 15:10,2
7/28/2019 15:20,1
7/28/2019 15:30,0
7/28/2019 15:40,1
7/28/2019 15:50,1
7/28/2019 16:00,1
7/28/2019 16:10,1
7/28/2019 16:20,1
7/28/2019 16:30,1
7/28/2019 16:40,1
7/28/2019 16:50,1
7/28/2019 17:00,1
7/28/2019 17:10,1
7/28/2019 17:20,1
7/28/2019 17:30,1
7/28/2019 17:40,1
7/28/2019 17:50,2
7/28/2019 18:00,0
7/28/2019 18:10,0
7/28/2019 18:20,0
7/28/2019 18:30,0
7/28/2019 18:40,0
7/28/2019 18:50,0
7/28/2019 19:00,0
7/28/2019 19:10,0
7/28/2019 19:20,0
7/28/2019 19:30,0
7/28/2019 19:40,0
7/28/2019 19:50,0
7/28/2019 20:00,1
7/28/2019 20:10,1
7/28/2019 20:20,1
7/28/2019 20:30,0
7/28/2019 20:40,0
7/28/2019 20:50,0
7/28/2019 21:00,0
7/28/2019 21:10,0
7/28/2019 21:20,0
7/28/2019 21:30,1
7/28/2019 21:40,1
7/28/2019 21:50,1
7/28/2019 22:00,1
7/28/2019 22:10,1
7/28/2019 22:20,1
7/28/2019 22:30,1
7/28/2019 22:40,1
7/28/2019 22:50,1
7/28/2019 23:00,1
7/28/2019 23:10,1
7/28/2019 23:20,1
7/28/2019 23:30,1
7/28/2019 23:40,1
7/28/2019 23:50,2
7/29/2019 0:00,1
7/29/2019 0:10,1
7/29/2019 0:20,1
7/29/2019 0:30,1
7/29/2019 0:40,1
7/29/2019 0:50,1
7/29/2019 1:00,1
7/29/2019 1:10,1
7/29/2019 1:20,1
7/29/2019 1:30,1
7/29/2019 1:40,1
7/29/2019 1:50,2
7/29/2019 2:00,1
7/29/2019 2:10,1
7/29/2019 2:20,1
7/29/2019 2:30,1
7/29/2019 2:40,1
7/29/2019 2:50,1
7/29/2019 3:00,1
7/29/2019 3:10,1
7/29/2019 3:20,1
7/29/2019 3:30,0
7/29/2019 3:40,1
7/29/2019 3:50,1
7/29/2019 4:00,1
7/29/2019 4:10,1
7/29/2019 4:20,1
7/29/2019 4:30,1
7/29/2019 4:40,0
7/29/2019 4:50,0
7/29/2019 5:00,1
7/29/2019 5:10,1
7/29/2019 5:20,0
7/29/2019 5:30,0
7/29/2019 5:40,1
7/29/2019 5:50,1
7/29/2019 6:00,0
7/29/2019 6:10,0
7/29/2019 6:20,1
7/29/2019 6:30,1
7/29/2019 6:40,1
7/29/2019 6:50,1
7/29/2019 7:00,1
7/29/2019 7:10,1
7/29/2019 7:20,1
7/29/2019 7:30,1
7/29/2019 7:40,1
7/29/2019 7:50,2
7/29/2019 8:00,2
7/29/2019 8:10,2
7/29/2019 8:20,4
7/29/2019 8:30,4
7/29/2019 8:40,8
7/29/2019 8:50,11
7/29/2019 9:00,14
7/29/2019 9:10,16
7/29/2019 9:20,16
7/29/2019 9:30,17
7/29/2019 9:40,19
7/29/2019 9:50,18
7/29/2019 10:00,18
7/29/2019 10:10,18
7/29/2019 10:20,20
7/29/2019 10:30,19
7/29/2019 10:40,19
7/29/2019 10:50,23
7/29/2019 11:00,22
7/29/2019 11:10,25
7/29/2019 11:20,29
7/29/2019 11:30,28
7/29/2019 11:40,30
7/29/2019 11:50,28
7/29/2019 12:00,24
7/29/2019 12:10,22
7/29/2019 12:20,25
7/29/2019 12:30,26
7/29/2019 12:40,24
7/29/2019 12:50,23
7/29/2019 13:00,21
7/29/2019 13:10,22
7/29/2019 13:20,22
7/29/2019 13:30,24
7/29/2019 13:40,25
7/29/2019 13:50,23
7/29/2019 14:00,24
7/29/2019 14:10,21
7/29/2019 14:20,25
7/29/2019 14:30,24
7/29/2019 14:40,23
7/29/2019 14:50,24
7/29/2019 15:00,21
7/29/2019 15:10,21
7/29/2019 15:20,19
7/29/2019 15:30,20
7/29/2019 15:40,19
7/29/2019 15:50,21
7/29/2019 16:00,20
7/29/2019 16:10,20
7/29/2019 16:20,22
7/29/2019 16:30,19
7/29/2019 16:40,17
7/29/2019 16:50,18
7/29/2019 17:00,18
7/29/2019 17:10,16
7/29/2019 17:20,16
7/29/2019 17:30,8
7/29/2019 17:40,10
7/29/2019 17:50,11
7/29/2019 18:00,10
7/29/2019 18:10,7
7/29/2019 18:20,5
7/29/2019 18:30,5
7/29/2019 18:40,6
7/29/2019 18:50,4
7/29/2019 19:00,3
7/29/2019 19:10,3
7/29/2019 19:20,3
7/29/2019 19:30,2
7/29/2019 19:40,2
7/29/2019 19:50,0
7/29/2019 20:00,0
7/29/2019 20:10,0
7/29/2019 20:20,0
7/29/2019 20:30,0
7/29/2019 20:40,0
7/29/2019 20:50,0
7/29/2019 21:00,1
7/29/2019 21:10,1
7/29/2019 21:20,1
7/29/2019 21:30,1
7/29/2019 21:40,1
7/29/2019 21:50,1
7/29/2019 22:00,1
7/29/2019 22:10,1
7/29/2019 22:20,1
7/29/2019 22:30,1
7/29/2019 22:40,1
7/29/2019 22:50,1
7/29/2019 23:00,1
7/29/2019 23:10,1
7/29/2019 23:20,1
7/29/2019 23:30,1
7/29/2019 23:40,1
7/29/2019 23:50,1
7/30/2019 0:00,0
7/30/2019 0:10,0
7/30/2019 0:20,1
7/30/2019 0:30,1
7/30/2019 0:40,1
7/30/2019 0:50,2
7/30/2019 1:00,1
7/30/2019 1:10,0
7/30/2019 1:20,0
7/30/2019 1:30,0
7/30/2019 1:40,1
7/30/2019 1:50,1
7/30/2019 2:00,1
7/30/2019 2:10,1
7/30/2019 2:20,1
7/30/2019 2:30,1
7/30/2019 2:40,1
7/30/2019 2:50,1
7/30/2019 3:00,1
7/30/2019 3:10,1
7/30/2019 3:20,1
7/30/2019 3:30,1
7/30/2019 3:40,1
7/30/2019 3:50,1
7/30/2019 4:00,1
7/30/2019 4:10,1
7/30/2019 4:20,1
7/30/2019 4:30,0
7/30/2019 4:40,0
7/30/2019 4:50,0
7/30/2019 5:00,0
7/30/2019 5:10,0
7/30/2019 5:20,0
7/30/2019 5:30,0
7/30/2019 5:40,0
7/30/2019 5:50,0
7/30/2019 6:00,0
7/30/2019 6:10,0
7/30/2019 6:20,0
7/30/2019 6:30,0
7/30/2019 6:40,0
7/30/2019 6:50,0
7/30/2019 7:00,0
7/30/2019 7:10,0
7/30/2019 7:20,0
7/30/2019 7:30,0
7/30/2019 7:40,0
7/30/2019 7:50,1
7/30/2019 8:00,0
7/30/2019 8:10,1
7/30/2019 8:20,7
7/30/2019 8:30,6
7/30/2019 8:40,10
7/30/2019 8:50,12
7/30/2019 9:00,19
7/30/2019 9:10,25
7/30/2019 9:20,28
7/30/2019 9:30,27
7/30/2019 9:40,30
7/30/2019 9:50,25
7/30/2019 10:00,30
7/30/2019 10:10,32
7/30/2019 10:20,33
7/30/2019 10:30,36
7/30/2019 10:40,36
7/30/2019 10:50,35
7/30/2019 11:00,33
7/30/2019 11:10,35
7/30/2019 11:20,35
7/30/2019 11:30,31
7/30/2019 11:40,31
7/30/2019 11:50,34
7/30/2019 12:00,27
7/30/2019 12:10,26
7/30/2019 12:20,27
7/30/2019 12:30,24
7/30/2019 12:40,25
7/30/2019 12:50,26
7/30/2019 13:00,27
7/30/2019 13:10,30
7/30/2019 13:20,32
7/30/2019 13:30,30
7/30/2019 13:40,29
7/30/2019 13:50,31
7/30/2019 14:00,30
7/30/2019 14:10,30
7/30/2019 14:20,31
7/30/2019 14:30,31
7/30/2019 14:40,33
7/30/2019 14:50,31
7/30/2019 15:00,29
7/30/2019 15:10,26
7/30/2019 15:20,26
7/30/2019 15:30,25
7/30/2019 15:40,29
7/30/2019 15:50,28
7/30/2019 16:00,30
7/30/2019 16:10,31
7/30/2019 16:20,28
7/30/2019 16:30,25
7/30/2019 16:40,20
7/30/2019 16:50,21
7/30/2019 17:00,15
7/30/2019 17:10,14
7/30/2019 17:20,11
7/30/2019 17:30,12
7/30/2019 17:40,12
7/30/2019 17:50,9
7/30/2019 18:00,7
7/30/2019 18:10,7
7/30/2019 18:20,7
7/30/2019 18:30,4
7/30/2019 18:40,4
7/30/2019 18:50,4
7/30/2019 19:00,3
7/30/2019 19:10,2
7/30/2019 19:20,1
7/30/2019 19:30,1
7/30/2019 19:40,2
7/30/2019 19:50,2
7/30/2019 20:00,2
7/30/2019 20:10,2
7/30/2019 20:20,1
7/30/2019 20:30,0
7/30/2019 20:40,0
7/30/2019 20:50,0
7/30/2019 21:00,0
7/30/2019 21:10,0
7/30/2019 21:20,0
7/30/2019 21:30,0
7/30/2019 21:40,0
7/30/2019 21:50,0
7/30/2019 22:00,0
7/30/2019 22:10,0
7/30/2019 22:20,0
7/30/2019 22:30,1
7/30/2019 22:40,1
7/30/2019 22:50,1
7/30/2019 23:00,1
7/30/2019 23:10,2
7/30/2019 23:20,1
7/30/2019 23:30,1
7/30/2019 23:40,1
7/30/2019 23:50,1
7/31/2019 0:00,1
7/31/2019 0:10,1
7/31/2019 0:20,1
7/31/2019 0:30,1
7/31/2019 0:40,1
7/31/2019 0:50,1
7/31/2019 1:00,1
7/31/2019 1:10,1
7/31/2019 1:20,1
7/31/2019 1:30,1
7/31/2019 1:40,1
7/31/2019 1:50,1
7/31/2019 2:00,1
7/31/2019 2:10,1
7/31/2019 2:20,1
7/31/2019 2:30,1
7/31/2019 2:40,0
7/31/2019 2:50,1
7/31/2019 3:00,1
7/31/2019 3:10,1
7/31/2019 3:20,1
7/31/2019 3:30,1
7/31/2019 3:40,1
7/31/2019 3:50,1
7/31/2019 4:00,1
7/31/2019 4:10,1
7/31/2019 4:20,1
7/31/2019 4:30,1
7/31/2019 4:40,1
7/31/2019 4:50,1
7/31/2019 5:00,1
7/31/2019 5:10,1
7/31/2019 5:20,1
7/31/2019 5:30,1
7/31/2019 5:40,1
7/31/2019 5:50,1
7/31/2019 6:00,1
7/31/2019 6:10,1
7/31/2019 6:20,1
7/31/2019 6:30,1
7/31/2019 6:40,1
7/31/2019 6:50,1
7/31/2019 7:00,1
7/31/2019 7:10,1
7/31/2019 7:20,1
7/31/2019 7:30,1
7/31/2019 7:40,1
7/31/2019 7:50,1
7/31/2019 8:00,2
7/31/2019 8:10,3
7/31/2019 8:20,4
7/31/2019 8:30,5
7/31/2019 8:40,6
7/31/2019 8:50,7
7/31/2019 9:00,10
7/31/2019 9:10,13
7/31/2019 9:20,12
7/31/2019 9:30,13
7/31/2019 9:40,13
7/31/2019 9:50,13
7/31/2019 10:00,14
7/31/2019 10:10,16
7/31/2019 10:20,18
7/31/2019 10:30,20
7/31/2019 10:40,18
7/31/2019 10:50,18
7/31/2019 11:00,18
7/31/2019 11:10,16
7/31/2019 11:20,15
7/31/2019 11:30,16
7/31/2019 11:40,18
7/31/2019 11:50,19
7/31/2019 12:00,19
7/31/2019 12:10,21
7/31/2019 12:20,20
7/31/2019 12:30,19
7/31/2019 12:40,19
7/31/2019 12:50,19
7/31/2019 13:00,16
7/31/2019 13:10,12
7/31/2019 13:20,13
7/31/2019 13:30,13
7/31/2019 13:40,12
7/31/2019 13:50,11
7/31/2019 14:00,14
7/31/2019 14:10,16
7/31/2019 14:20,15
7/31/2019 14:30,15
7/31/2019 14:40,16
7/31/2019 14:50,16
7/31/2019 15:00,16
7/31/2019 15:10,16
7/31/2019 15:20,16
7/31/2019 15:30,16
7/31/2019 15:40,17
7/31/2019 15:50,16
7/31/2019 16:00,15
7/31/2019 16:10,17
7/31/2019 16:20,17
7/31/2019 16:30,17
7/31/2019 16:40,17
7/31/2019 16:50,15
7/31/2019 17:00,11
7/31/2019 17:10,6
7/31/2019 17:20,8
7/31/2019 17:30,7
7/31/2019 17:40,7
7/31/2019 17:50,5
7/31/2019 18:00,3
7/31/2019 18:10,3
7/31/2019 18:20,4
7/31/2019 18:30,3
7/31/2019 18:40,2
7/31/2019 18:50,1
7/31/2019 19:00,0
7/31/2019 19:10,0
7/31/2019 19:20,0
7/31/2019 19:30,0
7/31/2019 19:40,1
7/31/2019 19:50,0
7/31/2019 20:00,1
7/31/2019 20:10,1
7/31/2019 20:20,1
7/31/2019 20:30,1
7/31/2019 20:40,1
7/31/2019 20:50,1
7/31/2019 21:00,1
7/31/2019 21:10,1
7/31/2019 21:20,1
7/31/2019 21:30,1
7/31/2019 21:40,1
7/31/2019 21:50,1
7/31/2019 22:00,1
7/31/2019 22:10,1
7/31/2019 22:20,2
7/31/2019 22:30,2
7/31/2019 22:40,1
7/31/2019 22:50,1
7/31/2019 23:00,1
7/31/2019 23:10,1
7/31/2019 23:20,1
7/31/2019 23:30,2
7/31/2019 23:40,2
7/31/2019 23:50,1
8/1/2019 0:00,1
8/1/2019 0:10,1
8/1/2019 0:20,1
8/1/2019 0:30,1
8/1/2019 0:40,1
8/1/2019 0:50,1
8/1/2019 1:00,1
8/1/2019 1:10,1
8/1/2019 1:20,1
8/1/2019 1:30,1
8/1/2019 1:40,1
8/1/2019 1:50,1
8/1/2019 2:00,1
8/1/2019 2:10,1
8/1/2019 2:20,1
8/1/2019 2:30,0
8/1/2019 2:40,0
8/1/2019 2:50,1
8/1/2019 3:00,1
8/1/2019 3:10,1
8/1/2019 3:20,1
8/1/2019 3:30,1
8/1/2019 3:40,1
8/1/2019 3:50,1
8/1/2019 4:00,1
8/1/2019 4:10,1
8/1/2019 4:20,1
8/1/2019 4:30,1
8/1/2019 4:40,1
8/1/2019 4:50,1
8/1/2019 5:00,1
8/1/2019 5:10,1
8/1/2019 5:20,1
8/1/2019 5:30,1
8/1/2019 5:40,1
8/1/2019 5:50,1
8/1/2019 6:00,1
8/1/2019 6:10,1
8/1/2019 6:20,1
8/1/2019 6:30,1
8/1/2019 6:40,1
8/1/2019 6:50,2
8/1/2019 7:00,2
8/1/2019 7:10,2
8/1/2019 7:20,1
8/1/2019 7:30,2
8/1/2019 7:40,3
8/1/2019 7:50,2
8/1/2019 8:00,3
8/1/2019 8:10,4
8/1/2019 8:20,4
8/1/2019 8:30,6
8/1/2019 8:40,10
8/1/2019 8:50,17
8/1/2019 9:00,20
8/1/2019 9:10,23
8/1/2019 9:20,31
8/1/2019 9:30,30
8/1/2019 9:40,29
8/1/2019 9:50,31
8/1/2019 10:00,32
8/1/2019 10:10,36
8/1/2019 10:20,38
8/1/2019 10:30,39
8/1/2019 10:40,37
8/1/2019 10:50,35
8/1/2019 11:00,31
8/1/2019 11:10,36
8/1/2019 11:20,33
8/1/2019 11:30,36
8/1/2019 11:40,38
8/1/2019 11:50,34
8/1/2019 12:00,36
8/1/2019 12:10,33
8/1/2019 12:20,32
8/1/2019 12:30,31
8/1/2019 12:40,26
8/1/2019 12:50,23
8/1/2019 13:00,22
8/1/2019 13:10,18
8/1/2019 13:20,18
8/1/2019 13:30,20
8/1/2019 13:40,23
8/1/2019 13:50,25
8/1/2019 14:00,27
8/1/2019 14:10,26
8/1/2019 14:20,27
8/1/2019 14:30,29
8/1/2019 14:40,31
8/1/2019 14:50,30
8/1/2019 15:00,32
8/1/2019 15:10,32
8/1/2019 15:20,29
8/1/2019 15:30,28
8/1/2019 15:40,28
8/1/2019 15:50,27
8/1/2019 16:00,28
8/1/2019 16:10,27
8/1/2019 16:20,25
8/1/2019 16:30,25
8/1/2019 16:40,24
8/1/2019 16:50,23
8/1/2019 17:00,22
8/1/2019 17:10,20
8/1/2019 17:20,16
8/1/2019 17:30,16
8/1/2019 17:40,13
8/1/2019 17:50,11
8/1/2019 18:00,8
8/1/2019 18:10,7
8/1/2019 18:20,3
8/1/2019 18:30,1
8/1/2019 18:40,1
8/1/2019 18:50,1
8/1/2019 19:00,1
8/1/2019 19:10,1
8/1/2019 19:20,1
8/1/2019 19:30,0
8/1/2019 19:40,0
8/1/2019 19:50,0
8/1/2019 20:00,0
8/1/2019 20:10,0
8/1/2019 20:20,0
8/1/2019 20:30,0
8/1/2019 20:40,0
8/1/2019 20:50,0
8/1/2019 21:00,1
8/1/2019 21:10,1
8/1/2019 21:20,0
8/1/2019 21:30,0
8/1/2019 21:40,0
8/1/2019 21:50,0
8/1/2019 22:00,0
8/1/2019 22:10,0
8/1/2019 22:20,1
8/1/2019 22:30,1
8/1/2019 22:40,2
8/1/2019 22:50,2
8/1/2019 23:00,2
8/1/2019 23:10,1
8/1/2019 23:20,1
8/1/2019 23:30,1
8/1/2019 23:40,1
8/1/2019 23:50,1
8/2/2019 0:00,1
8/2/2019 0:10,1
8/2/2019 0:20,1
8/2/2019 0:30,1
8/2/2019 0:40,0
8/2/2019 0:50,0
8/2/2019 1:00,0
8/2/2019 1:10,0
8/2/2019 1:20,0
8/2/2019 1:30,0
8/2/2019 1:40,0
8/2/2019 1:50,0
8/2/2019 2:00,0
8/2/2019 2:10,0
8/2/2019 2:20,0
8/2/2019 2:30,0
8/2/2019 2:40,0
8/2/2019 2:50,0
8/2/2019 3:00,0
8/2/2019 3:10,0
8/2/2019 3:20,0
8/2/2019 3:30,0
8/2/2019 3:40,0
8/2/2019 3:50,0
8/2/2019 4:00,0
8/2/2019 4:10,0
8/2/2019 4:20,0
8/2/2019 4:30,0
8/2/2019 4:40,0
8/2/2019 4:50,0
8/2/2019 5:00,0
8/2/2019 5:10,0
8/2/2019 5:20,0
8/2/2019 5:30,0
8/2/2019 5:40,0
8/2/2019 5:50,0
8/2/2019 6:00,0
8/2/2019 6:10,0
8/2/2019 6:20,0
8/2/2019 6:30,0
8/2/2019 6:40,0
8/2/2019 6:50,1
8/2/2019 7:00,1
8/2/2019 7:10,1
8/2/2019 7:20,1
8/2/2019 7:30,3
8/2/2019 7:40,2
8/2/2019 7:50,2
8/2/2019 8:00,3
8/2/2019 8:10,4
8/2/2019 8:20,5
8/2/2019 8:30,7
8/2/2019 8:40,7
8/2/2019 8:50,11
8/2/2019 9:00,17
8/2/2019 9:10,21
8/2/2019 9:20,21
8/2/2019 9:30,19
8/2/2019 9:40,20
8/2/2019 9:50,19
8/2/2019 10:00,22
8/2/2019 10:10,21
8/2/2019 10:20,24
8/2/2019 10:30,24
8/2/2019 10:40,22
8/2/2019 10:50,24
8/2/2019 11:00,23
8/2/2019 11:10,23
8/2/2019 11:20,24
8/2/2019 11:30,23
8/2/2019 11:40,24
8/2/2019 11:50,21
8/2/2019 12:00,21
8/2/2019 12:10,20
8/2/2019 12:20,21
8/2/2019 12:30,20
8/2/2019 12:40,23
8/2/2019 12:50,24
8/2/2019 13:00,26
8/2/2019 13:10,24
8/2/2019 13:20,22
8/2/2019 13:30,23
8/2/2019 13:40,22
8/2/2019 13:50,24
8/2/2019 14:00,23
8/2/2019 14:10,25
8/2/2019 14:20,24
8/2/2019 14:30,23
8/2/2019 14:40,22
8/2/2019 14:50,23
8/2/2019 15:00,25
8/2/2019 15:10,25
8/2/2019 15:20,27
8/2/2019 15:30,26
8/2/2019 15:40,24
8/2/2019 15:50,24
8/2/2019 16:00,25
8/2/2019 16:10,25
8/2/2019 16:20,26
8/2/2019 16:30,25
8/2/2019 16:40,25
8/2/2019 16:50,26
8/2/2019 17:00,24
8/2/2019 17:10,24
8/2/2019 17:20,24
8/2/2019 17:30,19
8/2/2019 17:40,16
8/2/2019 17:50,11
8/2/2019 18:00,9
8/2/2019 18:10,6
8/2/2019 18:20,4
8/2/2019 18:30,5
8/2/2019 18:40,4
8/2/2019 18:50,4
8/2/2019 19:00,4
8/2/2019 19:10,3
8/2/2019 19:20,3
8/2/2019 19:30,3
8/2/2019 19:40,3
8/2/2019 19:50,4
8/2/2019 20:00,3
8/2/2019 20:10,3
8/2/2019 20:20,3
8/2/2019 20:30,3
8/2/2019 20:40,1
8/2/2019 20:50,1
8/2/2019 21:00,0
8/2/2019 21:10,0
8/2/2019 21:20,0
8/2/2019 21:30,0
8/2/2019 21:40,0
8/2/2019 21:50,1
8/2/2019 22:00,0
8/2/2019 22:10,0
8/2/2019 22:20,0
8/2/2019 22:30,0
8/2/2019 22:40,0
8/2/2019 22:50,0
8/2/2019 23:00,0
8/2/2019 23:10,0
8/2/2019 23:20,0
8/2/2019 23:30,0
8/2/2019 23:40,0
8/2/2019 23:50,0
8/3/2019 0:00,0
8/3/2019 0:10,0
8/3/2019 0:20,0
8/3/2019 0:30,0
8/3/2019 0:40,0
8/3/2019 0:50,0
8/3/2019 1:00,0
8/3/2019 1:10,0
8/3/2019 1:20,0
8/3/2019 1:30,0
8/3/2019 1:40,0
8/3/2019 1:50,0
8/3/2019 2:00,1
8/3/2019 2:10,0
8/3/2019 2:20,0
8/3/2019 2:30,0
8/3/2019 2:40,0
8/3/2019 2:50,0
8/3/2019 3:00,1
8/3/2019 3:10,1
8/3/2019 3:20,1
8/3/2019 3:30,1
8/3/2019 3:40,1
8/3/2019 3:50,1
8/3/2019 4:00,1
8/3/2019 4:10,1
8/3/2019 4:20,1
8/3/2019 4:30,1
8/3/2019 4:40,1
8/3/2019 4:50,1
8/3/2019 5:00,1
8/3/2019 5:10,1
8/3/2019 5:20,1
8/3/2019 5:30,1
8/3/2019 5:40,1
8/3/2019 5:50,1
8/3/2019 6:00,1
8/3/2019 6:10,1
8/3/2019 6:20,1
8/3/2019 6:30,1
8/3/2019 6:40,1
8/3/2019 6:50,1
8/3/2019 7:00,1
8/3/2019 7:10,1
8/3/2019 7:20,1
8/3/2019 7:30,1
8/3/2019 7:40,1
8/3/2019 7:50,1
8/3/2019 8:00,1
8/3/2019 8:10,1
8/3/2019 8:20,1
8/3/2019 8:30,1
8/3/2019 8:40,1
8/3/2019 8:50,1
8/3/2019 9:00,1
8/3/2019 9:10,0
8/3/2019 9:20,0
8/3/2019 9:30,0
8/3/2019 9:40,0
8/3/2019 9:50,0
8/3/2019 10:00,0
8/3/2019 10:10,0
8/3/2019 10:20,0
8/3/2019 10:30,0
8/3/2019 10:40,0
8/3/2019 10:50,0
8/3/2019 11:00,0
8/3/2019 11:10,0
8/3/2019 11:20,2
8/3/2019 11:30,2
8/3/2019 11:40,1
8/3/2019 11:50,1
8/3/2019 12:00,0
8/3/2019 12:10,0
8/3/2019 12:20,0
8/3/2019 12:30,0
8/3/2019 12:40,0
8/3/2019 12:50,0
8/3/2019 13:00,0
8/3/2019 13:10,1
8/3/2019 13:20,2
8/3/2019 13:30,2
8/3/2019 13:40,3
8/3/2019 13:50,2
8/3/2019 14:00,2
8/3/2019 14:10,2
8/3/2019 14:20,2
8/3/2019 14:30,2
8/3/2019 14:40,2
8/3/2019 14:50,2
8/3/2019 15:00,0
8/3/2019 15:10,0
8/3/2019 15:20,0
8/3/2019 15:30,0
8/3/2019 15:40,0
8/3/2019 15:50,0
8/3/2019 16:00,0
8/3/2019 16:10,0
8/3/2019 16:20,0
8/3/2019 16:30,0
8/3/2019 16:40,0
8/3/2019 16:50,0
8/3/2019 17:00,0
8/3/2019 17:10,0
8/3/2019 17:20,0
8/3/2019 17:30,0
8/3/2019 17:40,0
8/3/2019 17:50,0
8/3/2019 18:00,0
8/3/2019 18:10,0
8/3/2019 18:20,0
8/3/2019 18:30,0
8/3/2019 18:40,0
8/3/2019 18:50,0
8/3/2019 19:00,0
8/3/2019 19:10,0
8/3/2019 19:20,0
8/3/2019 19:30,0
8/3/2019 19:40,0
8/3/2019 19:50,0
8/3/2019 20:00,0
8/3/2019 20:10,0
8/3/2019 20:20,0
8/3/2019 20:30,0
8/3/2019 20:40,0
8/3/2019 20:50,0
8/3/2019 21:00,0
8/3/2019 21:10,0
8/3/2019 21:20,0
8/3/2019 21:30,0
8/3/2019 21:40,0
8/3/2019 21:50,0
8/3/2019 22:00,0
8/3/2019 22:10,0
8/3/2019 22:20,0
8/3/2019 22:30,0
8/3/2019 22:40,0
8/3/2019 22:50,0
8/3/2019 23:00,0
8/3/2019 23:10,0
8/3/2019 23:20,0
8/3/2019 23:30,0
8/3/2019 23:40,0
8/3/2019 23:50,0
8/4/2019 0:00,0
8/4/2019 0:10,0
8/4/2019 0:20,0
8/4/2019 0:30,0
8/4/2019 0:40,0
8/4/2019 0:50,0
8/4/2019 1:00,0
8/4/2019 1:10,0
8/4/2019 1:20,0
8/4/2019 1:30,0
8/4/2019 1:40,0
8/4/2019 1:50,0
8/4/2019 2:00,0
8/4/2019 2:10,0
8/4/2019 2:20,0
8/4/2019 2:30,0
8/4/2019 2:40,0
8/4/2019 2:50,0
8/4/2019 3:00,0
8/4/2019 3:10,0
8/4/2019 3:20,0
8/4/2019 3:30,0
8/4/2019 3:40,0
8/4/2019 3:50,0
8/4/2019 4:00,0
8/4/2019 4:10,0
8/4/2019 4:20,0
8/4/2019 4:30,0
8/4/2019 4:40,0
8/4/2019 4:50,0
8/4/2019 5:00,0
8/4/2019 5:10,0
8/4/2019 5:20,0
8/4/2019 5:30,0
8/4/2019 5:40,0
8/4/2019 5:50,0
8/4/2019 6:00,0
8/4/2019 6:10,0
8/4/2019 6:20,0
8/4/2019 6:30,0
8/4/2019 6:40,0
8/4/2019 6:50,0
8/4/2019 7:00,0
8/4/2019 7:10,0
8/4/2019 7:20,0
8/4/2019 7:30,0
8/4/2019 7:40,0
8/4/2019 7:50,0
8/4/2019 8:00,0
8/4/2019 8:10,0
8/4/2019 8:20,1
8/4/2019 8:30,1
8/4/2019 8:40,1
8/4/2019 8:50,1
8/4/2019 9:00,1
8/4/2019 9:10,1
8/4/2019 9:20,1
8/4/2019 9:30,1
8/4/2019 9:40,1
8/4/2019 9:50,1
8/4/2019 10:00,1
8/4/2019 10:10,1
8/4/2019 10:20,1
8/4/2019 10:30,1
8/4/2019 10:40,1
8/4/2019 10:50,1
8/4/2019 11:00,1
8/4/2019 11:10,1
8/4/2019 11:20,1
8/4/2019 11:30,1
8/4/2019 11:40,1
8/4/2019 11:50,1
8/4/2019 12:00,3
8/4/2019 12:10,3
8/4/2019 12:20,2
8/4/2019 12:30,2
8/4/2019 12:40,2
8/4/2019 12:50,2
8/4/2019 13:00,3
8/4/2019 13:10,3
8/4/2019 13:20,2
8/4/2019 13:30,2
8/4/2019 13:40,2
8/4/2019 13:50,2
8/4/2019 14:00,2
8/4/2019 14:10,2
8/4/2019 14:20,2
8/4/2019 14:30,2
8/4/2019 14:40,2
8/4/2019 14:50,2
8/4/2019 15:00,2
8/4/2019 15:10,2
8/4/2019 15:20,2
8/4/2019 15:30,2
8/4/2019 15:40,2
8/4/2019 15:50,2
8/4/2019 16:00,2
8/4/2019 16:10,3
8/4/2019 16:20,2
8/4/2019 16:30,3
8/4/2019 16:40,1
8/4/2019 16:50,1
8/4/2019 17:00,1
8/4/2019 17:10,1
8/4/2019 17:20,1
8/4/2019 17:30,1
8/4/2019 17:40,2
8/4/2019 17:50,2
8/4/2019 18:00,2
8/4/2019 18:10,2
8/4/2019 18:20,3
8/4/2019 18:30,2
8/4/2019 18:40,1
8/4/2019 18:50,1
8/4/2019 19:00,1
8/4/2019 19:10,1
8/4/2019 19:20,1
8/4/2019 19:30,1
8/4/2019 19:40,1
8/4/2019 19:50,1
8/4/2019 20:00,1
8/4/2019 20:10,1
8/4/2019 20:20,1
8/4/2019 20:30,1
8/4/2019 20:40,1
8/4/2019 20:50,1
8/4/2019 21:00,1
8/4/2019 21:10,1
8/4/2019 21:20,1
8/4/2019 21:30,1
8/4/2019 21:40,1
8/4/2019 21:50,1
8/4/2019 22:00,1
8/4/2019 22:10,1
8/4/2019 22:20,1
8/4/2019 22:30,1
8/4/2019 22:40,1
8/4/2019 22:50,1
8/4/2019 23:00,1
8/4/2019 23:10,1
8/4/2019 23:20,1
8/4/2019 23:30,1
8/4/2019 23:40,1
8/4/2019 23:50,1
8/5/2019 0:00,1
8/5/2019 0:10,1
8/5/2019 0:20,1
8/5/2019 0:30,1
8/5/2019 0:40,1
8/5/2019 0:50,1
8/5/2019 1:00,1
8/5/2019 1:10,1
8/5/2019 1:20,1
8/5/2019 1:30,1
8/5/2019 1:40,1
8/5/2019 1:50,1
8/5/2019 2:00,1
8/5/2019 2:10,1
8/5/2019 2:20,1
8/5/2019 2:30,1
8/5/2019 2:40,1
8/5/2019 2:50,1
8/5/2019 3:00,1
8/5/2019 3:10,1
8/5/2019 3:20,1
8/5/2019 3:30,1
8/5/2019 3:40,1
8/5/2019 3:50,1
8/5/2019 4:00,1
8/5/2019 4:10,0
8/5/2019 4:20,0
8/5/2019 4:30,0
8/5/2019 4:40,0
8/5/2019 4:50,0
8/5/2019 5:00,0
8/5/2019 5:10,0
8/5/2019 5:20,0
8/5/2019 5:30,0
8/5/2019 5:40,0
8/5/2019 5:50,0
8/5/2019 6:00,0
8/5/2019 6:10,0
8/5/2019 6:20,0
8/5/2019 6:30,0
8/5/2019 6:40,0
8/5/2019 6:50,0
8/5/2019 7:00,0
8/5/2019 7:10,0
8/5/2019 7:20,0
8/5/2019 7:30,3
8/5/2019 7:40,4
8/5/2019 7:50,4
8/5/2019 8:00,3
8/5/2019 8:10,4
8/5/2019 8:20,8
8/5/2019 8:30,10
8/5/2019 8:40,13
8/5/2019 8:50,14
8/5/2019 9:00,15
8/5/2019 9:10,16
8/5/2019 9:20,17
8/5/2019 9:30,21
8/5/2019 9:40,26
8/5/2019 9:50,31
8/5/2019 10:00,32
8/5/2019 10:10,34
8/5/2019 10:20,37
8/5/2019 10:30,36
8/5/2019 10:40,36
8/5/2019 10:50,35
8/5/2019 11:00,36
8/5/2019 11:10,35
8/5/2019 11:20,34
8/5/2019 11:30,34
8/5/2019 11:40,31
8/5/2019 11:50,29
8/5/2019 12:00,28
8/5/2019 12:10,31
8/5/2019 12:20,33
8/5/2019 12:30,31
8/5/2019 12:40,29
8/5/2019 12:50,25
8/5/2019 13:00,21
8/5/2019 13:10,23
8/5/2019 13:20,24
8/5/2019 13:30,24
8/5/2019 13:40,26
8/5/2019 13:50,25
8/5/2019 14:00,23
8/5/2019 14:10,25
8/5/2019 14:20,29
8/5/2019 14:30,29
8/5/2019 14:40,28
8/5/2019 14:50,29
8/5/2019 15:00,29
8/5/2019 15:10,29
8/5/2019 15:20,29
8/5/2019 15:30,31
8/5/2019 15:40,30
8/5/2019 15:50,31
8/5/2019 16:00,30
8/5/2019 16:10,29
8/5/2019 16:20,28
8/5/2019 16:30,26
8/5/2019 16:40,23
8/5/2019 16:50,23
8/5/2019 17:00,24
8/5/2019 17:10,23
8/5/2019 17:20,17
8/5/2019 17:30,13
8/5/2019 17:40,12
8/5/2019 17:50,11
8/5/2019 18:00,8
8/5/2019 18:10,6
8/5/2019 18:20,5
8/5/2019 18:30,5
8/5/2019 18:40,5
8/5/2019 18:50,5
8/5/2019 19:00,4
8/5/2019 19:10,3
8/5/2019 19:20,2
8/5/2019 19:30,1
8/5/2019 19:40,1
8/5/2019 19:50,1
8/5/2019 20:00,1
8/5/2019 20:10,2
8/5/2019 20:20,1
8/5/2019 20:30,1
8/5/2019 20:40,1
8/5/2019 20:50,1
8/5/2019 21:00,1
8/5/2019 21:10,1
8/5/2019 21:20,1
8/5/2019 21:30,1
8/5/2019 21:40,1
8/5/2019 21:50,1
8/5/2019 22:00,1
8/5/2019 22:10,1
8/5/2019 22:20,1
8/5/2019 22:30,1
8/5/2019 22:40,1
8/5/2019 22:50,1
8/5/2019 23:00,1
8/5/2019 23:10,2
8/5/2019 23:20,1
8/5/2019 23:30,1
8/5/2019 23:40,1
8/5/2019 23:50,1
