timestamp,co2,elec_with_hvac,elec_no_hvac,rh,temp,wifi,hours
7/8/2019 0:00,3.0,811.4,429.8,65.4,27.0,2.0,1.0
7/8/2019 0:10,8.0,1127.1,330.2,65.8,27.0,2.0,1.0
7/8/2019 0:20,6.0,699.8,315.3,65.7,26.9,2.0,1.0
7/8/2019 0:30,14.0,812.7,423.8,65.7,26.9,2.0,1.0
7/8/2019 0:40,8.0,786.9,404.3,65.1,26.8,2.0,1.0
7/8/2019 0:50,7.0,1221.2,420.4,65.8,26.7,2.0,1.0
7/8/2019 1:00,4.0,828.3,439.4,65.4,26.7,2.0,1.0
7/8/2019 1:10,3.0,778.1,390.6,65.1,26.6,2.0,1.0
7/8/2019 1:20,4.0,698.3,314.7,65.1,26.6,2.0,1.0
7/8/2019 1:30,2.0,1106.2,322.0,65.6,26.6,2.0,1.0
7/8/2019 1:40,-2.0,729.9,338.5,64.5,26.5,2.0,1.0
7/8/2019 1:50,-5.0,708.2,320.2,64.8,26.5,2.0,1.0
7/8/2019 2:00,-1.0,709.9,321.9,65.9,26.5,2.0,1.0
7/8/2019 2:10,1.0,763.8,333.9,65.3,26.4,2.0,1.0
7/8/2019 2:20,-2.0,701.0,311.6,64.9,26.4,2.0,1.0
7/8/2019 2:30,2.0,720.0,341.8,65.6,26.4,2.0,1.0
7/8/2019 2:40,-1.0,716.7,334.6,65.9,26.3,2.0,1.0
7/8/2019 2:50,-4.0,751.9,317.1,65.2,26.3,2.0,1.0
7/8/2019 3:00,-6.0,1114.1,324.5,64.9,26.3,2.0,1.0
7/8/2019 3:10,-11.0,808.0,416.6,66.4,26.2,2.0,1.0
7/8/2019 3:20,-5.0,800.6,415.1,65.8,26.2,2.0,1.0
7/8/2019 3:30,-7.0,813.5,426.5,65.8,26.2,2.0,1.0
7/8/2019 3:40,-11.0,911.6,407.5,64.7,26.2,2.0,1.0
7/8/2019 3:50,-9.0,762.3,380.2,64.2,26.1,2.0,1.0
7/8/2019 4:00,-12.0,717.2,331.7,64.8,26.1,2.0,1.0
7/8/2019 4:10,-12.0,714.6,318.8,65.0,26.0,2.0,1.0
7/8/2019 4:20,-14.0,756.9,319.6,65.1,26.0,2.0,1.0
7/8/2019 4:30,-14.0,1118.4,336.6,65.8,26.0,2.0,1.0
7/8/2019 4:40,-15.0,722.1,331.2,65.6,25.9,2.0,1.0
7/8/2019 4:50,-16.0,718.9,339.2,65.8,25.9,2.0,1.0
7/8/2019 5:00,-16.0,1258.4,321.9,68.1,25.8,2.0,1.0
7/8/2019 5:10,-18.0,1831.4,315.2,65.8,25.9,2.0,1.0
7/8/2019 5:20,-19.0,1782.3,315.8,62.2,25.7,2.0,1.0
7/8/2019 5:30,-21.0,1752.8,308.8,60.3,25.6,2.0,1.0
7/8/2019 5:40,-19.0,1769.0,316.7,58.9,25.7,2.0,1.0
7/8/2019 5:50,-22.0,1824.7,332.4,58.3,25.6,2.0,1.0
7/8/2019 6:00,-15.0,1881.8,433.0,57.5,25.6,2.0,1.0
7/8/2019 6:10,-12.0,1874.4,427.0,56.7,25.5,2.0,1.0
7/8/2019 6:20,-8.0,1840.3,386.1,56.0,25.5,2.0,1.0
7/8/2019 6:30,-6.0,1921.9,416.0,55.6,25.5,2.0,1.0
7/8/2019 6:40,-1.0,2218.7,385.8,55.0,25.4,2.0,1.0
7/8/2019 6:50,-5.0,1789.3,344.8,54.5,25.5,2.0,1.0
7/8/2019 7:00,-11.0,1787.2,333.5,54.0,25.6,2.0,1.0
7/8/2019 7:10,-5.0,1783.1,333.8,53.8,25.5,2.0,1.0
7/8/2019 7:20,9.0,2208.1,349.8,53.4,25.6,2.0,1.0
7/8/2019 7:30,14.0,1779.6,330.2,53.2,25.5,3.0,1.0
7/8/2019 7:40,13.0,1805.7,349.0,52.9,25.6,4.0,1.0
7/8/2019 7:50,22.0,1780.3,339.7,52.7,26.0,4.0,1.0
7/8/2019 8:00,28.0,2899.8,1034.6,52.5,26.4,4.0,1.0
7/8/2019 8:10,20.0,2654.2,1205.3,52.5,26.7,6.0,1.0
7/8/2019 8:20,72.0,2531.8,1088.7,52.1,25.6,8.0,0.0
7/8/2019 8:30,113.0,2511.0,1077.3,52.1,26.2,15.0,0.0
7/8/2019 8:40,243.0,3162.9,1294.3,52.2,26.7,16.0,0.0
7/8/2019 8:50,206.0,2695.8,1234.7,51.8,26.1,23.0,0.0
7/8/2019 9:00,195.0,2750.8,1298.5,51.6,26.0,26.0,0.0
7/8/2019 9:10,208.0,2889.4,1451.8,51.5,26.3,28.0,0.0
7/8/2019 9:20,258.0,2793.6,1360.4,51.5,26.4,31.0,0.0
7/8/2019 9:30,277.0,2830.9,1391.8,51.9,26.6,29.0,0.0
7/8/2019 9:40,337.0,2805.0,1377.1,51.1,26.7,31.0,0.0
7/8/2019 9:50,419.0,3321.1,1365.1,57.1,26.1,30.0,0.0
7/8/2019 10:00,430.0,2846.3,1378.9,55.6,25.8,29.0,0.0
7/8/2019 10:10,488.0,2807.5,1365.4,53.7,25.9,29.0,0.0
7/8/2019 10:20,529.0,2899.5,1460.4,57.3,26.0,26.0,0.0
7/8/2019 10:30,553.0,3399.2,1454.6,54.4,26.1,29.0,0.0
7/8/2019 10:40,381.0,2909.4,1461.0,61.5,26.4,30.0,0.0
7/8/2019 10:50,324.0,2822.2,1379.7,61.9,26.4,32.0,0.0
7/8/2019 11:00,383.0,2871.3,1429.8,56.0,26.7,34.0,0.0
7/8/2019 11:10,457.0,2814.8,1368.3,52.5,26.6,31.0,0.0
7/8/2019 11:20,487.0,2952.8,1510.7,54.7,26.7,32.0,0.0
7/8/2019 11:30,512.0,2989.8,1534.5,53.5,26.8,35.0,0.0
7/8/2019 11:40,531.0,3417.9,1437.1,55.2,26.7,33.0,0.0
7/8/2019 11:50,527.0,2971.7,1537.4,59.1,26.5,32.0,0.0
7/8/2019 12:00,529.0,2840.7,1396.7,58.0,26.6,29.0,0.0
7/8/2019 12:10,525.0,2844.9,1405.2,58.0,26.6,29.0,0.0
7/8/2019 12:20,432.0,3459.4,1491.8,58.3,25.8,28.0,0.0
7/8/2019 12:30,410.0,2822.0,1389.7,58.3,26.0,28.0,0.0
7/8/2019 12:40,432.0,2780.1,1354.6,59.4,26.3,27.0,0.0
7/8/2019 12:50,458.0,3156.0,1422.6,60.6,26.3,27.0,0.0
7/8/2019 13:00,431.0,2898.3,1459.7,60.7,26.4,29.0,0.0
7/8/2019 13:10,431.0,3475.5,2026.1,61.0,26.6,32.0,0.0
7/8/2019 13:20,440.0,2851.7,1393.0,62.6,26.6,30.0,0.0
7/8/2019 13:30,436.0,3436.6,1373.3,60.6,26.1,33.0,0.0
7/8/2019 13:40,440.0,2876.5,1424.2,60.0,25.8,33.0,0.0
7/8/2019 13:50,441.0,2844.7,1416.3,59.1,26.1,35.0,0.0
7/8/2019 14:00,454.0,3086.8,1644.8,59.0,26.3,32.0,0.0
7/8/2019 14:10,434.0,2959.7,1520.5,59.7,26.4,30.0,0.0
7/8/2019 14:20,435.0,2877.1,1441.4,61.3,26.5,31.0,0.0
7/8/2019 14:30,433.0,2746.5,1328.4,61.9,26.7,32.0,0.0
7/8/2019 14:40,418.0,3454.0,1393.1,62.2,26.0,30.0,0.0
7/8/2019 14:50,453.0,2952.3,1537.6,59.0,26.3,30.0,0.0
7/8/2019 15:00,479.0,2807.4,1396.5,63.3,26.4,25.0,0.0
7/8/2019 15:10,527.0,3607.4,1548.6,60.6,26.5,24.0,0.0
7/8/2019 15:20,543.0,2847.0,1422.5,63.9,26.8,26.0,0.0
7/8/2019 15:30,525.0,2813.2,1391.7,60.4,26.9,25.0,0.0
7/8/2019 15:40,384.0,2890.8,1474.1,64.7,27.0,30.0,0.0
7/8/2019 15:50,399.0,3544.1,1458.4,63.5,26.2,26.0,0.0
7/8/2019 16:00,381.0,2795.7,1368.8,65.7,26.2,23.0,0.0
7/8/2019 16:10,353.0,2805.0,1382.0,64.8,26.3,23.0,0.0
7/8/2019 16:20,361.0,3421.3,1345.8,61.6,26.6,24.0,0.0
7/8/2019 16:30,340.0,2690.9,1247.9,62.0,26.7,23.0,0.0
7/8/2019 16:40,341.0,2987.6,1543.1,61.6,26.9,25.0,0.0
7/8/2019 16:50,341.0,2756.8,1331.4,62.4,26.8,24.0,0.0
7/8/2019 17:00,322.0,3390.5,1348.2,63.1,27.0,26.0,1.0
7/8/2019 17:10,318.0,2773.3,1328.8,59.5,27.1,25.0,1.0
7/8/2019 17:20,284.0,2683.3,1251.0,56.7,27.3,17.0,1.0
7/8/2019 17:30,284.0,3298.6,1220.6,58.5,27.4,13.0,1.0
7/8/2019 17:40,261.0,2602.2,1166.5,61.2,27.5,15.0,1.0
7/8/2019 17:50,224.0,1766.0,339.0,60.7,27.7,13.0,1.0
7/8/2019 18:00,207.0,1745.6,322.6,59.1,27.8,10.0,1.0
7/8/2019 18:10,180.0,2374.6,340.6,58.6,27.9,8.0,1.0
7/8/2019 18:20,162.0,1779.0,339.9,59.9,28.1,7.0,1.0
7/8/2019 18:30,144.0,1766.7,345.7,59.2,28.3,6.0,1.0
7/8/2019 18:40,134.0,2389.5,337.4,60.0,28.1,6.0,1.0
7/8/2019 18:50,128.0,1782.5,330.7,60.4,28.4,6.0,1.0
7/8/2019 19:00,113.0,1780.0,342.4,61.2,28.4,2.0,1.0
7/8/2019 19:10,110.0,1787.0,340.0,61.3,28.3,2.0,1.0
7/8/2019 19:20,100.0,2435.4,456.5,61.4,28.4,2.0,1.0
7/8/2019 19:30,87.0,1846.0,419.1,60.4,28.1,3.0,1.0
7/8/2019 19:40,80.0,1824.5,396.6,62.0,27.9,2.0,1.0
7/8/2019 19:50,70.0,2303.7,395.6,59.4,27.8,3.0,1.0
7/8/2019 20:00,60.0,1830.4,416.6,59.0,27.6,4.0,1.0
7/8/2019 20:10,54.0,1745.8,315.5,59.0,27.4,3.0,1.0
7/8/2019 20:20,46.0,1746.8,313.0,58.8,27.3,3.0,1.0
7/8/2019 20:30,38.0,2235.5,330.8,58.7,27.1,3.0,1.0
7/8/2019 20:40,30.0,1765.1,339.2,58.3,27.0,3.0,1.0
7/8/2019 20:50,30.0,1748.9,316.1,58.7,26.8,3.0,1.0
7/8/2019 21:00,24.0,1757.4,319.2,58.5,26.7,3.0,1.0
7/8/2019 21:10,21.0,2229.5,337.5,58.1,26.7,2.0,1.0
7/8/2019 21:20,18.0,1888.4,451.2,58.3,26.5,2.0,1.0
7/8/2019 21:30,18.0,1883.2,452.4,59.5,26.4,2.0,1.0
7/8/2019 21:40,12.0,1876.3,445.9,59.2,26.2,2.0,1.0
7/8/2019 21:50,9.0,1758.7,327.9,59.4,26.2,2.0,1.0
7/8/2019 22:00,11.0,1874.9,436.3,59.5,26.2,2.0,1.0
7/8/2019 22:10,5.0,1869.0,434.3,59.7,26.1,2.0,1.0
7/8/2019 22:20,0.0,1891.6,405.6,59.6,26.1,2.0,1.0
7/8/2019 22:30,2.0,1812.9,384.5,60.2,26.0,2.0,1.0
7/8/2019 22:40,7.0,1839.1,397.5,59.8,26.0,2.0,1.0
7/8/2019 22:50,7.0,1752.3,317.6,60.2,26.0,2.0,1.0
7/8/2019 23:00,8.0,1810.1,320.7,60.3,26.0,3.0,1.0
7/8/2019 23:10,5.0,1870.0,435.8,60.5,26.0,3.0,1.0
7/8/2019 23:20,15.0,1869.9,424.5,60.6,25.9,3.0,1.0
7/8/2019 23:30,4.0,1895.6,437.5,60.6,26.0,2.0,1.0
7/8/2019 23:40,6.0,2077.0,338.3,60.3,26.0,2.0,1.0
7/8/2019 23:50,7.0,1762.6,323.5,60.2,25.9,3.0,1.0
7/9/2019 0:00,1.0,1748.6,302.7,60.8,25.9,4.0,1.0
7/9/2019 0:10,-3.0,1763.7,325.6,61.6,25.8,4.0,1.0
7/9/2019 0:20,-7.0,1830.9,308.8,62.1,25.8,3.0,1.0
7/9/2019 0:30,-2.0,1789.7,333.0,62.2,25.8,3.0,1.0
7/9/2019 0:40,-2.0,1868.5,421.1,61.7,25.6,3.0,1.0
7/9/2019 0:50,-9.0,1865.5,404.9,61.5,25.6,4.0,1.0
7/9/2019 1:00,-3.0,1887.3,390.1,62.6,25.7,4.0,1.0
7/9/2019 1:10,-4.0,2235.4,384.9,62.7,25.6,4.0,1.0
7/9/2019 1:20,-5.0,1856.6,408.2,62.2,25.6,4.0,1.0
7/9/2019 1:30,-5.0,1747.6,304.0,61.2,25.6,4.0,1.0
7/9/2019 1:40,-10.0,1762.5,307.3,60.6,25.7,3.0,1.0
7/9/2019 1:50,-14.0,2133.1,320.1,60.1,25.7,3.0,1.0
7/9/2019 2:00,-11.0,1775.7,327.8,59.3,25.7,3.0,1.0
7/9/2019 2:10,-8.0,1773.6,317.9,58.2,25.7,3.0,1.0
7/9/2019 2:20,-7.0,1778.2,310.8,58.3,25.6,4.0,1.0
7/9/2019 2:30,-8.0,2126.8,306.6,58.0,25.6,4.0,1.0
7/9/2019 2:40,-9.0,1755.9,304.6,57.4,25.6,3.0,1.0
7/9/2019 2:50,-13.0,1773.9,321.6,57.4,25.5,3.0,1.0
7/9/2019 3:00,-14.0,1760.2,313.8,57.2,25.5,3.0,1.0
7/9/2019 3:10,-13.0,1822.7,327.5,57.1,25.5,3.0,1.0
7/9/2019 3:20,-15.0,1886.5,435.2,57.2,25.5,3.0,1.0
7/9/2019 3:30,-12.0,1976.7,533.2,57.4,25.5,4.0,1.0
7/9/2019 3:40,-18.0,1985.3,535.4,59.8,25.4,4.0,1.0
7/9/2019 3:50,-15.0,1897.5,390.1,61.6,25.4,4.0,1.0
7/9/2019 4:00,-13.0,1874.2,425.8,61.3,25.4,4.0,1.0
7/9/2019 4:10,-19.0,1827.1,377.7,60.4,25.4,4.0,1.0
7/9/2019 4:20,-19.0,1788.0,330.8,59.5,25.4,4.0,1.0
7/9/2019 4:30,-19.0,1825.9,324.3,58.9,25.4,4.0,1.0
7/9/2019 4:40,-13.0,2128.9,312.1,58.4,25.4,4.0,1.0
7/9/2019 4:50,-15.0,1763.7,311.4,57.9,25.4,4.0,1.0
7/9/2019 5:00,-18.0,1752.9,306.0,57.4,25.4,4.0,1.0
7/9/2019 5:10,-14.0,1774.9,313.4,56.8,25.4,3.0,1.0
7/9/2019 5:20,-18.0,1851.3,313.6,57.2,25.3,3.0,1.0
7/9/2019 5:30,-18.0,1811.4,349.3,56.4,25.3,4.0,1.0
7/9/2019 5:40,-21.0,1761.5,308.2,56.8,25.2,3.0,1.0
7/9/2019 5:50,-23.0,1774.7,324.3,56.9,25.2,3.0,1.0
7/9/2019 6:00,-34.0,1816.4,315.8,56.9,25.2,3.0,1.0
7/9/2019 6:10,-32.0,2243.7,429.7,57.1,25.2,2.0,1.0
7/9/2019 6:20,-38.0,1870.6,415.4,58.0,25.1,2.0,1.0
7/9/2019 6:30,-42.0,1859.2,392.7,58.4,25.0,3.0,1.0
7/9/2019 6:40,-48.0,1855.2,390.7,58.5,25.0,3.0,1.0
7/9/2019 6:50,-49.0,2204.0,390.1,60.0,25.0,3.0,1.0
7/9/2019 7:00,-48.0,1790.3,348.7,61.5,25.1,3.0,1.0
7/9/2019 7:10,-35.0,1776.2,329.7,60.1,25.1,4.0,1.0
7/9/2019 7:20,-43.0,1793.0,348.5,59.4,25.2,5.0,1.0
7/9/2019 7:30,-26.0,1824.9,331.6,59.1,25.4,4.0,1.0
7/9/2019 7:40,-19.0,1800.5,337.5,58.8,26.0,4.0,1.0
7/9/2019 7:50,-17.0,1803.6,349.8,58.5,26.3,4.0,1.0
7/9/2019 8:00,-4.0,1770.0,323.1,58.3,26.8,3.0,1.0
7/9/2019 8:10,0.0,1879.7,370.3,58.2,26.1,4.0,1.0
7/9/2019 8:20,23.0,2218.4,322.5,57.5,25.9,9.0,0.0
7/9/2019 8:30,67.0,1765.7,326.1,57.5,26.5,13.0,0.0
7/9/2019 8:40,106.0,2686.9,1237.1,58.6,27.1,15.0,0.0
7/9/2019 8:50,99.0,2706.5,1249.3,59.7,25.8,15.0,0.0
7/9/2019 9:00,143.0,3257.5,1375.3,59.3,26.5,13.0,0.0
7/9/2019 9:10,177.0,2797.3,1341.6,58.2,26.1,26.0,0.0
7/9/2019 9:20,301.0,2842.9,1393.6,55.5,26.0,15.0,0.0
7/9/2019 9:30,278.0,2746.9,1300.0,55.3,26.1,30.0,0.0
7/9/2019 9:40,329.0,2739.7,1305.0,57.4,26.3,19.0,0.0
7/9/2019 9:50,282.0,2729.6,1286.1,56.9,26.4,31.0,0.0
7/9/2019 10:00,276.0,2861.8,1422.7,56.4,26.5,29.0,0.0
7/9/2019 10:10,286.0,3394.5,1446.9,56.4,26.6,30.0,0.0
7/9/2019 10:20,285.0,2845.1,1419.7,56.3,26.7,27.0,0.0
7/9/2019 10:30,282.0,2860.5,1415.6,58.0,26.7,23.0,0.0
7/9/2019 10:40,269.0,2808.1,1371.0,57.6,26.7,23.0,0.0
7/9/2019 10:50,384.0,3346.6,1372.1,62.6,26.3,33.0,0.0
7/9/2019 11:00,337.0,2842.8,1401.2,63.7,26.2,34.0,0.0
7/9/2019 11:10,369.0,2859.2,1398.6,61.7,26.2,23.0,0.0
7/9/2019 11:20,364.0,2735.2,1294.6,60.3,26.4,23.0,0.0
7/9/2019 11:30,395.0,3429.2,1440.1,58.9,26.5,29.0,0.0
7/9/2019 11:40,357.0,3048.1,1617.8,62.4,26.6,26.0,0.0
7/9/2019 11:50,330.0,2941.3,1504.1,60.7,26.6,8.0,0.0
7/9/2019 12:00,321.0,3392.0,1398.0,59.6,26.3,18.0,0.0
7/9/2019 12:10,327.0,2900.7,1469.9,60.5,26.4,24.0,0.0
7/9/2019 12:20,568.0,2805.3,1380.4,58.9,26.5,26.0,0.0
7/9/2019 12:30,511.0,2654.0,1230.9,60.2,26.7,22.0,0.0
7/9/2019 12:40,463.0,3323.5,1296.3,59.9,26.9,21.0,0.0
7/9/2019 12:50,372.0,2736.4,1306.1,58.7,26.6,19.0,0.0
7/9/2019 13:00,290.0,2844.4,1420.4,58.6,26.6,20.0,0.0
7/9/2019 13:10,444.0,3330.7,1295.7,57.7,25.9,14.0,0.0
7/9/2019 13:20,501.0,2746.4,1325.3,61.4,26.0,18.0,0.0
7/9/2019 13:30,539.0,2815.2,1381.0,59.1,26.3,21.0,0.0
7/9/2019 13:40,538.0,2719.9,1286.6,59.4,26.5,21.0,0.0
7/9/2019 13:50,555.0,3371.5,1293.1,61.0,26.6,20.0,0.0
7/9/2019 14:00,581.0,2841.0,1413.1,61.4,26.8,14.0,0.0
7/9/2019 14:10,573.0,2867.4,1420.0,62.5,26.3,23.0,0.0
7/9/2019 14:20,580.0,2853.5,1395.9,62.6,26.4,16.0,0.0
7/9/2019 14:30,521.0,3483.1,1366.2,62.5,26.5,20.0,0.0
7/9/2019 14:40,631.0,2774.5,1358.3,64.4,26.5,31.0,0.0
7/9/2019 14:50,696.0,2725.7,1295.4,62.3,26.5,25.0,0.0
7/9/2019 15:00,744.0,3392.4,1298.4,62.9,26.6,23.0,0.0
7/9/2019 15:10,781.0,2735.6,1299.4,61.5,26.5,12.0,0.0
7/9/2019 15:20,796.0,2695.6,1262.8,60.7,26.4,21.0,0.0
7/9/2019 15:30,581.0,2658.1,1237.0,59.9,26.4,22.0,0.0
7/9/2019 15:40,447.0,3641.1,1526.5,58.4,26.5,22.0,0.0
7/9/2019 15:50,407.0,2853.9,1415.7,58.8,26.6,22.0,0.0
7/9/2019 16:00,403.0,2847.8,1415.0,57.8,26.7,12.0,0.0
7/9/2019 16:10,395.0,3489.7,1398.6,59.0,26.8,6.0,0.0
7/9/2019 16:20,369.0,2774.6,1330.6,57.2,26.8,23.0,0.0
7/9/2019 16:30,377.0,2761.1,1310.3,62.0,26.3,19.0,0.0
7/9/2019 16:40,368.0,2894.0,1191.3,60.7,26.1,19.0,0.0
7/9/2019 16:50,330.0,2710.6,1282.7,60.6,26.2,22.0,0.0
7/9/2019 17:00,317.0,2748.3,1327.2,59.5,26.4,17.0,1.0
7/9/2019 17:10,313.0,2750.0,1320.6,61.0,26.6,17.0,1.0
7/9/2019 17:20,292.0,3423.0,1330.5,62.1,26.7,20.0,1.0
7/9/2019 17:30,277.0,2668.1,1229.0,64.7,26.7,18.0,1.0
7/9/2019 17:40,251.0,2574.7,1157.1,65.2,26.3,13.0,1.0
7/9/2019 17:50,220.0,2590.3,1170.7,61.5,26.5,10.0,1.0
7/9/2019 18:00,195.0,3235.3,1165.6,62.4,26.7,9.0,1.0
7/9/2019 18:10,169.0,2649.7,1219.4,60.5,26.6,7.0,1.0
7/9/2019 18:20,157.0,1756.5,330.5,60.2,26.6,6.0,1.0
7/9/2019 18:30,147.0,2389.0,318.4,61.4,26.3,4.0,1.0
7/9/2019 18:40,143.0,1756.2,333.6,59.9,26.2,4.0,1.0
7/9/2019 18:50,135.0,1786.2,354.8,60.2,26.3,4.0,1.0
7/9/2019 19:00,129.0,1778.5,357.9,59.3,26.4,2.0,1.0
7/9/2019 19:10,114.0,2318.3,320.5,58.4,26.5,2.0,1.0
7/9/2019 19:20,99.0,1763.5,340.0,62.8,26.6,3.0,1.0
7/9/2019 19:30,93.0,1863.9,432.1,61.9,26.6,2.0,1.0
7/9/2019 19:40,85.0,2265.3,403.1,60.3,26.8,2.0,1.0
7/9/2019 19:50,78.0,1836.1,424.8,60.7,26.2,3.0,1.0
7/9/2019 20:00,66.0,1835.9,387.5,60.6,26.2,2.0,1.0
7/9/2019 20:10,55.0,1818.1,383.9,60.8,26.4,2.0,1.0
7/9/2019 20:20,50.0,2313.2,337.3,60.3,26.6,2.0,1.0
7/9/2019 20:30,46.0,1753.0,321.2,60.0,26.6,2.0,1.0
7/9/2019 20:40,42.0,1748.7,325.7,60.2,26.6,2.0,1.0
7/9/2019 20:50,31.0,1767.4,341.4,63.2,26.6,2.0,1.0
7/9/2019 21:00,27.0,2265.6,318.5,65.4,26.7,2.0,1.0
7/9/2019 21:10,25.0,1749.6,314.4,64.9,26.6,2.0,1.0
7/9/2019 21:20,24.0,1765.2,332.9,62.3,26.6,2.0,1.0
7/9/2019 21:30,31.0,1765.8,330.6,60.4,26.6,2.0,1.0
7/9/2019 21:40,21.0,2242.9,309.0,60.6,26.5,2.0,1.0
7/9/2019 21:50,22.0,1740.0,316.5,59.8,26.5,1.0,1.0
7/9/2019 22:00,31.0,1732.2,308.2,61.0,26.5,1.0,1.0
7/9/2019 22:10,34.0,1856.4,430.0,65.6,26.5,1.0,1.0
7/9/2019 22:20,25.0,2331.8,420.7,65.2,26.5,1.0,1.0
7/9/2019 22:30,24.0,1955.8,511.8,65.0,26.5,1.0,1.0
7/9/2019 22:40,32.0,1990.0,547.5,64.7,26.5,1.0,1.0
7/9/2019 22:50,20.0,1996.0,533.9,66.6,26.5,1.0,1.0
7/9/2019 23:00,86.0,1775.0,313.9,67.5,26.3,1.0,1.0
7/9/2019 23:10,30.0,1792.9,339.6,64.3,26.0,2.0,1.0
7/9/2019 23:20,33.0,1786.9,334.6,63.6,26.1,2.0,1.0
7/9/2019 23:30,21.0,1802.0,314.6,62.8,26.1,2.0,1.0
7/9/2019 23:40,30.0,1764.9,328.7,67.6,26.2,2.0,1.0
7/9/2019 23:50,21.0,1755.8,311.8,64.2,26.2,1.0,1.0
7/10/2019 0:00,17.0,1799.6,350.8,60.8,26.2,1.0,1.0
7/10/2019 0:10,23.0,1846.9,366.8,59.3,26.2,1.0,1.0
7/10/2019 0:20,25.0,1760.0,327.2,58.5,26.2,1.0,1.0
7/10/2019 0:30,18.0,1754.6,324.3,58.8,26.2,1.0,1.0
7/10/2019 0:40,19.0,1779.3,335.7,58.5,26.2,1.0,1.0
7/10/2019 0:50,19.0,1795.4,322.1,58.4,26.2,1.0,1.0
7/10/2019 1:00,12.0,2323.9,435.8,58.6,26.2,1.0,1.0
7/10/2019 1:10,11.0,1979.0,539.4,61.1,26.2,1.0,1.0
7/10/2019 1:20,8.0,1969.9,524.9,67.9,26.2,1.0,1.0
7/10/2019 1:30,9.0,1980.7,545.0,69.0,26.2,1.0,1.0
7/10/2019 1:40,4.0,2398.7,517.0,68.5,26.2,1.0,1.0
7/10/2019 1:50,9.0,1935.2,488.7,68.4,26.2,1.0,1.0
7/10/2019 2:00,3.0,1905.3,458.8,65.9,26.2,1.0,1.0
7/10/2019 2:10,-5.0,1954.3,338.1,63.9,26.2,1.0,1.0
7/10/2019 2:20,0.0,1756.8,320.2,63.5,26.2,1.0,1.0
7/10/2019 2:30,0.0,1751.1,313.5,62.5,26.2,1.0,1.0
7/10/2019 2:40,-7.0,1779.7,342.0,62.4,26.2,1.0,1.0
7/10/2019 2:50,-12.0,1835.8,332.8,62.7,26.2,1.0,1.0
7/10/2019 3:00,-12.0,1762.1,319.1,62.5,26.2,1.0,1.0
7/10/2019 3:10,-10.0,1757.1,318.5,62.4,26.2,1.0,1.0
7/10/2019 3:20,-15.0,1815.5,351.0,62.6,26.2,1.0,1.0
7/10/2019 3:30,-12.0,1827.8,319.4,64.9,26.0,1.0,1.0
7/10/2019 3:40,-11.0,2296.6,427.0,66.3,26.0,1.0,1.0
7/10/2019 3:50,-8.0,1872.1,434.4,64.2,25.9,1.0,1.0
7/10/2019 4:00,0.0,1851.6,414.4,64.4,25.9,1.0,1.0
7/10/2019 4:10,-5.0,1870.6,428.0,61.3,25.9,1.0,1.0
7/10/2019 4:20,-1.0,2070.2,393.4,63.0,25.9,1.0,1.0
7/10/2019 4:30,-1.0,1778.6,327.3,67.9,25.9,1.0,1.0
7/10/2019 4:40,-2.0,1774.6,324.2,69.5,25.9,1.0,1.0
7/10/2019 4:50,-7.0,1755.7,322.4,69.2,25.9,1.0,1.0
7/10/2019 5:00,-10.0,1813.4,327.4,68.5,25.9,1.0,1.0
7/10/2019 5:10,-8.0,2202.3,317.7,68.4,25.9,1.0,1.0
7/10/2019 5:20,-9.0,1785.6,330.9,67.8,25.8,1.0,1.0
7/10/2019 5:30,-5.0,1780.5,339.0,67.5,25.9,1.0,1.0
7/10/2019 5:40,-6.0,1876.8,375.7,64.1,25.8,1.0,1.0
7/10/2019 5:50,-6.0,2170.8,314.9,62.0,25.8,1.0,1.0
7/10/2019 6:00,-9.0,1896.5,456.9,60.4,25.8,1.0,1.0
7/10/2019 6:10,-14.0,1908.9,461.5,60.4,25.8,1.0,1.0
7/10/2019 6:20,-10.0,1883.8,446.7,60.0,25.8,1.0,1.0
7/10/2019 6:30,-8.0,2292.2,426.1,59.6,25.8,1.0,1.0
7/10/2019 6:40,-10.0,1864.7,399.7,59.8,25.8,1.0,1.0
7/10/2019 6:50,-11.0,1847.0,392.2,59.7,25.8,1.0,1.0
7/10/2019 7:00,-2.0,1851.2,401.4,61.0,25.8,1.0,1.0
7/10/2019 7:10,98.0,2206.3,338.7,66.3,25.8,2.0,1.0
7/10/2019 7:20,134.0,1773.9,328.9,68.5,25.8,3.0,1.0
7/10/2019 7:30,9.0,1778.6,329.3,68.7,25.8,3.0,1.0
7/10/2019 7:40,21.0,1799.8,348.5,68.3,26.0,3.0,1.0
7/10/2019 7:50,34.0,2120.5,329.6,68.2,26.3,4.0,1.0
7/10/2019 8:00,43.0,1797.1,355.0,67.3,26.8,5.0,1.0
7/10/2019 8:10,61.0,1772.7,326.8,66.4,26.1,8.0,1.0
7/10/2019 8:20,124.0,2685.7,1251.9,66.6,26.2,11.0,0.0
7/10/2019 8:30,123.0,3027.3,1128.5,62.9,26.6,14.0,0.0
7/10/2019 8:40,143.0,2637.4,1196.4,60.7,26.5,16.0,0.0
7/10/2019 8:50,163.0,2758.4,1300.7,59.9,26.4,17.0,0.0
7/10/2019 9:00,179.0,2762.4,1292.6,59.3,26.6,19.0,0.0
7/10/2019 9:10,197.0,3522.3,1550.3,65.8,26.2,16.0,0.0
7/10/2019 9:20,248.0,2908.1,1447.5,66.5,25.9,15.0,0.0
7/10/2019 9:30,304.0,3049.0,1597.7,65.2,26.2,19.0,0.0
7/10/2019 9:40,290.0,3027.7,1579.3,62.1,26.2,23.0,0.0
7/10/2019 9:50,356.0,3375.7,1427.1,60.6,26.3,26.0,0.0
7/10/2019 10:00,367.0,2846.5,1419.1,68.6,26.3,26.0,0.0
7/10/2019 10:10,412.0,2848.4,1417.0,67.5,26.4,29.0,0.0
7/10/2019 10:20,447.0,2970.6,1541.2,64.4,26.4,32.0,0.0
7/10/2019 10:30,484.0,3426.1,1439.9,59.8,26.5,33.0,0.0
7/10/2019 10:40,508.0,3000.8,1574.9,64.6,26.7,33.0,0.0
7/10/2019 10:50,491.0,2976.5,1555.9,63.5,26.7,36.0,0.0
7/10/2019 11:00,588.0,3552.3,1566.1,59.2,26.7,35.0,0.0
7/10/2019 11:10,539.0,2785.4,1367.3,58.5,26.3,34.0,0.0
7/10/2019 11:20,567.0,2764.3,1340.3,60.0,26.2,39.0,0.0
7/10/2019 11:30,618.0,2785.7,1366.1,60.6,26.0,38.0,0.0
7/10/2019 11:40,605.0,3556.0,1473.7,62.0,26.3,32.0,0.0
7/10/2019 11:50,608.0,2924.4,1495.5,62.1,26.3,32.0,0.0
7/10/2019 12:00,625.0,2881.9,1439.8,61.6,26.5,29.0,0.0
7/10/2019 12:10,615.0,3001.3,1557.3,62.2,26.6,21.0,0.0
7/10/2019 12:20,498.0,3574.3,1568.2,60.1,26.6,21.0,0.0
7/10/2019 12:30,575.0,2862.3,1524.2,59.4,26.6,25.0,0.0
7/10/2019 12:40,611.0,2863.5,1523.9,60.7,26.6,26.0,0.0
7/10/2019 12:50,486.0,2860.6,1422.4,60.9,26.5,22.0,0.0
7/10/2019 13:00,428.0,3612.2,1509.4,61.1,26.1,24.0,0.0
7/10/2019 13:10,408.0,2899.6,1462.9,61.3,26.2,26.0,0.0
7/10/2019 13:20,475.0,2878.0,1462.8,62.7,26.6,29.0,0.0
7/10/2019 13:30,505.0,3670.3,1536.3,61.5,26.4,38.0,0.0
7/10/2019 13:40,511.0,2833.8,1406.4,60.8,26.4,36.0,0.0
7/10/2019 13:50,463.0,2860.6,1431.3,60.5,26.4,30.0,0.0
7/10/2019 14:00,418.0,2862.5,1428.3,59.2,26.2,31.0,0.0
7/10/2019 14:10,441.0,3539.4,1404.4,64.9,26.2,21.0,0.0
7/10/2019 14:20,462.0,3075.1,1630.1,68.7,26.1,19.0,0.0
7/10/2019 14:30,476.0,2967.0,1512.8,64.8,26.1,30.0,0.0
7/10/2019 14:40,478.0,2930.2,1480.8,62.8,25.8,33.0,0.0
7/10/2019 14:50,461.0,3802.2,1635.5,69.9,26.0,33.0,0.0
7/10/2019 15:00,427.0,2831.2,1411.6,71.9,26.2,30.0,0.0
7/10/2019 15:10,431.0,2848.3,1431.7,70.3,26.2,31.0,0.0
7/10/2019 15:20,404.0,2817.0,1407.7,68.4,26.2,34.0,0.0
7/10/2019 15:30,432.0,3715.1,1561.5,66.5,26.3,32.0,0.0
7/10/2019 15:40,432.0,2904.3,1471.5,63.2,26.3,30.0,0.0
7/10/2019 15:50,445.0,2918.5,1489.6,66.5,26.5,29.0,0.0
7/10/2019 16:00,408.0,3695.4,1550.7,64.8,26.4,26.0,0.0
7/10/2019 16:10,395.0,2979.3,1560.6,64.8,26.5,21.0,0.0
7/10/2019 16:20,387.0,3017.6,1589.7,63.3,26.7,18.0,0.0
7/10/2019 16:30,394.0,2866.5,1444.0,65.6,26.8,25.0,0.0
7/10/2019 16:40,362.0,3550.2,1386.9,64.4,27.1,28.0,0.0
7/10/2019 16:50,327.0,2841.2,1391.9,60.9,27.1,26.0,0.0
7/10/2019 17:00,335.0,2804.5,1389.7,59.1,27.3,26.0,1.0
7/10/2019 17:10,304.0,3309.3,1269.0,60.5,27.4,24.0,1.0
7/10/2019 17:20,286.0,2614.0,1190.0,63.3,27.5,22.0,1.0
7/10/2019 17:30,289.0,1836.5,409.6,60.9,27.7,19.0,1.0
7/10/2019 17:40,275.0,1704.9,291.1,62.2,27.9,14.0,1.0
7/10/2019 17:50,256.0,2438.5,280.1,59.7,28.1,12.0,1.0
7/10/2019 18:00,252.0,1753.3,322.5,64.0,28.3,10.0,1.0
7/10/2019 18:10,224.0,1746.5,336.1,64.9,28.6,8.0,1.0
7/10/2019 18:20,199.0,1768.3,338.4,64.8,28.9,6.0,1.0
7/10/2019 18:30,185.0,2365.5,220.2,62.8,29.1,6.0,1.0
7/10/2019 18:40,170.0,1677.6,275.5,61.8,29.3,6.0,1.0
7/10/2019 18:50,158.0,1639.7,221.6,62.4,29.5,4.0,1.0
7/10/2019 19:00,145.0,1980.5,327.1,61.9,29.6,4.0,1.0
7/10/2019 19:10,137.0,1774.8,352.8,64.0,29.8,4.0,1.0
7/10/2019 19:20,125.0,1651.3,237.1,64.2,29.9,3.0,1.0
7/10/2019 19:30,117.0,1706.4,282.9,62.2,29.8,3.0,1.0
7/10/2019 19:40,105.0,2476.5,381.5,63.0,29.7,3.0,1.0
7/10/2019 19:50,99.0,1734.0,304.1,63.8,29.6,1.0,1.0
7/10/2019 20:00,83.0,1784.7,344.6,64.1,29.3,1.0,1.0
7/10/2019 20:10,79.0,1836.4,393.3,64.6,29.1,1.0,1.0
7/10/2019 20:20,78.0,2346.6,287.7,64.4,28.9,2.0,1.0
7/10/2019 20:30,70.0,1684.0,241.0,66.9,28.2,3.0,1.0
7/10/2019 20:40,65.0,1697.0,268.2,65.3,28.2,2.0,1.0
7/10/2019 20:50,57.0,1690.5,276.2,64.5,28.0,2.0,1.0
7/10/2019 21:00,55.0,2240.0,274.8,66.0,27.8,2.0,1.0
7/10/2019 21:10,46.0,1762.9,337.0,65.9,27.7,2.0,1.0
7/10/2019 21:20,45.0,1693.0,273.9,65.0,27.5,2.0,1.0
7/10/2019 21:30,39.0,2120.6,272.0,62.7,27.3,2.0,1.0
7/10/2019 21:40,41.0,1764.9,347.7,62.5,27.2,2.0,1.0
7/10/2019 21:50,35.0,1677.7,257.6,62.5,27.1,2.0,1.0
7/10/2019 22:00,37.0,1687.9,259.0,62.4,27.1,3.0,1.0
7/10/2019 22:10,29.0,2210.8,282.7,61.8,26.9,2.0,1.0
7/10/2019 22:20,41.0,1785.3,367.1,62.0,26.7,2.0,1.0
7/10/2019 22:30,28.0,1761.2,342.6,62.0,26.6,2.0,1.0
7/10/2019 22:40,33.0,1768.8,338.4,61.9,26.6,2.0,1.0
7/10/2019 22:50,26.0,2316.2,399.9,61.9,26.5,2.0,1.0
7/10/2019 23:00,30.0,1770.1,329.1,61.9,26.4,2.0,1.0
7/10/2019 23:10,29.0,1693.7,263.8,62.4,26.5,2.0,1.0
7/10/2019 23:20,24.0,1763.1,345.4,62.1,26.4,2.0,1.0
7/10/2019 23:30,21.0,2201.7,307.2,62.5,26.5,2.0,1.0
7/10/2019 23:40,28.0,1689.1,261.6,63.2,26.5,2.0,1.0
7/10/2019 23:50,21.0,1680.4,261.3,63.5,26.5,2.0,1.0
7/11/2019 0:00,22.0,1747.0,318.1,63.6,26.4,2.0,1.0
7/11/2019 0:10,27.0,2081.0,316.4,63.3,26.5,2.0,1.0
7/11/2019 0:20,18.0,1757.6,336.1,63.4,26.5,2.0,1.0
7/11/2019 0:30,14.0,1731.1,308.1,63.2,26.4,2.0,1.0
7/11/2019 0:40,11.0,1743.6,322.5,63.1,26.4,2.0,1.0
7/11/2019 0:50,9.0,1810.5,330.9,63.1,26.4,2.0,1.0
7/11/2019 1:00,10.0,1778.6,348.3,63.0,26.4,2.0,1.0
7/11/2019 1:10,9.0,1858.8,419.7,63.2,26.4,2.0,1.0
7/11/2019 1:20,8.0,1827.8,398.4,63.3,26.3,2.0,1.0
7/11/2019 1:30,6.0,1856.8,380.1,63.4,26.3,2.0,1.0
7/11/2019 1:40,6.0,2200.4,327.4,63.1,26.3,2.0,1.0
7/11/2019 1:50,0.0,1822.9,377.5,63.9,26.3,2.0,1.0
7/11/2019 2:00,5.0,1749.0,309.3,66.1,26.3,2.0,1.0
7/11/2019 2:10,4.0,1696.8,269.4,70.7,26.2,2.0,1.0
7/11/2019 2:20,2.0,2109.1,306.5,70.4,26.3,2.0,1.0
7/11/2019 2:30,2.0,1688.0,251.4,69.7,26.2,2.0,1.0
7/11/2019 2:40,-2.0,1678.0,250.6,69.1,26.2,2.0,1.0
7/11/2019 2:50,-5.0,1668.6,247.5,68.5,26.2,2.0,1.0
7/11/2019 3:00,-4.0,1737.5,246.6,68.0,26.2,2.0,1.0
7/11/2019 3:10,0.0,1704.7,257.3,67.5,26.1,2.0,1.0
7/11/2019 3:20,1.0,1737.9,312.0,66.4,26.1,2.0,1.0
7/11/2019 3:30,-4.0,1699.7,268.9,64.0,26.2,2.0,1.0
7/11/2019 3:40,-1.0,1748.4,262.4,62.2,26.1,2.0,1.0
7/11/2019 3:50,-8.0,2265.1,427.3,61.7,26.1,2.0,1.0
7/11/2019 4:00,-8.0,1976.2,543.0,61.6,26.1,2.0,1.0
7/11/2019 4:10,-12.0,1888.5,456.7,61.6,26.1,2.0,1.0
7/11/2019 4:20,-11.0,1980.0,515.5,64.3,26.0,2.0,1.0
7/11/2019 4:30,-9.0,2289.2,395.7,67.3,25.9,2.0,1.0
7/11/2019 4:40,-13.0,1897.7,445.4,65.4,25.9,2.0,1.0
7/11/2019 4:50,-18.0,1922.1,471.3,62.8,25.9,2.0,1.0
7/11/2019 5:00,-14.0,1880.7,442.5,63.8,25.9,2.0,1.0
7/11/2019 5:10,-15.0,2198.6,342.3,64.1,25.9,2.0,1.0
7/11/2019 5:20,-4.0,1754.2,326.3,62.0,25.9,2.0,1.0
7/11/2019 5:30,-10.0,1713.6,281.8,65.9,25.9,2.0,1.0
7/11/2019 6:10,-4.0,1729.2,287.2,68.5,25.8,1.0,1.0
7/11/2019 6:20,0.0,1723.2,298.2,67.9,25.8,1.0,1.0
7/11/2019 6:30,24.0,1827.2,344.6,67.3,25.8,2.0,1.0
7/11/2019 6:40,19.0,2010.6,567.6,66.0,25.8,3.0,1.0
7/11/2019 6:50,23.0,1956.8,531.9,62.9,25.8,3.0,1.0
7/11/2019 7:00,45.0,1898.4,456.4,61.3,25.8,3.0,1.0
7/11/2019 7:10,47.0,2267.0,388.2,60.8,25.8,4.0,1.0
7/11/2019 7:20,53.0,1833.4,388.5,60.5,25.8,5.0,1.0
7/11/2019 7:30,60.0,2660.9,1217.4,60.2,25.8,6.0,1.0
7/11/2019 7:40,79.0,2491.4,1049.3,60.1,26.3,8.0,1.0
7/11/2019 7:50,130.0,3105.1,1202.9,60.1,26.0,10.0,1.0
7/11/2019 8:00,116.0,2627.1,1184.1,60.8,26.1,13.0,1.0
7/11/2019 8:10,143.0,2503.2,1059.7,61.1,26.2,14.0,1.0
7/11/2019 8:20,175.0,2511.4,1060.5,61.1,26.9,16.0,0.0
7/11/2019 8:30,182.0,3124.8,1196.3,61.4,26.7,18.0,0.0
7/11/2019 8:40,208.0,2736.7,1288.3,61.9,26.8,19.0,0.0
7/11/2019 8:50,257.0,2852.7,1410.1,62.7,26.8,22.0,0.0
7/11/2019 9:00,362.0,2722.8,1275.4,63.2,26.9,21.0,0.0
7/11/2019 9:10,294.0,3445.1,1481.8,63.3,26.6,18.0,0.0
7/11/2019 9:20,347.0,2921.0,1478.5,64.7,26.6,17.0,0.0
7/11/2019 9:30,455.0,2943.7,1510.9,64.6,26.7,21.0,0.0
7/11/2019 9:40,555.0,2931.0,1470.9,68.3,26.5,16.0,0.0
7/11/2019 9:50,586.0,3460.1,1462.2,70.4,26.2,17.0,0.0
7/11/2019 10:00,589.0,2855.4,1408.0,70.1,26.3,25.0,0.0
7/11/2019 10:10,422.0,3470.1,2015.8,68.3,26.3,25.0,0.0
7/11/2019 10:20,505.0,2956.4,1522.7,68.3,26.4,24.0,0.0
7/11/2019 10:30,574.0,3419.6,1387.1,68.4,26.7,29.0,0.0
7/11/2019 10:40,466.0,2827.9,1396.1,67.3,26.4,19.0,0.0
7/11/2019 10:50,450.0,2857.5,1439.3,68.8,26.4,7.0,0.0
7/11/2019 11:00,451.0,2856.8,1425.0,67.8,26.4,14.0,0.0
7/11/2019 11:10,539.0,3422.7,1353.6,66.2,26.5,18.0,0.0
7/11/2019 11:20,604.0,2785.9,1337.1,67.3,26.5,17.0,0.0
7/11/2019 11:30,493.0,2746.2,1306.1,65.2,26.6,14.0,0.0
7/11/2019 11:40,521.0,3242.5,1326.1,67.6,26.6,9.0,0.0
7/11/2019 11:50,628.0,2725.4,1312.2,65.9,26.4,12.0,0.0
7/11/2019 12:00,623.0,2919.9,1507.6,63.9,26.2,17.0,0.0
7/11/2019 12:10,616.0,2933.7,1512.1,62.4,26.1,18.0,0.0
7/11/2019 12:20,622.0,3593.8,1464.6,63.3,26.6,23.0,0.0
7/11/2019 12:30,660.0,2991.8,1571.2,63.8,26.3,28.0,0.0
7/11/2019 12:40,578.0,2765.8,1477.9,64.9,26.4,28.0,0.0
7/11/2019 12:50,838.0,2819.0,1516.0,64.1,26.6,23.0,0.0
7/11/2019 13:00,1083.0,3527.6,1528.7,64.2,26.6,25.0,0.0
7/11/2019 13:10,1352.0,2663.7,1358.3,64.1,26.0,32.0,0.0
7/11/2019 13:20,1444.0,2487.1,1187.5,64.4,26.1,30.0,0.0
7/11/2019 13:30,1596.0,3108.5,1168.2,64.4,26.3,26.0,0.0
7/11/2019 13:40,1739.0,2467.3,1166.3,64.0,26.4,36.0,0.0
7/11/2019 13:50,1823.0,2497.8,1195.3,63.4,26.5,32.0,0.0
7/11/2019 14:00,1997.0,2471.4,1170.9,63.4,26.0,35.0,0.0
7/11/2019 14:10,2089.0,3247.4,1182.6,68.4,26.1,34.0,0.0
7/11/2019 14:20,1231.0,2492.1,1198.9,72.1,26.3,33.0,0.0
7/11/2019 14:30,1277.0,2472.2,1182.9,72.2,26.3,34.0,0.0
7/11/2019 14:40,1342.0,2516.5,1223.3,70.1,26.5,31.0,0.0
7/11/2019 14:50,1393.0,3399.2,1366.2,68.5,26.5,29.0,0.0
7/11/2019 15:00,1478.0,2660.3,1360.2,66.3,26.6,29.0,0.0
7/11/2019 15:10,1393.0,2694.8,1396.3,62.8,26.5,27.0,0.0
7/11/2019 15:20,1170.0,3440.9,1384.0,68.0,26.8,28.0,0.0
7/11/2019 15:30,959.0,3333.2,1297.7,66.0,26.6,24.0,0.0
7/11/2019 15:40,899.0,2599.8,1318.8,63.1,26.6,22.0,0.0
7/11/2019 15:50,837.0,2465.8,1171.1,64.3,26.8,22.0,0.0
7/11/2019 16:00,765.0,3254.7,1138.7,62.3,26.4,21.0,0.0
7/11/2019 16:10,738.0,2466.6,1154.4,62.0,26.8,21.0,0.0
7/11/2019 16:20,725.0,2416.1,1119.0,65.8,27.0,20.0,0.0
7/11/2019 16:30,741.0,2417.2,1136.2,65.5,27.3,19.0,0.0
7/11/2019 16:40,715.0,3212.2,1134.3,64.0,27.4,18.0,0.0
7/11/2019 16:50,684.0,2391.4,1111.4,63.3,27.6,17.0,0.0
7/11/2019 17:00,626.0,2402.3,1127.2,62.5,27.7,15.0,1.0
7/11/2019 17:10,578.0,2958.3,1095.1,65.8,28.0,11.0,1.0
7/11/2019 17:20,565.0,2506.3,438.1,71.1,28.1,11.0,1.0
7/11/2019 17:30,558.0,1643.9,360.9,72.4,28.2,10.0,1.0
7/11/2019 17:40,287.0,1701.0,428.8,70.7,28.4,9.0,1.0
7/11/2019 17:50,221.0,2391.0,339.0,68.8,28.6,8.0,1.0
7/11/2019 18:00,211.0,1834.0,412.9,66.0,28.8,6.0,1.0
7/11/2019 18:10,190.0,1842.9,425.8,64.6,29.1,5.0,1.0
7/11/2019 18:20,179.0,1741.9,341.3,68.2,29.2,4.0,1.0
7/11/2019 18:30,160.0,2483.4,341.1,69.3,29.5,3.0,1.0
7/11/2019 18:40,149.0,1833.2,420.9,67.0,29.7,3.0,1.0
7/11/2019 18:50,129.0,1826.9,410.2,63.5,29.9,2.0,1.0
7/11/2019 19:00,128.0,1864.4,457.5,63.3,30.1,0.0,1.0
7/11/2019 19:10,115.0,2406.0,276.8,62.8,30.5,0.0,1.0
7/11/2019 19:20,109.0,1711.7,276.5,62.8,32.1,0.0,1.0
7/11/2019 19:30,100.0,1709.0,282.1,67.6,31.1,0.0,1.0
7/11/2019 19:40,89.0,2399.5,283.5,67.6,30.5,0.0,1.0
7/11/2019 19:50,77.0,1684.1,272.8,65.2,30.2,0.0,1.0
7/11/2019 20:00,76.0,1753.5,337.3,67.2,29.8,0.0,1.0
7/11/2019 20:10,69.0,1785.4,379.0,62.6,29.6,0.0,1.0
7/11/2019 20:20,61.0,2426.9,363.7,62.1,29.3,1.0,1.0
7/11/2019 20:30,55.0,1885.0,461.5,62.4,29.1,1.0,1.0
7/11/2019 20:40,48.0,1910.6,483.7,61.5,28.8,1.0,1.0
7/11/2019 20:50,44.0,1907.4,485.3,66.1,28.5,1.0,1.0
7/11/2019 21:00,38.0,2249.7,270.3,63.2,28.3,1.0,1.0
7/11/2019 21:10,36.0,1701.0,277.0,64.1,28.1,1.0,1.0
7/11/2019 21:20,37.0,1689.7,259.9,64.5,27.9,1.0,1.0
7/11/2019 21:30,36.0,1702.5,269.2,64.0,27.8,1.0,1.0
7/11/2019 21:40,31.0,2275.4,279.0,65.8,26.6,1.0,1.0
7/11/2019 21:50,29.0,1732.9,266.9,67.6,27.1,1.0,1.0
7/11/2019 22:00,32.0,1686.8,261.3,64.5,27.0,1.0,1.0
7/11/2019 22:10,28.0,1820.2,354.7,69.0,26.9,1.0,1.0
7/11/2019 22:20,24.0,1781.7,357.2,68.9,26.9,1.0,1.0
7/11/2019 22:30,25.0,1751.5,318.7,65.8,26.8,1.0,1.0
7/11/2019 22:40,20.0,1759.2,325.4,63.2,26.6,1.0,1.0
7/11/2019 22:50,22.0,1787.2,317.3,61.6,26.6,1.0,1.0
7/11/2019 23:00,27.0,2377.4,446.3,60.6,26.5,1.0,1.0
7/11/2019 23:10,18.0,1949.7,531.1,60.0,26.4,1.0,1.0
7/11/2019 23:20,19.0,1924.9,517.5,59.7,26.2,1.0,1.0
7/11/2019 23:30,15.0,2229.0,422.4,60.5,26.2,1.0,1.0
7/11/2019 23:40,10.0,1774.1,338.4,60.8,26.1,1.0,1.0
7/11/2019 23:50,12.0,1700.4,272.5,60.8,26.0,1.0,1.0
7/12/2019 0:00,4.0,1692.9,265.5,61.5,25.9,1.0,1.0
7/12/2019 0:10,5.0,1798.0,325.7,62.3,25.9,0.0,1.0
7/12/2019 0:20,6.0,1750.1,323.7,62.5,25.9,0.0,1.0
7/12/2019 0:30,2.0,1767.9,353.1,62.4,26.0,0.0,1.0
7/12/2019 0:40,0.0,1743.3,320.3,62.7,26.0,0.0,1.0
7/12/2019 0:50,3.0,1791.9,314.7,62.6,26.0,0.0,1.0
7/12/2019 1:00,1.0,2135.4,275.6,64.6,25.9,0.0,1.0
7/12/2019 1:10,-5.0,1687.6,264.1,70.0,26.0,0.0,1.0
7/12/2019 1:20,5.0,1699.8,273.4,72.2,26.0,0.0,1.0
7/12/2019 1:30,2.0,1783.8,352.0,72.2,25.9,0.0,1.0
7/12/2019 1:40,8.0,2267.7,424.0,71.4,26.0,0.0,1.0
7/12/2019 1:50,-1.0,1779.9,352.5,70.9,26.0,0.0,1.0
7/12/2019 2:00,-4.0,1827.7,385.6,70.4,26.0,0.0,1.0
7/12/2019 2:10,0.0,1778.6,353.1,69.8,25.9,1.0,1.0
7/12/2019 2:20,-1.0,1888.4,410.7,67.9,26.0,1.0,1.0
7/12/2019 2:30,-4.0,1910.6,447.6,68.8,25.9,1.0,1.0
7/12/2019 2:40,-10.0,1850.5,408.5,67.9,25.8,1.0,1.0
7/12/2019 2:50,-6.0,1806.8,386.3,64.6,25.8,1.0,1.0
7/12/2019 3:00,-9.0,1743.7,278.7,63.9,25.8,1.0,1.0
7/12/2019 3:10,-11.0,1744.4,317.0,63.6,25.8,1.0,1.0
7/12/2019 3:20,-10.0,1696.9,264.6,63.6,25.7,1.0,1.0
7/12/2019 3:30,-10.0,1698.5,267.7,63.6,25.7,1.0,1.0
7/12/2019 3:40,-9.0,1741.6,264.4,63.2,25.7,1.0,1.0
7/12/2019 3:50,-7.0,2155.3,315.6,63.3,25.7,1.0,1.0
7/12/2019 4:00,-9.0,1820.1,403.4,63.9,25.7,1.0,1.0
7/12/2019 4:10,2.0,1865.1,443.5,70.1,25.7,1.0,1.0
7/12/2019 4:20,-7.0,1860.7,435.2,70.4,25.7,1.0,1.0
7/12/2019 4:30,-5.0,2255.3,416.0,69.7,25.7,1.0,1.0
7/12/2019 4:40,-1.0,1776.5,343.8,69.2,25.7,1.0,1.0
7/12/2019 4:50,3.0,1763.9,335.0,68.8,25.6,1.0,1.0
7/12/2019 5:00,2.0,1762.9,331.1,68.3,25.6,1.0,1.0
7/12/2019 5:10,0.0,1799.1,330.2,67.8,25.7,0.0,1.0
7/12/2019 5:20,-7.0,1702.5,269.7,67.3,25.6,0.0,1.0
7/12/2019 5:30,-1.0,1748.7,323.8,66.9,25.6,0.0,1.0
7/12/2019 5:40,-5.0,1695.1,263.8,64.6,25.6,0.0,1.0
7/12/2019 5:50,-3.0,1759.4,282.7,63.3,25.6,0.0,1.0
7/12/2019 6:00,-16.0,2121.1,278.4,63.0,25.6,0.0,1.0
7/12/2019 6:10,-12.0,1695.5,266.1,63.1,25.6,1.0,1.0
7/12/2019 6:20,-2.0,1691.1,261.8,63.1,25.6,1.0,1.0
7/12/2019 6:30,-3.0,1743.1,286.0,64.2,25.6,1.0,1.0
7/12/2019 6:40,-7.0,1759.6,281.0,69.1,25.4,1.0,1.0
7/12/2019 6:50,13.0,1779.8,339.7,65.7,25.4,2.0,1.0
7/12/2019 7:00,-5.0,1774.4,342.6,64.6,25.4,2.0,1.0
7/12/2019 7:10,4.0,1887.5,447.9,63.7,25.4,2.0,1.0
7/12/2019 7:20,47.0,1919.7,439.6,64.3,25.4,3.0,1.0
7/12/2019 7:30,72.0,2237.8,344.9,66.8,25.4,3.0,1.0
7/12/2019 7:40,128.0,1782.5,340.9,69.1,25.4,3.0,1.0
7/12/2019 7:50,168.0,1846.5,394.7,70.2,25.6,6.0,1.0
7/12/2019 8:00,218.0,1758.5,318.4,69.9,25.9,8.0,1.0
7/12/2019 8:10,163.0,2174.4,266.3,69.9,26.2,9.0,1.0
7/12/2019 8:20,134.0,1713.5,273.9,69.9,26.6,10.0,0.0
7/12/2019 8:30,150.0,2420.8,984.6,67.1,25.9,11.0,0.0
7/12/2019 8:40,150.0,2600.5,1166.7,62.3,26.0,16.0,0.0
7/12/2019 8:50,374.0,3185.9,1252.9,61.8,26.2,27.0,0.0
7/12/2019 9:00,582.0,2581.1,1139.6,65.7,26.1,29.0,0.0
7/12/2019 9:10,713.0,2673.1,1225.2,61.6,26.2,28.0,0.0
7/12/2019 9:20,815.0,2652.3,1217.6,62.9,26.2,29.0,0.0
7/12/2019 9:30,899.0,3130.7,1165.6,62.2,26.2,28.0,0.0
7/12/2019 9:40,970.0,2762.7,1322.6,62.1,26.3,33.0,0.0
7/12/2019 9:50,1041.0,2740.2,1311.8,61.6,26.3,33.0,0.0
7/12/2019 10:00,1061.0,2967.1,1533.4,63.3,26.5,35.0,0.0
7/12/2019 10:10,1052.0,3512.0,1510.2,63.4,26.8,33.0,0.0
7/12/2019 10:20,618.0,2965.4,1526.8,64.4,26.5,30.0,0.0
7/12/2019 10:30,494.0,3065.1,1630.4,64.2,26.3,25.0,0.0
7/12/2019 10:40,527.0,3548.8,1487.0,63.1,26.5,26.0,0.0
7/12/2019 10:50,553.0,2737.1,1321.4,64.1,26.8,27.0,0.0
7/12/2019 11:00,574.0,2720.9,1298.9,63.1,26.3,26.0,0.0
7/12/2019 11:10,602.0,2678.9,1257.8,64.1,26.3,23.0,0.0
7/12/2019 11:20,630.0,3383.2,1292.1,66.0,26.6,21.0,0.0
7/12/2019 11:30,663.0,2712.5,1284.1,66.2,26.4,19.0,0.0
7/12/2019 11:40,644.0,3397.1,1983.8,65.9,26.5,20.0,0.0
7/12/2019 11:50,618.0,2720.0,1302.4,65.9,26.1,17.0,0.0
7/12/2019 12:00,609.0,3367.2,1261.0,65.1,26.2,16.0,0.0
7/12/2019 12:10,431.0,2682.7,1248.9,68.8,26.0,17.0,0.0
7/12/2019 12:20,453.0,2698.6,1264.3,69.3,25.9,17.0,0.0
7/12/2019 12:30,531.0,2645.7,1212.4,67.5,26.0,18.0,0.0
7/12/2019 12:40,581.0,3482.8,1333.6,66.4,26.0,24.0,0.0
7/12/2019 12:50,688.0,2754.5,1331.4,67.9,26.4,26.0,0.0
7/12/2019 13:00,577.0,2768.3,1344.3,69.1,26.4,25.0,0.0
7/12/2019 13:10,573.0,3477.5,1379.1,72.2,26.4,27.0,0.0
7/12/2019 13:20,578.0,2774.4,1341.6,73.9,26.4,26.0,0.0
7/12/2019 13:30,553.0,2713.1,1288.1,71.2,26.4,25.0,0.0
7/12/2019 13:40,399.0,2695.0,1281.2,70.6,26.5,27.0,0.0
7/12/2019 13:50,383.0,3494.1,1304.4,68.7,26.7,24.0,0.0
7/12/2019 14:00,365.0,2753.3,1327.8,66.8,26.4,25.0,0.0
7/12/2019 14:10,342.0,2877.7,1465.0,65.8,26.4,25.0,0.0
7/12/2019 14:20,328.0,2827.4,1424.3,67.2,26.4,22.0,0.0
7/12/2019 14:30,317.0,3599.1,1399.6,68.2,26.7,22.0,0.0
7/12/2019 14:40,327.0,2845.9,1429.2,69.6,26.6,22.0,0.0
7/12/2019 14:50,325.0,2757.0,1338.9,68.1,26.5,19.0,0.0
7/12/2019 15:00,316.0,2786.3,1374.0,66.7,26.6,17.0,0.0
7/12/2019 15:10,336.0,3549.4,1326.0,66.3,26.7,19.0,0.0
7/12/2019 15:20,326.0,2755.4,1323.6,66.1,26.6,20.0,0.0
7/12/2019 15:30,334.0,2775.6,1377.0,66.5,26.7,19.0,0.0
7/12/2019 15:40,336.0,2751.9,1342.5,66.7,26.8,15.0,0.0
7/12/2019 15:50,329.0,3568.6,1359.4,65.8,27.0,12.0,0.0
7/12/2019 16:00,323.0,2711.4,1297.1,65.0,27.2,16.0,0.0
7/12/2019 16:10,309.0,2785.1,1356.7,64.4,27.3,17.0,0.0
7/12/2019 16:20,298.0,3471.0,1267.7,66.6,27.4,18.0,0.0
7/12/2019 16:30,289.0,2639.6,1227.8,68.8,27.6,17.0,0.0
7/12/2019 16:40,286.0,2553.1,1150.1,68.2,27.6,15.0,0.0
7/12/2019 16:50,274.0,2559.2,1144.5,65.0,27.8,13.0,0.0
7/12/2019 17:00,263.0,3420.1,1211.4,65.4,27.9,10.0,1.0
7/12/2019 17:10,256.0,2631.5,1215.4,66.8,28.0,8.0,1.0
7/12/2019 17:20,277.0,2630.9,1215.7,65.4,28.2,7.0,1.0
7/12/2019 17:30,288.0,2630.9,1225.0,65.1,28.4,6.0,1.0
7/12/2019 17:40,286.0,3482.6,1254.4,65.2,28.5,6.0,1.0
7/12/2019 17:50,280.0,2597.4,1157.3,68.4,28.1,5.0,1.0
7/12/2019 18:00,286.0,2621.7,1188.9,69.8,28.6,5.0,1.0
7/12/2019 18:10,263.0,3480.4,1255.6,67.6,28.9,4.0,1.0
7/12/2019 18:20,259.0,2678.8,1261.2,67.0,29.2,4.0,1.0
7/12/2019 18:30,243.0,2550.6,1137.4,69.7,29.4,2.0,1.0
7/12/2019 18:40,234.0,1760.6,339.5,71.7,29.7,2.0,1.0
7/12/2019 18:50,231.0,2547.2,346.3,69.8,29.9,2.0,1.0
7/12/2019 19:00,229.0,1698.7,270.8,67.5,30.1,1.0,1.0
7/12/2019 19:10,217.0,1695.8,275.3,66.5,30.6,1.0,1.0
7/12/2019 19:20,219.0,2398.0,263.5,68.0,32.1,1.0,1.0
7/12/2019 19:30,219.0,1699.5,269.2,68.0,31.3,1.0,1.0
7/12/2019 19:40,208.0,1687.0,270.3,67.7,30.7,0.0,1.0
7/12/2019 19:50,214.0,1687.8,276.5,68.5,30.4,1.0,1.0
7/12/2019 20:00,194.0,2412.1,301.0,67.1,30.1,1.0,1.0
7/12/2019 20:10,189.0,1815.1,402.9,68.1,29.9,1.0,1.0
7/12/2019 20:20,172.0,1804.1,389.9,70.1,29.0,1.0,1.0
7/12/2019 20:30,165.0,1805.5,385.9,70.6,29.2,1.0,1.0
7/12/2019 20:40,163.0,1729.5,305.1,69.8,29.1,1.0,1.0
7/12/2019 20:50,158.0,1794.9,358.7,68.0,28.9,1.0,1.0
7/12/2019 21:00,150.0,1760.6,345.4,66.7,28.6,1.0,1.0
7/12/2019 21:10,144.0,2401.3,372.2,65.7,28.4,1.0,1.0
7/12/2019 21:20,143.0,1768.6,338.7,64.2,28.3,1.0,1.0
7/12/2019 21:30,138.0,1802.9,359.8,63.5,28.1,0.0,1.0
7/12/2019 21:40,135.0,1738.1,319.9,65.9,28.0,0.0,1.0
7/12/2019 21:50,130.0,2245.7,279.0,70.6,27.8,0.0,1.0
7/12/2019 22:00,124.0,1878.5,449.1,71.3,27.6,0.0,1.0
7/12/2019 22:10,126.0,1851.1,421.8,68.9,27.5,0.0,1.0
7/12/2019 22:20,122.0,2393.5,443.4,66.5,27.4,1.0,1.0
7/12/2019 22:30,119.0,1845.1,418.6,64.2,27.2,1.0,1.0
7/12/2019 22:40,108.0,1814.7,388.8,63.7,27.0,1.0,1.0
7/12/2019 22:50,113.0,1801.3,377.8,63.4,27.0,0.0,1.0
7/12/2019 23:00,111.0,2187.2,261.0,63.9,27.0,0.0,1.0
7/12/2019 23:10,104.0,1727.5,272.8,65.9,26.4,1.0,1.0
7/12/2019 23:20,101.0,1700.1,255.1,68.1,26.5,1.0,1.0
7/12/2019 23:30,92.0,1809.9,374.7,67.7,26.5,1.0,1.0
7/12/2019 23:40,90.0,1800.6,379.0,65.2,26.5,1.0,1.0
7/12/2019 23:50,93.0,1766.7,343.2,66.1,26.4,1.0,1.0
7/13/2019 0:00,91.0,1764.8,341.8,70.1,26.3,1.0,1.0
7/13/2019 0:10,85.0,2225.2,341.5,70.4,26.3,1.0,1.0
7/13/2019 0:20,80.0,1722.9,298.4,66.7,26.2,1.0,1.0
7/13/2019 0:30,77.0,1683.0,257.0,63.6,26.3,1.0,1.0
7/13/2019 0:40,73.0,1702.2,262.1,62.1,26.3,1.0,1.0
7/13/2019 0:50,63.0,1723.5,251.7,61.7,26.3,1.0,1.0
7/13/2019 1:00,63.0,1707.3,273.1,61.8,26.3,0.0,1.0
7/13/2019 1:10,58.0,1681.9,251.1,61.6,26.3,1.0,1.0
7/13/2019 1:20,54.0,1710.3,270.3,61.8,26.3,1.0,1.0
7/13/2019 1:30,59.0,1728.3,255.1,61.8,26.3,1.0,1.0
7/13/2019 1:40,54.0,1683.5,264.4,62.0,26.3,1.0,1.0
7/13/2019 1:50,49.0,1683.3,260.7,61.6,26.3,1.0,1.0
7/13/2019 2:00,43.0,1720.1,291.7,62.2,26.3,1.0,1.0
7/13/2019 2:10,37.0,1812.7,353.6,62.1,26.3,1.0,1.0
7/13/2019 2:20,40.0,2223.3,349.4,62.0,26.3,1.0,1.0
7/13/2019 2:30,40.0,1768.2,336.4,61.7,26.3,1.0,1.0
7/13/2019 2:40,39.0,1772.1,346.6,62.0,26.3,1.0,1.0
7/13/2019 2:50,33.0,1813.2,391.6,62.0,26.3,1.0,1.0
7/13/2019 3:00,28.0,2112.4,261.0,61.9,26.3,1.0,1.0
7/13/2019 3:10,34.0,1681.6,253.7,62.7,26.3,1.0,1.0
7/13/2019 3:20,36.0,1706.7,270.6,61.7,26.3,1.0,1.0
7/13/2019 3:30,28.0,1701.5,265.8,62.2,26.3,1.0,1.0
7/13/2019 3:40,25.0,2064.4,252.0,62.1,26.3,1.0,1.0
7/13/2019 3:50,26.0,1819.3,391.4,62.0,26.2,1.0,1.0
7/13/2019 4:00,22.0,1802.3,379.2,61.5,26.2,1.0,1.0
7/13/2019 4:10,20.0,1810.4,387.4,61.9,26.2,1.0,1.0
7/13/2019 4:20,23.0,2095.9,264.9,61.7,26.2,1.0,1.0
7/13/2019 4:30,22.0,1693.4,271.4,64.2,26.2,1.0,1.0
7/13/2019 4:40,22.0,1726.0,253.7,68.8,26.2,1.0,1.0
7/13/2019 4:50,12.0,1705.1,268.0,68.3,26.2,1.0,1.0
7/13/2019 5:00,12.0,2178.4,354.7,65.0,26.1,1.0,1.0
7/13/2019 5:10,12.0,1901.9,465.7,62.4,26.0,1.0,1.0
7/13/2019 5:20,9.0,1882.1,449.3,66.7,26.0,1.0,1.0
7/13/2019 5:30,6.0,1880.0,453.6,67.6,26.0,1.0,1.0
7/13/2019 5:40,4.0,2161.8,333.3,66.4,26.0,1.0,1.0
7/13/2019 5:50,2.0,1822.3,403.7,72.3,25.9,1.0,1.0
7/13/2019 6:00,-1.0,1808.3,375.6,71.6,26.0,1.0,1.0
7/13/2019 6:10,5.0,1832.3,406.3,70.8,26.0,1.0,1.0
7/13/2019 6:20,7.0,1705.5,272.2,69.9,25.9,1.0,1.0
7/13/2019 6:30,6.0,1688.2,253.9,64.7,26.0,1.0,1.0
7/13/2019 6:40,8.0,1740.3,315.3,63.4,26.0,1.0,1.0
7/13/2019 6:50,8.0,1757.1,270.6,62.9,26.0,1.0,1.0
7/13/2019 7:00,8.0,1832.7,403.4,62.4,26.0,2.0,1.0
7/13/2019 7:10,14.0,1816.8,393.3,62.3,26.0,1.0,1.0
7/13/2019 7:20,9.0,1871.9,449.4,62.8,26.0,1.0,1.0
7/13/2019 7:30,14.0,2081.6,261.8,62.3,26.1,1.0,1.0
7/13/2019 7:40,10.0,1820.8,389.9,62.9,26.6,1.0,1.0
7/13/2019 7:50,9.0,1778.6,349.7,63.6,26.0,1.0,1.0
7/13/2019 8:00,11.0,1795.9,357.8,63.5,26.1,1.0,1.0
7/13/2019 8:10,20.0,2195.0,330.8,63.9,26.5,1.0,1.0
7/13/2019 8:20,15.0,1773.0,337.8,63.9,26.8,1.0,0.0
7/13/2019 8:30,16.0,1697.1,265.8,64.4,26.3,1.0,0.0
7/13/2019 8:40,20.0,1703.5,262.4,64.2,26.4,1.0,0.0
7/13/2019 8:50,23.0,2240.1,315.4,64.1,26.5,1.0,0.0
7/13/2019 9:00,28.0,1004.4,267.5,63.8,26.4,1.0,0.0
7/13/2019 9:10,27.0,549.2,261.3,62.2,26.5,1.0,0.0
7/13/2019 9:20,31.0,546.8,261.3,62.9,26.7,1.0,0.0
7/13/2019 9:30,30.0,1013.5,274.2,63.6,27.1,1.0,0.0
7/13/2019 9:40,32.0,569.0,279.6,63.9,27.2,1.0,0.0
7/13/2019 9:50,33.0,548.2,263.2,64.1,27.4,1.0,0.0
7/13/2019 10:00,33.0,565.1,279.6,64.5,27.4,1.0,0.0
7/13/2019 10:10,32.0,1065.2,294.2,64.7,27.5,1.0,0.0
7/13/2019 10:20,41.0,665.4,377.5,65.0,27.6,1.0,0.0
7/13/2019 10:30,39.0,634.1,349.1,65.2,27.6,1.0,0.0
7/13/2019 10:40,48.0,706.0,423.0,65.6,27.6,1.0,0.0
7/13/2019 10:50,51.0,1194.7,385.1,65.9,27.7,1.0,0.0
7/13/2019 11:00,46.0,620.0,334.5,66.1,27.7,1.0,0.0
7/13/2019 11:10,46.0,549.7,261.8,66.3,27.7,1.0,0.0
7/13/2019 11:20,47.0,1121.4,266.9,66.6,27.8,1.0,0.0
7/13/2019 11:30,52.0,560.8,270.0,67.1,27.8,1.0,0.0
7/13/2019 11:40,57.0,551.6,266.6,67.6,27.8,1.0,0.0
7/13/2019 11:50,230.0,579.7,290.8,67.5,27.9,1.0,0.0
7/13/2019 12:00,109.0,1221.2,297.9,67.7,27.9,3.0,0.0
7/13/2019 12:10,127.0,574.9,284.1,68.1,27.9,4.0,0.0
7/13/2019 12:20,140.0,563.5,266.3,68.4,28.0,5.0,0.0
7/13/2019 12:30,139.0,659.2,281.5,68.5,27.3,5.0,0.0
7/13/2019 12:40,154.0,1388.5,275.9,68.5,27.4,4.0,0.0
7/13/2019 12:50,152.0,653.9,270.3,68.5,27.4,5.0,0.0
7/13/2019 13:00,158.0,645.8,265.2,68.5,27.4,6.0,0.0
7/13/2019 13:10,156.0,729.6,357.3,68.5,27.4,5.0,0.0
7/13/2019 13:20,159.0,1559.2,409.5,68.5,27.4,7.0,0.0
7/13/2019 13:30,152.0,807.1,430.4,68.5,27.4,7.0,0.0
7/13/2019 13:40,134.0,949.8,349.1,68.5,27.4,7.0,0.0
7/13/2019 13:50,172.0,949.8,356.4,68.4,27.4,4.0,0.0
7/13/2019 14:00,169.0,1667.9,295.6,68.2,27.4,2.0,0.0
7/13/2019 14:10,150.0,650.3,280.4,68.2,27.4,3.0,0.0
7/13/2019 14:20,169.0,716.2,345.8,68.0,27.4,3.0,0.0
7/13/2019 14:30,165.0,1176.9,275.1,67.9,27.4,3.0,0.0
7/13/2019 14:40,155.0,1494.2,320.6,67.9,27.4,3.0,0.0
7/13/2019 14:50,158.0,682.8,308.0,67.7,27.5,3.0,0.0
7/13/2019 15:00,160.0,647.0,268.3,67.5,27.5,3.0,0.0
7/13/2019 15:10,152.0,1458.4,294.5,67.3,27.5,3.0,0.0
7/13/2019 15:20,155.0,644.1,270.3,67.1,27.5,3.0,0.0
7/13/2019 15:30,171.0,703.1,329.8,67.0,27.5,3.0,0.0
7/13/2019 15:40,173.0,639.6,269.7,66.9,27.5,3.0,0.0
7/13/2019 15:50,180.0,1562.4,366.8,69.6,27.5,2.0,0.0
7/13/2019 16:00,185.0,789.7,404.2,71.2,27.6,2.0,0.0
7/13/2019 16:10,169.0,719.0,341.8,69.1,27.6,2.0,0.0
7/13/2019 16:20,153.0,717.8,336.7,68.4,27.7,3.0,0.0
7/13/2019 16:30,154.0,1593.7,388.8,67.8,27.7,3.0,0.0
7/13/2019 16:40,159.0,719.1,342.4,66.9,27.7,2.0,0.0
7/13/2019 16:50,153.0,637.5,263.2,66.8,27.7,3.0,0.0
7/13/2019 17:00,139.0,1514.8,325.5,66.6,27.8,3.0,1.0
7/13/2019 17:10,151.0,647.9,267.7,66.4,27.8,4.0,1.0
7/13/2019 17:20,155.0,664.4,288.6,66.3,27.9,4.0,1.0
7/13/2019 17:30,162.0,645.9,273.1,66.2,28.2,4.0,1.0
7/13/2019 17:40,154.0,1499.3,288.6,66.2,28.5,4.0,1.0
7/13/2019 17:50,158.0,642.6,268.3,66.1,28.7,4.0,1.0
7/13/2019 18:00,160.0,672.6,293.9,66.0,28.8,4.0,1.0
7/13/2019 18:10,154.0,644.1,270.8,65.8,28.9,4.0,1.0
7/13/2019 18:20,178.0,1432.8,263.5,65.7,28.9,4.0,1.0
7/13/2019 18:30,168.0,638.1,263.8,65.6,28.9,4.0,1.0
7/13/2019 18:40,144.0,744.6,368.3,65.4,28.9,5.0,1.0
7/13/2019 18:50,161.0,1451.2,357.6,65.4,29.0,4.0,1.0
7/13/2019 19:00,172.0,756.6,376.4,65.3,29.2,4.0,1.0
7/13/2019 19:10,174.0,708.7,343.2,65.2,29.7,4.0,1.0
7/13/2019 19:20,182.0,713.1,335.9,65.0,31.7,4.0,1.0
7/13/2019 19:30,195.0,1433.8,326.5,66.3,30.6,4.0,1.0
7/13/2019 19:40,139.0,688.0,303.5,69.9,30.0,4.0,1.0
7/13/2019 19:50,116.0,632.3,259.0,67.1,29.9,2.0,1.0
7/13/2019 20:00,108.0,632.3,260.4,65.9,29.6,0.0,1.0
7/13/2019 20:10,107.0,1341.3,260.4,65.4,29.4,1.0,1.0
7/13/2019 20:20,104.0,635.9,258.2,65.0,29.2,1.0,1.0
7/13/2019 20:30,95.0,636.8,263.5,65.0,29.1,0.0,1.0
7/13/2019 20:40,95.0,1274.5,269.2,65.0,28.8,2.0,1.0
7/13/2019 20:50,89.0,641.7,266.9,65.1,28.7,3.0,1.0
7/13/2019 21:00,73.0,640.9,266.1,65.1,28.5,2.0,1.0
7/13/2019 21:10,71.0,654.0,275.3,65.0,28.3,1.0,1.0
7/13/2019 21:20,66.0,1358.6,372.8,65.0,28.2,1.0,1.0
7/13/2019 21:30,65.0,736.0,353.9,65.0,28.1,2.0,1.0
7/13/2019 21:40,65.0,718.2,339.5,67.0,28.1,2.0,1.0
7/13/2019 21:50,54.0,708.2,326.6,68.0,28.1,1.0,1.0
7/13/2019 22:00,60.0,1266.7,328.3,65.6,28.0,1.0,1.0
7/13/2019 22:10,57.0,835.7,452.1,65.1,28.0,1.0,1.0
7/13/2019 22:20,56.0,774.6,396.4,65.2,28.0,1.0,1.0
7/13/2019 22:30,56.0,1302.8,381.5,65.2,28.0,1.0,1.0
7/13/2019 22:40,50.0,652.3,269.2,65.3,28.0,1.0,1.0
7/13/2019 22:50,53.0,640.9,256.8,65.2,28.0,1.0,1.0
7/13/2019 23:00,49.0,635.2,262.4,65.1,27.9,1.0,1.0
7/13/2019 23:10,45.0,1143.5,254.8,65.1,27.9,1.0,1.0
7/13/2019 23:20,44.0,637.3,263.0,64.9,27.9,1.0,1.0
7/13/2019 23:30,39.0,657.9,277.3,64.9,27.8,2.0,1.0
7/13/2019 23:40,41.0,650.2,273.9,64.8,27.8,2.0,1.0
7/13/2019 23:50,42.0,1292.2,423.1,68.4,27.7,1.0,1.0
7/14/2019 0:00,39.0,811.8,426.3,65.8,27.7,1.0,1.0
7/14/2019 0:10,38.0,901.2,514.7,64.7,27.7,1.0,1.0
7/14/2019 0:20,30.0,1203.4,333.3,64.6,27.7,2.0,1.0
7/14/2019 0:30,36.0,728.0,337.6,64.6,27.7,1.0,1.0
7/14/2019 0:40,27.0,705.9,323.8,64.5,27.6,1.0,1.0
7/14/2019 0:50,29.0,718.8,333.3,64.4,27.6,0.0,1.0
7/14/2019 1:00,21.0,1182.6,332.0,64.3,27.5,1.0,1.0
7/14/2019 1:10,19.0,796.7,416.1,64.2,27.5,1.0,1.0
7/14/2019 1:20,18.0,814.7,434.1,64.1,27.5,1.0,1.0
7/14/2019 1:30,13.0,747.4,373.6,64.0,27.4,1.0,1.0
7/14/2019 1:40,13.0,1086.2,258.5,64.0,27.4,2.0,1.0
7/14/2019 1:50,15.0,655.6,281.3,63.9,27.3,2.0,1.0
7/14/2019 2:00,15.0,632.2,252.0,63.8,27.3,2.0,1.0
7/14/2019 2:10,14.0,646.7,264.1,68.0,27.3,2.0,1.0
7/14/2019 2:20,11.0,1086.9,251.4,65.0,27.3,1.0,1.0
7/14/2019 2:30,11.0,701.9,319.3,63.8,27.2,0.0,1.0
7/14/2019 2:40,14.0,651.7,261.8,63.7,27.2,0.0,1.0
7/14/2019 2:50,11.0,741.0,354.5,63.7,27.2,0.0,1.0
7/14/2019 3:00,9.0,1165.4,342.1,63.6,27.1,0.0,1.0
7/14/2019 3:10,14.0,720.9,336.4,63.5,27.1,0.0,1.0
7/14/2019 3:20,13.0,704.8,320.7,63.4,27.1,0.0,1.0
7/14/2019 3:30,9.0,760.6,376.5,63.3,27.1,0.0,1.0
7/14/2019 3:40,11.0,1178.0,364.0,63.2,27.1,0.0,1.0
7/14/2019 3:50,2.0,638.9,246.1,63.2,27.0,0.0,1.0
7/14/2019 4:00,-1.0,637.3,257.6,63.1,27.0,0.0,1.0
7/14/2019 4:10,0.0,639.3,258.7,63.0,27.0,0.0,1.0
7/14/2019 4:20,-4.0,1064.3,268.9,63.1,27.0,0.0,1.0
7/14/2019 4:30,-9.0,629.7,246.6,63.1,27.0,0.0,1.0
7/14/2019 4:40,-10.0,637.9,254.8,63.0,27.0,0.0,1.0
7/14/2019 4:50,-2.0,634.0,251.4,62.7,27.0,0.0,1.0
7/14/2019 5:00,-1.0,1609.8,285.8,67.5,26.9,0.0,1.0
7/14/2019 5:10,-8.0,1705.6,252.3,65.8,26.8,0.0,1.0
7/14/2019 5:20,-7.0,1703.6,263.0,63.5,26.7,0.0,1.0
7/14/2019 5:30,-5.0,1713.5,252.0,62.8,26.6,0.0,1.0
7/14/2019 5:40,-4.0,1865.4,366.3,61.9,26.5,0.0,1.0
7/14/2019 5:50,-6.0,1820.8,351.9,63.0,26.4,0.0,1.0
7/14/2019 6:00,-9.0,1799.3,338.7,61.8,26.3,0.0,1.0
7/14/2019 6:10,-4.0,1783.0,342.4,61.7,26.3,0.0,1.0
7/14/2019 6:20,5.0,1820.7,330.8,60.8,26.3,0.0,1.0
7/14/2019 6:30,0.0,2115.1,258.7,61.6,26.2,0.0,1.0
7/14/2019 6:40,-1.0,1733.1,278.4,67.5,26.2,0.0,1.0
7/14/2019 6:50,-1.0,1699.9,265.2,66.9,26.2,0.0,1.0
7/14/2019 7:00,2.0,1722.2,289.4,62.6,26.1,0.0,1.0
7/14/2019 7:10,3.0,2141.0,290.5,59.6,26.2,0.0,1.0
7/14/2019 7:20,5.0,1711.9,268.9,58.4,26.2,0.0,1.0
7/14/2019 7:30,4.0,1699.1,269.2,58.1,26.2,0.0,1.0
7/14/2019 7:40,9.0,1686.9,264.9,57.7,26.2,0.0,1.0
7/14/2019 7:50,7.0,2181.3,323.0,61.0,26.2,0.0,1.0
7/14/2019 8:00,16.0,1828.1,386.5,60.3,26.1,0.0,1.0
7/14/2019 8:10,19.0,1883.3,436.4,57.2,26.2,0.0,1.0
7/14/2019 8:20,13.0,1938.4,505.1,58.8,26.3,1.0,0.0
7/14/2019 8:30,16.0,2397.8,477.5,59.9,26.9,1.0,0.0
7/14/2019 8:40,17.0,1941.8,499.2,58.7,26.5,0.0,0.0
7/14/2019 8:50,14.0,1983.1,545.0,61.6,26.4,0.0,0.0
7/14/2019 9:00,18.0,1586.8,352.2,58.2,26.5,0.0,0.0
7/14/2019 9:10,18.0,674.9,391.9,57.9,26.5,0.0,0.0
7/14/2019 9:20,16.0,677.7,392.2,57.8,26.6,0.0,0.0
7/14/2019 9:30,24.0,691.3,412.2,59.0,26.6,0.0,0.0
7/14/2019 9:40,30.0,1031.9,273.1,59.7,26.8,0.0,0.0
7/14/2019 9:50,24.0,670.7,387.7,60.4,26.9,0.0,0.0
7/14/2019 10:00,34.0,738.8,454.3,59.8,27.1,0.0,0.0
7/14/2019 10:10,67.0,1067.1,401.5,59.8,27.2,0.0,0.0
7/14/2019 10:20,73.0,564.5,272.2,60.2,27.3,2.0,0.0
7/14/2019 10:30,80.0,558.0,270.6,60.5,27.4,3.0,0.0
7/14/2019 10:40,90.0,782.2,294.2,61.6,27.4,3.0,0.0
7/14/2019 10:50,102.0,1350.5,272.0,62.6,27.5,3.0,0.0
7/14/2019 11:00,116.0,857.6,373.0,60.9,27.5,3.0,0.0
7/14/2019 11:10,142.0,843.5,364.3,60.9,27.5,3.0,0.0
7/14/2019 11:20,140.0,841.1,350.2,64.8,27.6,3.0,0.0
7/14/2019 11:30,150.0,1495.9,367.1,62.7,27.6,2.0,0.0
7/14/2019 11:40,146.0,833.3,344.3,62.5,27.7,2.0,0.0
7/14/2019 11:50,151.0,850.6,368.0,64.1,27.7,2.0,0.0
7/14/2019 12:00,151.0,763.8,273.4,64.3,27.8,3.0,0.0
7/14/2019 12:10,150.0,1446.5,286.0,64.5,27.8,3.0,0.0
7/14/2019 12:20,138.0,773.5,278.7,63.6,27.8,3.0,0.0
7/14/2019 12:30,144.0,769.4,279.9,63.2,27.8,2.0,0.0
7/14/2019 12:40,106.0,778.0,282.7,63.9,27.9,2.0,0.0
7/14/2019 12:50,85.0,1456.8,268.0,65.4,27.9,2.0,0.0
7/14/2019 13:00,80.0,752.7,265.2,65.6,27.9,1.0,0.0
7/14/2019 13:10,77.0,768.9,279.9,67.5,28.0,0.0,0.0
7/14/2019 13:20,69.0,1469.0,282.7,65.7,28.0,1.0,0.0
7/14/2019 13:30,71.0,776.1,290.5,64.2,28.0,1.0,0.0
7/14/2019 13:40,71.0,759.3,270.8,63.3,28.0,1.0,0.0
7/14/2019 13:50,67.0,873.9,388.8,63.4,28.0,1.0,0.0
7/14/2019 14:00,139.0,1623.7,387.1,63.2,28.0,1.0,0.0
7/14/2019 14:10,152.0,821.5,338.4,63.3,27.9,2.0,0.0
7/14/2019 14:20,170.0,822.6,337.0,63.0,27.9,2.0,0.0
7/14/2019 14:30,181.0,825.1,338.1,63.1,27.9,1.0,0.0
7/14/2019 14:40,186.0,1496.1,268.3,63.3,27.9,2.0,0.0
7/14/2019 14:50,185.0,781.2,291.7,63.5,27.8,2.0,0.0
7/14/2019 15:00,190.0,774.4,290.3,63.8,27.8,2.0,0.0
7/14/2019 15:10,197.0,773.5,274.8,63.4,27.8,2.0,0.0
7/14/2019 15:20,198.0,1567.1,299.8,63.4,27.7,3.0,0.0
7/14/2019 15:30,216.0,771.1,286.0,63.7,27.7,3.0,0.0
7/14/2019 15:40,201.0,773.5,288.9,64.0,27.7,2.0,0.0
7/14/2019 15:50,196.0,1532.0,275.9,63.3,27.6,3.0,0.0
7/14/2019 16:00,180.0,753.7,267.2,63.3,27.6,3.0,0.0
7/14/2019 16:10,183.0,768.7,274.8,63.2,27.6,3.0,0.0
7/14/2019 16:20,178.0,755.4,270.3,63.4,27.6,3.0,0.0
7/14/2019 16:30,177.0,1636.0,365.2,62.5,27.6,3.0,0.0
7/14/2019 16:40,185.0,834.2,349.1,63.0,27.7,3.0,0.0
7/14/2019 16:50,181.0,839.0,353.9,62.5,27.7,3.0,0.0
7/14/2019 17:00,183.0,867.1,382.0,62.6,27.7,3.0,1.0
7/14/2019 17:10,193.0,1614.9,368.5,62.6,27.7,2.0,1.0
7/14/2019 17:20,199.0,755.8,266.3,62.9,27.8,3.0,1.0
7/14/2019 17:30,188.0,801.7,321.0,62.8,27.9,3.0,1.0
7/14/2019 17:40,184.0,1585.5,338.2,63.7,28.2,3.0,1.0
7/14/2019 17:50,191.0,751.9,272.2,64.0,28.4,3.0,1.0
7/14/2019 18:00,186.0,776.0,288.0,64.0,28.5,3.0,1.0
7/14/2019 18:10,179.0,768.0,281.0,64.3,28.6,3.0,1.0
7/14/2019 18:20,173.0,1516.4,266.6,67.0,28.6,3.0,1.0
7/14/2019 18:30,179.0,759.4,271.4,68.0,28.6,3.0,1.0
7/14/2019 18:40,170.0,772.3,283.8,68.1,28.6,3.0,1.0
7/14/2019 18:50,189.0,1517.6,270.8,68.4,28.6,4.0,1.0
7/14/2019 19:00,138.0,754.8,268.3,68.3,28.7,4.0,1.0
7/14/2019 19:10,120.0,861.9,379.8,68.3,29.2,3.0,1.0
7/14/2019 19:20,114.0,855.2,365.2,68.2,30.8,1.0,1.0
7/14/2019 19:30,100.0,1568.2,344.3,68.9,30.1,1.0,1.0
7/14/2019 19:40,91.0,833.4,337.6,69.4,29.3,1.0,1.0
7/14/2019 19:50,85.0,843.5,354.5,67.7,29.2,1.0,1.0
7/14/2019 20:00,77.0,1405.3,341.5,66.7,28.9,1.0,1.0
7/14/2019 20:10,68.0,871.7,385.2,65.8,28.8,0.0,1.0
7/14/2019 20:20,60.0,870.7,380.3,65.1,28.6,0.0,1.0
7/14/2019 20:30,56.0,874.7,383.8,64.9,28.4,0.0,1.0
7/14/2019 20:40,55.0,1450.9,258.7,64.7,28.2,0.0,1.0
7/14/2019 20:50,48.0,775.0,284.1,64.4,28.1,1.0,1.0
7/14/2019 21:00,41.0,760.6,263.8,64.8,28.0,1.0,1.0
7/14/2019 21:10,42.0,1419.5,258.5,64.8,28.0,1.0,1.0
7/14/2019 21:20,47.0,782.9,290.5,64.5,28.0,1.0,1.0
7/14/2019 21:30,41.0,761.9,268.0,63.6,27.9,1.0,1.0
7/14/2019 21:40,38.0,745.5,258.5,63.5,27.9,1.0,1.0
7/14/2019 21:50,40.0,1309.8,254.2,62.9,27.9,1.0,1.0
7/14/2019 22:00,43.0,903.3,417.2,63.1,27.9,1.0,1.0
7/14/2019 22:10,37.0,836.7,347.7,62.9,27.9,1.0,1.0
7/14/2019 22:20,30.0,825.6,337.6,63.4,27.8,1.0,1.0
7/14/2019 22:30,27.0,1355.9,335.0,63.6,27.8,1.0,1.0
7/14/2019 22:40,28.0,844.4,356.4,63.5,27.8,1.0,1.0
7/14/2019 22:50,25.0,895.5,392.9,63.8,27.7,1.0,1.0
7/14/2019 23:00,21.0,754.2,259.9,63.5,27.7,1.0,1.0
7/14/2019 23:10,22.0,751.2,252.0,63.5,27.7,1.0,1.0
7/14/2019 23:20,21.0,754.4,264.9,63.6,27.6,1.0,1.0
7/14/2019 23:30,20.0,749.1,260.1,63.0,27.6,1.0,1.0
7/14/2019 23:40,10.0,1114.9,250.6,63.5,27.6,1.0,1.0
7/14/2019 23:50,10.0,745.7,254.8,63.3,27.6,2.0,1.0
7/15/2019 0:00,6.0,753.2,255.4,64.6,27.6,2.0,1.0
7/15/2019 0:10,9.0,763.8,264.6,65.7,27.6,2.0,1.0
7/15/2019 0:20,5.0,1275.4,280.4,67.4,27.6,2.0,1.0
7/15/2019 0:30,7.0,744.3,248.0,69.5,27.5,2.0,1.0
7/15/2019 0:40,8.0,745.2,246.9,71.1,27.5,2.0,1.0
7/15/2019 0:50,7.0,842.5,345.7,71.6,27.5,2.0,1.0
7/15/2019 1:00,7.0,1346.7,372.2,70.9,27.4,2.0,1.0
7/15/2019 1:10,7.0,832.7,336.4,70.5,27.4,2.0,1.0
7/15/2019 1:20,0.0,816.9,323.5,69.9,27.3,2.0,1.0
7/15/2019 1:30,8.0,835.3,339.5,66.9,27.4,2.0,1.0
7/15/2019 1:40,9.0,1233.8,262.7,64.6,27.4,2.0,1.0
7/15/2019 1:50,4.0,758.1,267.7,63.4,27.3,1.0,1.0
7/15/2019 2:00,4.0,742.4,250.0,63.5,27.3,1.0,1.0
7/15/2019 2:10,2.0,769.1,269.4,63.7,27.3,1.0,1.0
7/15/2019 2:20,2.0,1262.9,304.5,63.7,27.3,1.0,1.0
7/15/2019 2:30,4.0,748.2,256.8,63.6,27.3,1.0,1.0
7/15/2019 2:40,-5.0,768.6,272.8,63.3,27.2,1.0,1.0
7/15/2019 2:50,-3.0,755.0,258.7,63.0,27.2,1.0,1.0
7/15/2019 3:00,1.0,1192.5,256.5,63.0,27.2,1.0,1.0
7/15/2019 3:10,7.0,768.3,279.3,62.8,27.2,1.0,1.0
7/15/2019 3:20,0.0,755.6,265.2,62.3,27.1,1.0,1.0
7/15/2019 3:30,-3.0,747.0,255.1,62.6,27.1,1.0,1.0
7/15/2019 3:40,-8.0,1430.3,480.6,62.4,27.1,1.0,1.0
7/15/2019 3:50,-4.0,975.0,479.2,62.2,27.1,1.0,1.0
7/15/2019 4:00,-10.0,961.5,466.7,62.0,27.0,1.0,1.0
7/15/2019 4:10,-15.0,835.4,347.4,64.5,27.0,1.0,1.0
7/15/2019 4:20,-19.0,969.9,479.5,68.3,27.0,1.0,1.0
7/15/2019 4:30,-13.0,872.8,373.6,69.5,27.0,1.0,1.0
7/15/2019 4:40,-18.0,869.8,369.1,69.1,27.0,1.0,1.0
7/15/2019 4:50,-27.0,1185.6,244.7,68.6,27.0,0.0,1.0
7/15/2019 5:00,-23.0,1205.5,272.0,68.2,26.9,0.0,1.0
7/15/2019 5:10,-27.0,1717.9,248.0,67.7,26.5,0.0,1.0
7/15/2019 5:20,-29.0,1733.7,269.2,64.3,26.4,0.0,1.0
7/15/2019 5:30,-33.0,2152.6,254.8,63.8,26.3,0.0,1.0
7/15/2019 5:40,-34.0,1733.1,273.4,63.0,26.3,0.0,1.0
7/15/2019 5:50,-33.0,1728.7,272.5,62.5,26.3,0.0,1.0
7/15/2019 6:00,-33.0,1729.7,278.4,62.5,26.3,0.0,1.0
7/15/2019 6:10,-31.0,2170.2,284.1,62.5,26.3,0.0,1.0
7/15/2019 6:20,-33.0,1809.4,366.8,62.6,26.3,0.0,1.0
7/15/2019 6:30,-21.0,1813.9,348.5,62.6,26.3,1.0,1.0
7/15/2019 6:40,-3.0,1778.4,333.9,63.0,26.4,1.0,1.0
7/15/2019 6:50,14.0,2206.7,336.2,62.9,26.4,1.0,1.0
7/15/2019 7:00,18.0,1966.1,522.6,63.0,26.4,1.0,1.0
7/15/2019 7:10,34.0,1889.6,452.4,63.4,26.4,2.0,1.0
7/15/2019 7:20,67.0,1828.1,388.5,64.1,26.4,4.0,1.0
7/15/2019 7:30,83.0,1694.6,261.3,65.2,26.4,8.0,1.0
7/15/2019 7:40,100.0,1702.9,263.2,64.9,26.4,8.0,1.0
7/15/2019 7:50,127.0,1706.0,263.5,63.5,26.4,9.0,1.0
7/15/2019 8:00,162.0,2208.1,285.8,62.5,26.4,12.0,1.0
7/15/2019 8:10,188.0,1785.0,321.5,64.8,26.5,12.0,1.0
7/15/2019 8:20,202.0,1738.9,288.0,62.7,26.1,15.0,0.0
7/15/2019 8:30,185.0,2616.5,1171.5,60.0,26.3,17.0,0.0
7/15/2019 8:40,167.0,3086.8,1128.5,58.9,26.3,21.0,0.0
7/15/2019 8:50,216.0,2600.1,1150.7,67.2,26.5,24.0,0.0
7/15/2019 9:00,258.0,2647.0,1206.9,67.8,26.4,24.0,0.0
7/15/2019 9:10,311.0,2859.1,1418.0,61.8,26.5,25.0,0.0
7/15/2019 9:20,344.0,3369.4,1380.3,60.7,26.6,26.0,0.0
7/15/2019 9:30,373.0,2739.8,1298.3,59.1,26.6,26.0,0.0
7/15/2019 9:40,404.0,2716.5,1274.0,60.3,26.6,27.0,0.0
7/15/2019 9:50,460.0,2750.7,1314.5,63.9,26.9,26.0,0.0
7/15/2019 10:00,560.0,3312.7,1314.3,63.2,27.1,26.0,0.0
7/15/2019 10:10,633.0,2737.0,1314.0,58.7,26.2,27.0,0.0
7/15/2019 10:20,692.0,2753.1,1318.3,55.5,26.3,28.0,0.0
7/15/2019 10:30,742.0,3393.6,1328.4,61.4,26.4,17.0,0.0
7/15/2019 10:40,791.0,2632.6,1206.7,59.8,26.4,29.0,0.0
7/15/2019 10:50,863.0,2818.2,1392.3,62.8,26.5,29.0,0.0
7/15/2019 11:00,769.0,2740.7,1303.1,64.4,26.5,28.0,0.0
7/15/2019 11:10,746.0,3534.9,1439.4,62.4,26.7,26.0,0.0
7/15/2019 11:20,827.0,2719.2,1267.9,67.5,26.0,30.0,0.0
7/15/2019 11:30,902.0,2715.9,1269.9,65.2,25.8,28.0,0.0
7/15/2019 11:40,780.0,2653.0,1353.5,63.2,26.2,28.0,0.0
7/15/2019 11:50,630.0,3422.3,1434.2,62.9,26.2,26.0,0.0
7/15/2019 12:00,607.0,2577.3,1266.6,69.3,26.4,18.0,0.0
7/15/2019 12:10,569.0,2820.6,1404.9,72.5,27.3,20.0,0.0
7/15/2019 12:20,543.0,3600.8,1465.3,70.2,26.5,21.0,0.0
7/15/2019 12:30,506.0,2831.0,1401.6,64.9,26.6,23.0,0.0
7/15/2019 12:40,478.0,2716.8,1291.9,62.5,26.6,23.0,0.0
7/15/2019 12:50,451.0,2737.5,1301.8,61.0,26.1,26.0,0.0
7/15/2019 13:00,426.0,3493.0,1331.6,64.7,26.6,23.0,0.0
7/15/2019 13:10,404.0,3438.7,2004.5,61.9,26.3,28.0,0.0
7/15/2019 13:20,380.0,2726.5,1302.1,61.0,26.4,21.0,0.0
7/15/2019 13:30,378.0,2713.2,1290.2,63.8,26.7,27.0,0.0
7/15/2019 13:40,383.0,3485.2,1306.8,62.9,26.6,29.0,0.0
7/15/2019 13:50,406.0,2696.4,1260.2,61.3,26.9,23.0,0.0
7/15/2019 14:00,417.0,2828.6,1404.6,61.9,26.6,23.0,0.0
7/15/2019 14:10,426.0,3569.7,1364.4,61.7,26.5,26.0,0.0
7/15/2019 14:20,427.0,2745.2,1326.1,62.4,26.3,23.0,0.0
7/15/2019 14:30,423.0,2789.2,1369.1,62.1,26.4,26.0,0.0
7/15/2019 14:40,416.0,2825.9,1399.9,67.9,26.5,28.0,0.0
7/15/2019 14:50,432.0,3536.7,1259.6,65.3,26.4,28.0,0.0
7/15/2019 15:00,401.0,2650.2,1220.4,63.4,26.4,25.0,0.0
7/15/2019 15:10,385.0,2678.7,1250.3,64.8,26.5,22.0,0.0
7/15/2019 15:20,399.0,3364.2,1218.0,63.0,26.5,26.0,0.0
7/15/2019 15:30,431.0,3512.4,1279.8,61.7,26.7,24.0,0.0
7/15/2019 15:40,407.0,2661.3,1240.2,62.4,26.7,22.0,0.0
7/15/2019 15:50,368.0,2679.8,1230.9,63.2,26.7,24.0,0.0
7/15/2019 16:00,367.0,3470.7,1241.0,60.3,26.7,26.0,0.0
7/15/2019 16:10,366.0,2707.8,1286.2,66.2,26.5,25.0,0.0
7/15/2019 16:20,337.0,2704.2,1285.5,69.8,26.5,24.0,0.0
7/15/2019 16:30,340.0,2724.6,1304.0,70.0,26.7,23.0,0.0
7/15/2019 16:40,333.0,3537.3,1287.1,68.2,26.8,17.0,0.0
7/15/2019 16:50,331.0,2854.1,1421.8,64.3,26.0,15.0,0.0
7/15/2019 17:00,322.0,2712.3,1267.8,66.2,25.9,15.0,1.0
7/15/2019 17:10,319.0,3513.8,1269.0,63.9,25.6,14.0,1.0
7/15/2019 17:20,318.0,2704.5,1282.5,62.4,26.1,13.0,1.0
7/15/2019 17:30,321.0,2589.6,1160.7,64.3,26.2,11.0,1.0
7/15/2019 17:40,314.0,2593.6,1177.4,68.1,26.2,9.0,1.0
7/15/2019 17:50,319.0,3337.2,1119.7,71.1,26.3,8.0,1.0
7/15/2019 18:00,298.0,1706.1,269.4,69.6,26.5,8.0,1.0
7/15/2019 18:10,291.0,1691.2,269.2,64.0,26.8,7.0,1.0
7/15/2019 18:20,279.0,2496.4,283.8,67.2,27.1,8.0,1.0
7/15/2019 18:30,281.0,1683.8,265.2,66.8,26.1,8.0,1.0
7/15/2019 18:40,270.0,1717.6,291.1,60.7,26.2,7.0,1.0
7/15/2019 18:50,273.0,1691.4,270.8,61.4,26.3,6.0,1.0
7/15/2019 19:00,261.0,2463.9,297.6,61.6,26.5,4.0,1.0
7/15/2019 19:10,254.0,1698.5,261.3,63.8,26.1,2.0,1.0
7/15/2019 19:20,242.0,1697.7,281.5,63.9,26.2,3.0,1.0
7/15/2019 19:30,240.0,2273.4,415.6,64.1,26.7,3.0,1.0
7/15/2019 19:40,232.0,1780.1,368.8,64.2,26.8,4.0,1.0
7/15/2019 19:50,225.0,1770.3,345.4,65.1,26.9,3.0,1.0
7/15/2019 20:00,217.0,1793.4,354.7,65.7,26.8,2.0,1.0
7/15/2019 20:10,213.0,2497.6,395.3,64.2,26.8,2.0,1.0
7/15/2019 20:20,209.0,1816.5,382.7,65.8,26.7,2.0,1.0
7/15/2019 20:30,195.0,1814.9,382.1,64.7,26.9,2.0,1.0
7/15/2019 20:40,194.0,2317.1,401.2,63.9,26.5,2.0,1.0
7/15/2019 20:50,191.0,1735.1,287.7,64.7,26.5,2.0,1.0
7/15/2019 21:00,183.0,1703.6,264.9,64.9,26.4,2.0,1.0
7/15/2019 21:10,179.0,1708.3,263.8,64.5,26.4,2.0,1.0
7/15/2019 21:20,178.0,2275.4,256.5,66.4,26.4,2.0,1.0
7/15/2019 21:30,173.0,1706.3,275.9,66.1,26.5,2.0,1.0
7/15/2019 21:40,166.0,1699.3,262.1,65.7,26.5,2.0,1.0
7/15/2019 21:50,152.0,1720.7,289.4,66.1,26.5,2.0,1.0
7/15/2019 22:00,148.0,2261.3,292.2,65.7,26.6,2.0,1.0
7/15/2019 22:10,143.0,1786.8,356.4,67.4,26.6,2.0,1.0
7/15/2019 22:20,136.0,1803.4,371.6,67.1,26.6,2.0,1.0
7/15/2019 22:30,137.0,2404.5,340.7,66.7,26.7,2.0,1.0
7/15/2019 22:40,137.0,1799.8,344.0,70.6,26.4,2.0,1.0
7/15/2019 22:50,129.0,1807.8,343.8,70.3,26.2,2.0,1.0
7/15/2019 23:00,129.0,1722.1,284.4,65.1,26.1,2.0,1.0
7/15/2019 23:10,127.0,2249.6,299.6,66.5,26.1,2.0,1.0
7/15/2019 23:20,121.0,1710.5,284.6,68.5,26.1,2.0,1.0
7/15/2019 23:30,118.0,1687.6,257.3,65.1,26.1,2.0,1.0
7/15/2019 23:40,,1705.9,279,62.5,26.1,,1
7/15/2019 23:50,,2213.7,283.2,61.4,26.1,,1
