timestamp,co2,elec,rh,temp,wifi,hours
7/8/2019,-3,811.4,65.4,27,2,1
7/8/2019 0:10,1,1127.1,65.8,27,2,1
7/8/2019 0:20,-1,699.8,65.7,26.9,2,1
7/8/2019 0:30,6,812.7,65.7,26.9,2,1
7/8/2019 0:40,0,786.9,65.1,26.8,2,1
7/8/2019 0:50,-1,1221.2,65.8,26.7,2,1
7/8/2019 1:00,-4,828.3,65.4,26.7,2,1
7/8/2019 1:10,-6,778.1,65.1,26.6,2,1
7/8/2019 1:20,-5,698.3,65.1,26.6,2,1
7/8/2019 1:30,-8,1106.2,65.6,26.6,2,1
7/8/2019 1:40,-12,729.9,64.5,26.5,2,1
7/8/2019 1:50,-15,708.2,64.8,26.5,2,1
7/8/2019 2:00,-11,709.9,65.9,26.5,2,1
7/8/2019 2:10,-11,763.8,65.3,26.4,2,1
7/8/2019 2:20,-16,701,64.9,26.4,2,1
7/8/2019 2:30,-14,720,65.6,26.4,2,1
7/8/2019 2:40,-18,716.7,65.9,26.3,2,1
7/8/2019 2:50,-21,751.9,65.2,26.3,2,1
7/8/2019 3:00,-24,1114.1,64.9,26.3,2,1
7/8/2019 3:10,-26,808,66.4,26.2,2,1
7/8/2019 3:20,-18,800.6,65.8,26.2,2,1
7/8/2019 3:30,-17,813.5,65.8,26.2,2,1
7/8/2019 3:40,-20,911.6,64.7,26.2,2,1
7/8/2019 3:50,-19,762.3,64.2,26.1,2,1
7/8/2019 4:00,-21,717.2,64.8,26.1,2,1
7/8/2019 4:10,-19,714.6,65,26,2,1
7/8/2019 4:20,-19,756.9,65.1,26,2,1
7/8/2019 4:30,-17,1118.4,65.8,26,2,1
7/8/2019 4:40,-15,722.1,65.6,25.9,2,1
7/8/2019 4:50,-12,718.9,65.8,25.9,2,1
7/8/2019 5:00,-9,1258.4,68.1,25.8,2,1
7/8/2019 5:10,-7,1831.4,65.8,25.9,2,1
7/8/2019 5:20,-4,1782.3,62.2,25.7,2,1
7/8/2019 5:30,-2,1752.8,60.3,25.6,2,1
7/8/2019 5:40,1,1769,58.9,25.7,2,1
7/8/2019 5:50,-1,1824.7,58.3,25.6,2,1
7/8/2019 6:00,7,1881.8,57.5,25.6,2,1
7/8/2019 6:10,9,1874.4,56.7,25.5,2,1
7/8/2019 6:20,12,1840.3,56,25.5,2,1
7/8/2019 6:30,13,1921.9,55.6,25.5,2,1
7/8/2019 6:40,22,2218.7,55,25.4,2,1
7/8/2019 6:50,24,1789.3,54.5,25.5,2,1
7/8/2019 7:00,22,1787.2,54,25.6,2,1
7/8/2019 7:10,28,1783.1,53.8,25.5,2,1
7/8/2019 7:20,42,2208.1,53.4,25.6,2,1
7/8/2019 7:30,47,1779.6,53.2,25.5,3,1
7/8/2019 7:40,45,1805.7,52.9,25.6,4,1
7/8/2019 7:50,52,1780.3,52.7,26,4,1
7/8/2019 8:00,57,2899.8,52.5,26.4,4,1
7/8/2019 8:10,48,2654.2,52.5,26.7,6,1
7/8/2019 8:20,99,2531.8,52.1,25.6,8,0
7/8/2019 8:30,139,2511,52.1,26.2,15,0
7/8/2019 8:40,271,3162.9,52.2,26.7,16,0
7/8/2019 8:50,234,2695.8,51.8,26.1,23,0
7/8/2019 9:00,225,2750.8,51.6,26,26,0
7/8/2019 9:10,238,2889.4,51.5,26.3,28,0
7/8/2019 9:20,288,2793.6,51.5,26.4,31,0
7/8/2019 9:30,307,2830.9,51.9,26.6,29,0
7/8/2019 9:40,365,2805,51.1,26.7,31,0
7/8/2019 9:50,445,3321.1,57.1,26.1,30,0
7/8/2019 10:00,454,2846.3,55.6,25.8,29,0
7/8/2019 10:10,512,2807.5,53.7,25.9,29,0
7/8/2019 10:20,551,2899.5,57.3,26,26,0
7/8/2019 10:30,575,3399.2,54.4,26.1,29,0
7/8/2019 10:40,403,2909.4,61.5,26.4,30,0
7/8/2019 10:50,346,2822.2,61.9,26.4,32,0
7/8/2019 11:00,405,2871.3,56,26.7,34,0
7/8/2019 11:10,479,2814.8,52.5,26.6,31,0
7/8/2019 11:20,510,2952.8,54.7,26.7,32,0
7/8/2019 11:30,535,2989.8,53.5,26.8,35,0
7/8/2019 11:40,553,3417.9,55.2,26.7,33,0
7/8/2019 11:50,549,2971.7,59.1,26.5,32,0
7/8/2019 12:00,550,2840.7,58,26.6,29,0
7/8/2019 12:10,545,2844.9,58,26.6,29,0
7/8/2019 12:20,451,3459.4,58.3,25.8,28,0
7/8/2019 12:30,428,2822,58.3,26,28,0
7/8/2019 12:40,447,2780.1,59.4,26.3,27,0
7/8/2019 12:50,469,3156,60.6,26.3,27,0
7/8/2019 13:00,439,2898.3,60.7,26.4,29,0
7/8/2019 13:10,436,3475.5,61,26.6,32,0
7/8/2019 13:20,443,2851.7,62.6,26.6,30,0
7/8/2019 13:30,436,3436.6,60.6,26.1,33,0
7/8/2019 13:40,438,2876.5,60,25.8,33,0
7/8/2019 13:50,438,2844.7,59.1,26.1,35,0
7/8/2019 14:00,449,3086.8,59,26.3,32,0
7/8/2019 14:10,427,2959.7,59.7,26.4,30,0
7/8/2019 14:20,427,2877.1,61.3,26.5,31,0
7/8/2019 14:30,423,2746.5,61.9,26.7,32,0
7/8/2019 14:40,407,3454,62.2,26,30,0
7/8/2019 14:50,441,2952.3,59,26.3,30,0
7/8/2019 15:00,466,2807.4,63.3,26.4,25,0
7/8/2019 15:10,513,3607.4,60.6,26.5,24,0
7/8/2019 15:20,528,2847,63.9,26.8,26,0
7/8/2019 15:30,509,2813.2,60.4,26.9,25,0
7/8/2019 15:40,368,2890.8,64.7,27,30,0
7/8/2019 15:50,383,3544.1,63.5,26.2,26,0
7/8/2019 16:00,365,2795.7,65.7,26.2,23,0
7/8/2019 16:10,338,2805,64.8,26.3,23,0
7/8/2019 16:20,346,3421.3,61.6,26.6,24,0
7/8/2019 16:30,326,2690.9,62,26.7,23,0
7/8/2019 16:40,327,2987.6,61.6,26.9,25,0
7/8/2019 16:50,325,2756.8,62.4,26.8,24,0
7/8/2019 17:00,306,3390.5,63.1,27,26,1
7/8/2019 17:10,301,2773.3,59.5,27.1,25,1
7/8/2019 17:20,266,2683.3,56.7,27.3,17,1
7/8/2019 17:30,265,3298.6,58.5,27.4,13,1
7/8/2019 17:40,241,2602.2,61.2,27.5,15,1
7/8/2019 17:50,202,1766,60.7,27.7,13,1
7/8/2019 18:00,184,1745.6,59.1,27.8,10,1
7/8/2019 18:10,157,2374.6,58.6,27.9,8,1
7/8/2019 18:20,139,1779,59.9,28.1,7,1
7/8/2019 18:30,121,1766.7,59.2,28.3,6,1
7/8/2019 18:40,111,2389.5,60,28.1,6,1
7/8/2019 18:50,104,1782.5,60.4,28.4,6,1
7/8/2019 19:00,89,1780,61.2,28.4,2,1
7/8/2019 19:10,86,1787,61.3,28.3,2,1
7/8/2019 19:20,78,2435.4,61.4,28.4,2,1
7/8/2019 19:30,65,1846,60.4,28.1,3,1
7/8/2019 19:40,58,1824.5,62,27.9,2,1
7/8/2019 19:50,48,2303.7,59.4,27.8,3,1
7/8/2019 20:00,38,1830.4,59,27.6,4,1
7/8/2019 20:10,34,1745.8,59,27.4,3,1
7/8/2019 20:20,26,1746.8,58.8,27.3,3,1
7/8/2019 20:30,20,2235.5,58.7,27.1,3,1
7/8/2019 20:40,13,1765.1,58.3,27,3,1
7/8/2019 20:50,15,1748.9,58.7,26.8,3,1
7/8/2019 21:00,10,1757.4,58.5,26.7,3,1
7/8/2019 21:10,7,2229.5,58.1,26.7,2,1
7/8/2019 21:20,3,1888.4,58.3,26.5,2,1
7/8/2019 21:30,3,1883.2,59.5,26.4,2,1
7/8/2019 21:40,-3,1876.3,59.2,26.2,2,1
7/8/2019 21:50,-4,1758.7,59.4,26.2,2,1
7/8/2019 22:00,-2,1874.9,59.5,26.2,2,1
7/8/2019 22:10,-8,1869,59.7,26.1,2,1
7/8/2019 22:20,-13,1891.6,59.6,26.1,2,1
7/8/2019 22:30,-11,1812.9,60.2,26,2,1
7/8/2019 22:40,-5,1839.1,59.8,26,2,1
7/8/2019 22:50,-3,1752.3,60.2,26,2,1
7/8/2019 23:00,-1,1810.1,60.3,26,3,1
7/8/2019 23:10,-5,1870,60.5,26,3,1
7/8/2019 23:20,6,1869.9,60.6,25.9,3,1
7/8/2019 23:30,-6,1895.6,60.6,26,2,1
7/8/2019 23:40,-5,2077,60.3,26,2,1
7/8/2019 23:50,-4,1762.6,60.2,25.9,3,1
7/9/2019,-11,1748.6,60.8,25.9,4,1
7/9/2019 0:10,-15,1763.7,61.6,25.8,4,1
7/9/2019 0:20,-17,1830.9,62.1,25.8,3,1
7/9/2019 0:30,-12,1789.7,62.2,25.8,3,1
7/9/2019 0:40,-12,1868.5,61.7,25.6,3,1
7/9/2019 0:50,-20,1865.5,61.5,25.6,4,1
7/9/2019 1:00,-14,1887.3,62.6,25.7,4,1
7/9/2019 1:10,-15,2235.4,62.7,25.6,4,1
7/9/2019 1:20,-18,1856.6,62.2,25.6,4,1
7/9/2019 1:30,-18,1747.6,61.2,25.6,4,1
7/9/2019 1:40,-24,1762.5,60.6,25.7,3,1
7/9/2019 1:50,-28,2133.1,60.1,25.7,3,1
7/9/2019 2:00,-26,1775.7,59.3,25.7,3,1
7/9/2019 2:10,-24,1773.6,58.2,25.7,3,1
7/9/2019 2:20,-24,1778.2,58.3,25.6,4,1
7/9/2019 2:30,-26,2126.8,58,25.6,4,1
7/9/2019 2:40,-33,1755.9,57.4,25.6,3,1
7/9/2019 2:50,-42,1773.9,57.4,25.5,3,1
7/9/2019 3:00,-47,1760.2,57.2,25.5,3,1
7/9/2019 3:10,-50,1822.7,57.1,25.5,3,1
7/9/2019 3:20,-57,1886.5,57.2,25.5,3,1
7/9/2019 3:30,-58,1976.7,57.4,25.5,4,1
7/9/2019 3:40,-66,1985.3,59.8,25.4,4,1
7/9/2019 3:50,-64,1897.5,61.6,25.4,4,1
7/9/2019 4:00,-64,1874.2,61.3,25.4,4,1
7/9/2019 4:10,-66,1827.1,60.4,25.4,4,1
7/9/2019 4:20,-61,1788,59.5,25.4,4,1
7/9/2019 4:30,-57,1825.9,58.9,25.4,4,1
7/9/2019 4:40,-45,2128.9,58.4,25.4,4,1
7/9/2019 4:50,-41,1763.7,57.9,25.4,4,1
7/9/2019 5:00,-38,1752.9,57.4,25.4,4,1
7/9/2019 5:10,-32,1774.9,56.8,25.4,3,1
7/9/2019 5:20,-35,1851.3,57.2,25.3,3,1
7/9/2019 5:30,-33,1811.4,56.4,25.3,4,1
7/9/2019 5:40,-23,1761.5,56.8,25.2,3,1
7/9/2019 5:50,-13,1774.7,56.9,25.2,3,1
7/9/2019 6:00,-13,1816.4,56.9,25.2,3,1
7/9/2019 6:10,3,2243.7,57.1,25.2,2,1
7/9/2019 6:20,11,1870.6,58,25.1,2,1
7/9/2019 6:30,21,1859.2,58.4,25,3,1
7/9/2019 6:40,20,1855.2,58.5,25,3,1
7/9/2019 6:50,23,2204,60,25,3,1
7/9/2019 7:00,29,1790.3,61.5,25.1,3,1
7/9/2019 7:10,40,1776.2,60.1,25.1,4,1
7/9/2019 7:20,29,1793,59.4,25.2,5,1
7/9/2019 7:30,44,1824.9,59.1,25.4,4,1
7/9/2019 7:40,48,1800.5,58.8,26,4,1
7/9/2019 7:50,47,1803.6,58.5,26.3,4,1
7/9/2019 8:00,57,1770,58.3,26.8,3,1
7/9/2019 8:10,64,1879.7,58.2,26.1,4,1
7/9/2019 8:20,89,2218.4,57.5,25.9,9,0
7/9/2019 8:30,136,1765.7,57.5,26.5,13,0
7/9/2019 8:40,171,2686.9,58.6,27.1,15,0
7/9/2019 8:50,159,2706.5,59.7,25.8,15,0
7/9/2019 9:00,199,3257.5,59.3,26.5,13,0
7/9/2019 9:10,225,2797.3,58.2,26.1,26,0
7/9/2019 9:20,340,2842.9,55.5,26,15,0
7/9/2019 9:30,309,2746.9,55.3,26.1,30,0
7/9/2019 9:40,361,2739.7,57.4,26.3,19,0
7/9/2019 9:50,316,2729.6,56.9,26.4,31,0
7/9/2019 10:00,311,2861.8,56.4,26.5,29,0
7/9/2019 10:10,322,3394.5,56.4,26.6,30,0
7/9/2019 10:20,322,2845.1,56.3,26.7,27,0
7/9/2019 10:30,320,2860.5,58,26.7,23,0
7/9/2019 10:40,306,2808.1,57.6,26.7,23,0
7/9/2019 10:50,419,3346.6,62.6,26.3,33,0
7/9/2019 11:00,371,2842.8,63.7,26.2,34,0
7/9/2019 11:10,401,2859.2,61.7,26.2,23,0
7/9/2019 11:20,396,2735.2,60.3,26.4,23,0
7/9/2019 11:30,425,3429.2,58.9,26.5,29,0
7/9/2019 11:40,386,3048.1,62.4,26.6,26,0
7/9/2019 11:50,357,2941.3,60.7,26.6,8,0
7/9/2019 12:00,347,3392,59.6,26.3,18,0
7/9/2019 12:10,352,2900.7,60.5,26.4,24,0
7/9/2019 12:20,592,2805.3,58.9,26.5,26,0
7/9/2019 12:30,534,2654,60.2,26.7,22,0
7/9/2019 12:40,483,3323.5,59.9,26.9,21,0
7/9/2019 12:50,388,2736.4,58.7,26.6,19,0
7/9/2019 13:00,303,2844.4,58.6,26.6,20,0
7/9/2019 13:10,454,3330.7,57.7,25.9,14,0
7/9/2019 13:20,509,2746.4,61.4,26,18,0
7/9/2019 13:30,544,2815.2,59.1,26.3,21,0
7/9/2019 13:40,539,2719.9,59.4,26.5,21,0
7/9/2019 13:50,553,3371.5,61,26.6,20,0
7/9/2019 14:00,575,2841,61.4,26.8,14,0
7/9/2019 14:10,565,2867.4,62.5,26.3,23,0
7/9/2019 14:20,570,2853.5,62.6,26.4,16,0
7/9/2019 14:30,509,3483.1,62.5,26.5,20,0
7/9/2019 14:40,617,2774.5,64.4,26.5,31,0
7/9/2019 14:50,680,2725.7,62.3,26.5,25,0
7/9/2019 15:00,726,3392.4,62.9,26.6,23,0
7/9/2019 15:10,763,2735.6,61.5,26.5,12,0
7/9/2019 15:20,778,2695.6,60.7,26.4,21,0
7/9/2019 15:30,563,2658.1,59.9,26.4,22,0
7/9/2019 15:40,428,3641.1,58.4,26.5,22,0
7/9/2019 15:50,387,2853.9,58.8,26.6,22,0
7/9/2019 16:00,382,2847.8,57.8,26.7,12,0
7/9/2019 16:10,373,3489.7,59,26.8,6,0
7/9/2019 16:20,346,2774.6,57.2,26.8,23,0
7/9/2019 16:30,353,2761.1,62,26.3,19,0
7/9/2019 16:40,345,2894,60.7,26.1,19,0
7/9/2019 16:50,308,2710.6,60.6,26.2,22,0
7/9/2019 17:00,296,2748.3,59.5,26.4,17,1
7/9/2019 17:10,292,2750,61,26.6,17,1
7/9/2019 17:20,269,3423,62.1,26.7,20,1
7/9/2019 17:30,254,2668.1,64.7,26.7,18,1
7/9/2019 17:40,228,2574.7,65.2,26.3,13,1
7/9/2019 17:50,199,2590.3,61.5,26.5,10,1
7/9/2019 18:00,174,3235.3,62.4,26.7,9,1
7/9/2019 18:10,147,2649.7,60.5,26.6,7,1
7/9/2019 18:20,135,1756.5,60.2,26.6,6,1
7/9/2019 18:30,124,2389,61.4,26.3,4,1
7/9/2019 18:40,119,1756.2,59.9,26.2,4,1
7/9/2019 18:50,110,1786.2,60.2,26.3,4,1
7/9/2019 19:00,103,1778.5,59.3,26.4,2,1
7/9/2019 19:10,89,2318.3,58.4,26.5,2,1
7/9/2019 19:20,75,1763.5,62.8,26.6,3,1
7/9/2019 19:30,70,1863.9,61.9,26.6,2,1
7/9/2019 19:40,63,2265.3,60.3,26.8,2,1
7/9/2019 19:50,56,1836.1,60.7,26.2,3,1
7/9/2019 20:00,45,1835.9,60.6,26.2,2,1
7/9/2019 20:10,35,1818.1,60.8,26.4,2,1
7/9/2019 20:20,31,2313.2,60.3,26.6,2,1
7/9/2019 20:30,28,1753,60,26.6,2,1
7/9/2019 20:40,24,1748.7,60.2,26.6,2,1
7/9/2019 20:50,13,1767.4,63.2,26.6,2,1
7/9/2019 21:00,9,2265.6,65.4,26.7,2,1
7/9/2019 21:10,8,1749.6,64.9,26.6,2,1
7/9/2019 21:20,7,1765.2,62.3,26.6,2,1
7/9/2019 21:30,15,1765.8,60.4,26.6,2,1
7/9/2019 21:40,5,2242.9,60.6,26.5,2,1
7/9/2019 21:50,7,1740,59.8,26.5,1,1
7/9/2019 22:00,16,1732.2,61,26.5,1,1
7/9/2019 22:10,19,1856.4,65.6,26.5,1,1
7/9/2019 22:20,9,2331.8,65.2,26.5,1,1
7/9/2019 22:30,8,1955.8,65,26.5,1,1
7/9/2019 22:40,16,1990,64.7,26.5,1,1
7/9/2019 22:50,4,1996,66.6,26.5,1,1
7/9/2019 23:00,70,1775,67.5,26.3,1,1
7/9/2019 23:10,12,1792.9,64.3,26,2,1
7/9/2019 23:20,14,1786.9,63.6,26.1,2,1
7/9/2019 23:30,0,1802,62.8,26.1,2,1
7/9/2019 23:40,8,1764.9,67.6,26.2,2,1
7/9/2019 23:50,-2,1755.8,64.2,26.2,1,1
7/10/2019,-7,1799.6,60.8,26.2,1,1
7/10/2019 0:10,-1,1846.9,59.3,26.2,1,1
7/10/2019 0:20,2,1760,58.5,26.2,1,1
7/10/2019 0:30,-5,1754.6,58.8,26.2,1,1
7/10/2019 0:40,-2,1779.3,58.5,26.2,1,1
7/10/2019 0:50,0,1795.4,58.4,26.2,1,1
7/10/2019 1:00,-5,2323.9,58.6,26.2,1,1
7/10/2019 1:10,-5,1979,61.1,26.2,1,1
7/10/2019 1:20,-7,1969.9,67.9,26.2,1,1
7/10/2019 1:30,-5,1980.7,69,26.2,1,1
7/10/2019 1:40,-11,2398.7,68.5,26.2,1,1
7/10/2019 1:50,-6,1935.2,68.4,26.2,1,1
7/10/2019 2:00,-13,1905.3,65.9,26.2,1,1
7/10/2019 2:10,-20,1954.3,63.9,26.2,1,1
7/10/2019 2:20,-13,1756.8,63.5,26.2,1,1
7/10/2019 2:30,-12,1751.1,62.5,26.2,1,1
7/10/2019 2:40,-17,1779.7,62.4,26.2,1,1
7/10/2019 2:50,-22,1835.8,62.7,26.2,1,1
7/10/2019 3:00,-20,1762.1,62.5,26.2,1,1
7/10/2019 3:10,-19,1757.1,62.4,26.2,1,1
7/10/2019 3:20,-24,1815.5,62.6,26.2,1,1
7/10/2019 3:30,-22,1827.8,64.9,26,1,1
7/10/2019 3:40,-21,2296.6,66.3,26,1,1
7/10/2019 3:50,-18,1872.1,64.2,25.9,1,1
7/10/2019 4:00,-10,1851.6,64.4,25.9,1,1
7/10/2019 4:10,-14,1870.6,61.3,25.9,1,1
7/10/2019 4:20,-9,2070.2,63,25.9,1,1
7/10/2019 4:30,-8,1778.6,67.9,25.9,1,1
7/10/2019 4:40,-5,1774.6,69.5,25.9,1,1
7/10/2019 4:50,-6,1755.7,69.2,25.9,1,1
7/10/2019 5:00,-5,1813.4,68.5,25.9,1,1
7/10/2019 5:10,0,2202.3,68.4,25.9,1,1
7/10/2019 5:20,2,1785.6,67.8,25.8,1,1
7/10/2019 5:30,9,1780.5,67.5,25.9,1,1
7/10/2019 5:40,12,1876.8,64.1,25.8,1,1
7/10/2019 5:50,16,2170.8,62,25.8,1,1
7/10/2019 6:00,17,1896.5,60.4,25.8,1,1
7/10/2019 6:10,14,1908.9,60.4,25.8,1,1
7/10/2019 6:20,20,1883.8,60,25.8,1,1
7/10/2019 6:30,24,2292.2,59.6,25.8,1,1
7/10/2019 6:40,23,1864.7,59.8,25.8,1,1
7/10/2019 6:50,23,1847,59.7,25.8,1,1
7/10/2019 7:00,33,1851.2,61,25.8,1,1
7/10/2019 7:10,135,2206.3,66.3,25.8,2,1
7/10/2019 7:20,174,1773.9,68.5,25.8,3,1
7/10/2019 7:30,51,1778.6,68.7,25.8,3,1
7/10/2019 7:40,63,1799.8,68.3,26,3,1
7/10/2019 7:50,74,2120.5,68.2,26.3,4,1
7/10/2019 8:00,83,1797.1,67.3,26.8,5,1
7/10/2019 8:10,102,1772.7,66.4,26.1,8,1
7/10/2019 8:20,165,2685.7,66.6,26.2,11,0
7/10/2019 8:30,165,3027.3,62.9,26.6,14,0
7/10/2019 8:40,183,2637.4,60.7,26.5,16,0
7/10/2019 8:50,203,2758.4,59.9,26.4,17,0
7/10/2019 9:00,217,2762.4,59.3,26.6,19,0
7/10/2019 9:10,237,3522.3,65.8,26.2,16,0
7/10/2019 9:20,288,2908.1,66.5,25.9,15,0
7/10/2019 9:30,346,3049,65.2,26.2,19,0
7/10/2019 9:40,332,3027.7,62.1,26.2,23,0
7/10/2019 9:50,398,3375.7,60.6,26.3,26,0
7/10/2019 10:00,409,2846.5,68.6,26.3,26,0
7/10/2019 10:10,453,2848.4,67.5,26.4,29,0
7/10/2019 10:20,486,2970.6,64.4,26.4,32,0
7/10/2019 10:30,522,3426.1,59.8,26.5,33,0
7/10/2019 10:40,546,3000.8,64.6,26.7,33,0
7/10/2019 10:50,529,2976.5,63.5,26.7,36,0
7/10/2019 11:00,626,3552.3,59.2,26.7,35,0
7/10/2019 11:10,575,2785.4,58.5,26.3,34,0
7/10/2019 11:20,602,2764.3,60,26.2,39,0
7/10/2019 11:30,651,2785.7,60.6,26,38,0
7/10/2019 11:40,636,3556,62,26.3,32,0
7/10/2019 11:50,637,2924.4,62.1,26.3,32,0
7/10/2019 12:00,652,2881.9,61.6,26.5,29,0
7/10/2019 12:10,640,3001.3,62.2,26.6,21,0
7/10/2019 12:20,523,3574.3,60.1,26.6,21,0
7/10/2019 12:30,598,2862.3,59.4,26.6,25,0
7/10/2019 12:40,631,2863.5,60.7,26.6,26,0
7/10/2019 12:50,503,2860.6,60.9,26.5,22,0
7/10/2019 13:00,442,3612.2,61.1,26.1,24,0
7/10/2019 13:10,418,2899.6,61.3,26.2,26,0
7/10/2019 13:20,482,2878,62.7,26.6,29,0
7/10/2019 13:30,508,3670.3,61.5,26.4,38,0
7/10/2019 13:40,512,2833.8,60.8,26.4,36,0
7/10/2019 13:50,462,2860.6,60.5,26.4,30,0
7/10/2019 14:00,415,2862.5,59.2,26.2,31,0
7/10/2019 14:10,435,3539.4,64.9,26.2,21,0
7/10/2019 14:20,453,3075.1,68.7,26.1,19,0
7/10/2019 14:30,464,2967,64.8,26.1,30,0
7/10/2019 14:40,466,2930.2,62.8,25.8,33,0
7/10/2019 14:50,447,3802.2,69.9,26,33,0
7/10/2019 15:00,413,2831.2,71.9,26.2,30,0
7/10/2019 15:10,416,2848.3,70.3,26.2,31,0
7/10/2019 15:20,386,2817,68.4,26.2,34,0
7/10/2019 15:30,413,3715.1,66.5,26.3,32,0
7/10/2019 15:40,413,2904.3,63.2,26.3,30,0
7/10/2019 15:50,426,2918.5,66.5,26.5,29,0
7/10/2019 16:00,389,3695.4,64.8,26.4,26,0
7/10/2019 16:10,376,2979.3,64.8,26.5,21,0
7/10/2019 16:20,368,3017.6,63.3,26.7,18,0
7/10/2019 16:30,375,2866.5,65.6,26.8,25,0
7/10/2019 16:40,343,3550.2,64.4,27.1,28,0
7/10/2019 16:50,308,2841.2,60.9,27.1,26,0
7/10/2019 17:00,316,2804.5,59.1,27.3,26,1
7/10/2019 17:10,285,3309.3,60.5,27.4,24,1
7/10/2019 17:20,265,2614,63.3,27.5,22,1
7/10/2019 17:30,268,1836.5,60.9,27.7,19,1
7/10/2019 17:40,253,1704.9,62.2,27.9,14,1
7/10/2019 17:50,233,2438.5,59.7,28.1,12,1
7/10/2019 18:00,228,1753.3,64,28.3,10,1
7/10/2019 18:10,199,1746.5,64.9,28.6,8,1
7/10/2019 18:20,173,1768.3,64.8,28.9,6,1
7/10/2019 18:30,158,2365.5,62.8,29.1,6,1
7/10/2019 18:40,143,1677.6,61.8,29.3,6,1
7/10/2019 18:50,131,1639.7,62.4,29.5,4,1
7/10/2019 19:00,118,1980.5,61.9,29.6,4,1
7/10/2019 19:10,111,1774.8,64,29.8,4,1
7/10/2019 19:20,100,1651.3,64.2,29.9,3,1
7/10/2019 19:30,93,1706.4,62.2,29.8,3,1
7/10/2019 19:40,80,2476.5,63,29.7,3,1
7/10/2019 19:50,74,1734,63.8,29.6,1,1
7/10/2019 20:00,57,1784.7,64.1,29.3,1,1
7/10/2019 20:10,54,1836.4,64.6,29.1,1,1
7/10/2019 20:20,55,2346.6,64.4,28.9,2,1
7/10/2019 20:30,48,1684,66.9,28.2,3,1
7/10/2019 20:40,43,1697,65.3,28.2,2,1
7/10/2019 20:50,37,1690.5,64.5,28,2,1
7/10/2019 21:00,35,2240,66,27.8,2,1
7/10/2019 21:10,24,1762.9,65.9,27.7,2,1
7/10/2019 21:20,21,1693,65,27.5,2,1
7/10/2019 21:30,13,2120.6,62.7,27.3,2,1
7/10/2019 21:40,16,1764.9,62.5,27.2,2,1
7/10/2019 21:50,11,1677.7,62.5,27.1,2,1
7/10/2019 22:00,14,1687.9,62.4,27.1,3,1
7/10/2019 22:10,6,2210.8,61.8,26.9,2,1
7/10/2019 22:20,17,1785.3,62,26.7,2,1
7/10/2019 22:30,4,1761.2,62,26.6,2,1
7/10/2019 22:40,9,1768.8,61.9,26.6,2,1
7/10/2019 22:50,1,2316.2,61.9,26.5,2,1
7/10/2019 23:00,5,1770.1,61.9,26.4,2,1
7/10/2019 23:10,4,1693.7,62.4,26.5,2,1
7/10/2019 23:20,-1,1763.1,62.1,26.4,2,1
7/10/2019 23:30,-4,2201.7,62.5,26.5,2,1
7/10/2019 23:40,4,1689.1,63.2,26.5,2,1
7/10/2019 23:50,-4,1680.4,63.5,26.5,2,1
7/11/2019,-2,1747,63.6,26.4,2,1
7/11/2019 0:10,5,2081,63.3,26.5,2,1
7/11/2019 0:20,-1,1757.6,63.4,26.5,2,1
7/11/2019 0:30,-3,1731.1,63.2,26.4,2,1
7/11/2019 0:40,-7,1743.6,63.1,26.4,2,1
7/11/2019 0:50,-11,1810.5,63.1,26.4,2,1
7/11/2019 1:00,-11,1778.6,63,26.4,2,1
7/11/2019 1:10,-13,1858.8,63.2,26.4,2,1
7/11/2019 1:20,-14,1827.8,63.3,26.3,2,1
7/11/2019 1:30,-17,1856.8,63.4,26.3,2,1
7/11/2019 1:40,-17,2200.4,63.1,26.3,2,1
7/11/2019 1:50,-21,1822.9,63.9,26.3,2,1
7/11/2019 2:00,-16,1749,66.1,26.3,2,1
7/11/2019 2:10,-17,1696.8,70.7,26.2,2,1
7/11/2019 2:20,-18,2109.1,70.4,26.3,2,1
7/11/2019 2:30,-18,1688,69.7,26.2,2,1
7/11/2019 2:40,-21,1678,69.1,26.2,2,1
7/11/2019 2:50,-21,1668.6,68.5,26.2,2,1
7/11/2019 3:00,-19,1737.5,68,26.2,2,1
7/11/2019 3:10,-14,1704.7,67.5,26.1,2,1
7/11/2019 3:20,-12,1737.9,66.4,26.1,2,1
7/11/2019 3:30,-16,1699.7,64,26.2,2,1
7/11/2019 3:40,-11,1748.4,62.2,26.1,2,1
7/11/2019 3:50,-15,2265.1,61.7,26.1,2,1
7/11/2019 4:00,-13,1976.2,61.6,26.1,2,1
7/11/2019 4:10,-14,1888.5,61.6,26.1,2,1
7/11/2019 4:20,-11,1980,64.3,26,2,1
7/11/2019 4:30,-6,2289.2,67.3,25.9,2,1
7/11/2019 4:40,-8,1897.7,65.4,25.9,2,1
7/11/2019 4:50,-12,1922.1,62.8,25.9,2,1
7/11/2019 5:00,-6,1880.7,63.8,25.9,2,1
7/11/2019 5:10,-5,2198.6,64.1,25.9,2,1
7/11/2019 5:20,7,1754.2,62,25.9,2,1
7/11/2019 5:30,3,1713.6,65.9,25.9,2,1
7/11/2019 5:40,-452,1708.6,,,2,1
7/11/2019 5:50,-448,2120.2,,,1,1
7/11/2019 6:00,13,1783.2,68.6,25.8,2,1
7/11/2019 6:10,17,1729.2,68.5,25.8,1,1
7/11/2019 6:20,24,1723.2,67.9,25.8,1,1
7/11/2019 6:30,25,1827.2,67.3,25.8,1,1
7/11/2019 6:40,29,2010.6,66,25.8,1,1
7/11/2019 6:50,35,1956.8,62.9,25.8,1,1
7/11/2019 7:00,62,1898.4,61.3,25.8,2,1
7/11/2019 7:10,59,2267,60.8,25.8,3,1
7/11/2019 7:20,66,1833.4,60.5,25.8,3,1
7/11/2019 7:30,90,2660.9,60.2,25.8,3,1
7/11/2019 7:40,95,2491.4,60.1,26.3,4,1
7/11/2019 7:50,103,3105.1,60.1,26,5,1
7/11/2019 8:00,113,2627.1,60.8,26.1,6,1
7/11/2019 8:10,133,2503.2,61.1,26.2,8,1
7/11/2019 8:20,185,2511.4,61.1,26.9,10,0
7/11/2019 8:30,172,3124.8,61.4,26.7,13,0
7/11/2019 8:40,198,2736.7,61.9,26.8,14,0
7/11/2019 8:50,229,2852.7,62.7,26.8,16,0
7/11/2019 9:00,235,2722.8,63.2,26.9,18,0
7/11/2019 9:10,261,3445.1,63.3,26.6,19,0
7/11/2019 9:20,309,2921,64.7,26.6,22,0
7/11/2019 9:30,414,2943.7,64.6,26.7,21,0
7/11/2019 9:40,346,2931,68.3,26.5,18,0
7/11/2019 9:50,398,3460.1,70.4,26.2,17,0
7/11/2019 10:00,506,2855.4,70.1,26.3,21,0
7/11/2019 10:10,605,3470.1,68.3,26.3,16,0
7/11/2019 10:20,634,2956.4,68.3,26.4,17,0
7/11/2019 10:30,636,3419.6,68.4,26.7,25,0
7/11/2019 10:40,467,2827.9,67.3,26.4,25,0
7/11/2019 10:50,550,2857.5,68.8,26.4,24,0
7/11/2019 11:00,617,2856.8,67.8,26.4,29,0
7/11/2019 11:10,509,3422.7,66.2,26.5,19,0
7/11/2019 11:20,492,2785.9,67.3,26.5,7,0
7/11/2019 11:30,491,2746.2,65.2,26.6,14,0
7/11/2019 11:40,576,3242.5,67.6,26.6,18,0
7/11/2019 11:50,638,2725.4,65.9,26.4,17,0
7/11/2019 12:00,524,2919.9,63.9,26.2,14,0
7/11/2019 12:10,549,2933.7,62.4,26.1,9,0
7/11/2019 12:20,653,3593.8,63.3,26.6,12,0
7/11/2019 12:30,645,2991.8,63.8,26.3,17,0
7/11/2019 12:40,634,2765.8,64.9,26.4,18,0
7/11/2019 12:50,636,2819,64.1,26.6,23,0
7/11/2019 13:00,670,3527.6,64.2,26.6,28,0
7/11/2019 13:10,584,2663.7,64.1,26,28,0
7/11/2019 13:20,842,2487.1,64.4,26.1,23,0
7/11/2019 13:30,1083,3108.5,64.4,26.3,25,0
7/11/2019 13:40,1349,2467.3,64,26.4,32,0
7/11/2019 13:50,1436,2497.8,63.4,26.5,30,0
7/11/2019 14:00,1585,2471.4,63.4,26,26,0
7/11/2019 14:10,1725,3247.4,68.4,26.1,36,0
7/11/2019 14:20,1807,2492.1,72.1,26.3,32,0
7/11/2019 14:30,1980,2472.2,72.2,26.3,35,0
7/11/2019 14:40,2072,2516.5,70.1,26.5,34,0
7/11/2019 14:50,1214,3399.2,68.5,26.5,33,0
7/11/2019 15:00,1260,2660.3,66.3,26.6,34,0
7/11/2019 15:10,1323,2694.8,62.8,26.5,31,0
7/11/2019 15:20,1374,3440.9,68,26.8,29,0
7/11/2019 15:30,1457,3333.2,66,26.6,29,0
7/11/2019 15:40,1372,2599.8,63.1,26.6,27,0
7/11/2019 15:50,1149,2465.8,64.3,26.8,28,0
7/11/2019 16:00,938,3254.7,62.3,26.4,24,0
7/11/2019 16:10,879,2466.6,62,26.8,22,0
7/11/2019 16:20,817,2416.1,65.8,27,22,0
7/11/2019 16:30,746,2417.2,65.5,27.3,21,0
7/11/2019 16:40,718,3212.2,64,27.4,21,0
7/11/2019 16:50,706,2391.4,63.3,27.6,20,0
7/11/2019 17:00,721,2402.3,62.5,27.7,19,1
7/11/2019 17:10,695,2958.3,65.8,28,18,1
7/11/2019 17:20,663,2506.3,71.1,28.1,17,1
7/11/2019 17:30,605,1643.9,72.4,28.2,15,1
7/11/2019 17:40,556,1701,70.7,28.4,11,1
7/11/2019 17:50,541,2391,68.8,28.6,11,1
7/11/2019 18:00,533,1834,66,28.8,10,1
7/11/2019 18:10,262,1842.9,64.6,29.1,9,1
7/11/2019 18:20,194,1741.9,68.2,29.2,8,1
7/11/2019 18:30,184,2483.4,69.3,29.5,6,1
7/11/2019 18:40,163,1833.2,67,29.7,5,1
7/11/2019 18:50,153,1826.9,63.5,29.9,4,1
7/11/2019 19:00,134,1864.4,63.3,30.1,3,1
7/11/2019 19:10,123,2406,62.8,30.5,3,1
7/11/2019 19:20,103,1711.7,62.8,32.1,2,1
7/11/2019 19:30,102,1709,67.6,31.1,0,1
7/11/2019 19:40,90,2399.5,67.6,30.5,0,1
7/11/2019 19:50,83,1684.1,65.2,30.2,0,1
7/11/2019 20:00,75,1753.5,67.2,29.8,0,1
7/11/2019 20:10,64,1785.4,62.6,29.6,0,1
7/11/2019 20:20,53,2426.9,62.1,29.3,0,1
7/11/2019 20:30,52,1885,62.4,29.1,0,1
7/11/2019 20:40,44,1910.6,61.5,28.8,0,1
7/11/2019 20:50,35,1907.4,66.1,28.5,1,1
7/11/2019 21:00,28,2249.7,63.2,28.3,1,1
7/11/2019 21:10,20,1701,64.1,28.1,1,1
7/11/2019 21:20,17,1689.7,64.5,27.9,1,1
7/11/2019 21:30,10,1702.5,64,27.8,1,1
7/11/2019 21:40,8,2275.4,65.8,26.6,1,1
7/11/2019 21:50,8,1732.9,67.6,27.1,1,1
7/11/2019 22:00,7,1686.8,64.5,27,1,1
7/11/2019 22:10,1,1820.2,69,26.9,1,1
7/11/2019 22:20,-1,1781.7,68.9,26.9,1,1
7/11/2019 22:30,1,1751.5,65.8,26.8,1,1
7/11/2019 22:40,-3,1759.2,63.2,26.6,1,1
7/11/2019 22:50,-6,1787.2,61.6,26.6,1,1
7/11/2019 23:00,-5,2377.4,60.6,26.5,1,1
7/11/2019 23:10,-9,1949.7,60,26.4,1,1
7/11/2019 23:20,-7,1924.9,59.7,26.2,1,1
7/11/2019 23:30,-1,2229,60.5,26.2,1,1
7/11/2019 23:40,-9,1774.1,60.8,26.1,1,1
7/11/2019 23:50,-7,1700.4,60.8,26,1,1
7/12/2019,-10,1692.9,61.5,25.9,1,1
7/12/2019 0:10,-13,1798,62.3,25.9,1,1
7/12/2019 0:20,-11,1750.1,62.5,25.9,1,1
7/12/2019 0:30,-17,1767.9,62.4,26,1,1
7/12/2019 0:40,-16,1743.3,62.7,26,0,1
7/12/2019 0:50,-14,1791.9,62.6,26,0,1
7/12/2019 1:00,-18,2135.4,64.6,25.9,0,1
7/12/2019 1:10,-17,1687.6,70,26,0,1
7/12/2019 1:20,-13,1699.8,72.2,26,0,1
7/12/2019 1:30,-12,1783.8,72.2,25.9,0,1
7/12/2019 1:40,-19,2267.7,71.4,26,0,1
7/12/2019 1:50,-9,1779.9,70.9,26,0,1
7/12/2019 2:00,-13,1827.7,70.4,26,0,1
7/12/2019 2:10,-8,1778.6,69.8,25.9,0,1
7/12/2019 2:20,-16,1888.4,67.9,26,0,1
7/12/2019 2:30,-20,1910.6,68.8,25.9,0,1
7/12/2019 2:40,-15,1850.5,67.9,25.8,1,1
7/12/2019 2:50,-15,1806.8,64.6,25.8,1,1
7/12/2019 3:00,-17,1743.7,63.9,25.8,1,1
7/12/2019 3:10,-23,1744.4,63.6,25.8,1,1
7/12/2019 3:20,-18,1696.9,63.6,25.7,1,1
7/12/2019 3:30,-21,1698.5,63.6,25.7,1,1
7/12/2019 3:40,-21,1741.6,63.2,25.7,1,1
7/12/2019 3:50,-18,2155.3,63.3,25.7,1,1
7/12/2019 4:00,-16,1820.1,63.9,25.7,1,1
7/12/2019 4:10,-17,1865.1,70.1,25.7,1,1
7/12/2019 4:20,-15,1860.7,70.4,25.7,1,1
7/12/2019 4:30,-19,2255.3,69.7,25.7,1,1
7/12/2019 4:40,-4,1776.5,69.2,25.7,1,1
7/12/2019 4:50,-11,1763.9,68.8,25.6,1,1
7/12/2019 5:00,-5,1762.9,68.3,25.6,1,1
7/12/2019 5:10,3,1799.1,67.8,25.7,1,1
7/12/2019 5:20,9,1702.5,67.3,25.6,1,1
7/12/2019 5:30,12,1748.7,66.9,25.6,1,1
7/12/2019 5:40,14,1695.1,64.6,25.6,0,1
7/12/2019 5:50,12,1759.4,63.3,25.6,0,1
7/12/2019 6:00,22,2121.1,63,25.6,0,1
7/12/2019 6:10,22,1695.5,63.1,25.6,0,1
7/12/2019 6:20,28,1691.1,63.1,25.6,0,1
7/12/2019 6:30,19,1743.1,64.2,25.6,0,1
7/12/2019 6:40,25,1759.6,69.1,25.4,1,1
7/12/2019 6:50,36,1779.8,65.7,25.4,1,1
7/12/2019 7:00,37,1774.4,64.6,25.4,1,1
7/12/2019 7:10,36,1887.5,63.7,25.4,1,1
7/12/2019 7:20,57,1919.7,64.3,25.4,2,1
7/12/2019 7:30,42,2237.8,66.8,25.4,2,1
7/12/2019 7:40,51,1782.5,69.1,25.4,2,1
7/12/2019 7:50,95,1846.5,70.2,25.6,3,1
7/12/2019 8:00,120,1758.5,69.9,25.9,3,1
7/12/2019 8:10,176,2174.4,69.9,26.2,3,1
7/12/2019 8:20,218,1713.5,69.9,26.6,6,0
7/12/2019 8:30,268,2420.8,67.1,25.9,8,0
7/12/2019 8:40,211,2600.5,62.3,26,9,0
7/12/2019 8:50,180,3185.9,61.8,26.2,10,0
7/12/2019 9:00,194,2581.1,65.7,26.1,11,0
7/12/2019 9:10,194,2673.1,61.6,26.2,16,0
7/12/2019 9:20,418,2652.3,62.9,26.2,27,0
7/12/2019 9:30,626,3130.7,62.2,26.2,29,0
7/12/2019 9:40,755,2762.7,62.1,26.3,28,0
7/12/2019 9:50,856,2740.2,61.6,26.3,29,0
7/12/2019 10:00,938,2967.1,63.3,26.5,28,0
7/12/2019 10:10,1010,3512,63.4,26.8,33,0
7/12/2019 10:20,1083,2965.4,64.4,26.5,33,0
7/12/2019 10:30,1104,3065.1,64.2,26.3,35,0
7/12/2019 10:40,1095,3548.8,63.1,26.5,33,0
7/12/2019 10:50,660,2737.1,64.1,26.8,30,0
7/12/2019 11:00,536,2720.9,63.1,26.3,25,0
7/12/2019 11:10,568,2678.9,64.1,26.3,26,0
7/12/2019 11:20,592,3383.2,66,26.6,27,0
7/12/2019 11:30,612,2712.5,66.2,26.4,26,0
7/12/2019 11:40,640,3397.1,65.9,26.5,23,0
7/12/2019 11:50,667,2720,65.9,26.1,21,0
7/12/2019 12:00,700,3367.2,65.1,26.2,19,0
7/12/2019 12:10,678,2682.7,68.8,26,20,0
7/12/2019 12:20,649,2698.6,69.3,25.9,17,0
7/12/2019 12:30,637,2645.7,67.5,26,16,0
7/12/2019 12:40,457,3482.8,66.4,26,17,0
7/12/2019 12:50,478,2754.5,67.9,26.4,17,0
7/12/2019 13:00,554,2768.3,69.1,26.4,18,0
7/12/2019 13:10,600,3477.5,72.2,26.4,24,0
7/12/2019 13:20,702,2774.4,73.9,26.4,26,0
7/12/2019 13:30,587,2713.1,71.2,26.4,25,0
7/12/2019 13:40,579,2695,70.6,26.5,27,0
7/12/2019 13:50,582,3494.1,68.7,26.7,26,0
7/12/2019 14:00,553,2753.3,66.8,26.4,25,0
7/12/2019 14:10,397,2877.7,65.8,26.4,27,0
7/12/2019 14:20,379,2827.4,67.2,26.4,24,0
7/12/2019 14:30,359,3599.1,68.2,26.7,25,0
7/12/2019 14:40,333,2845.9,69.6,26.6,25,0
7/12/2019 14:50,318,2757,68.1,26.5,22,0
7/12/2019 15:00,304,2786.3,66.7,26.6,22,0
7/12/2019 15:10,313,3549.4,66.3,26.7,22,0
7/12/2019 15:20,311,2755.4,66.1,26.6,19,0
7/12/2019 15:30,301,2775.6,66.5,26.7,17,0
7/12/2019 15:40,320,2751.9,66.7,26.8,19,0
7/12/2019 15:50,308,3568.6,65.8,27,20,0
7/12/2019 16:00,315,2711.4,65,27.2,19,0
7/12/2019 16:10,317,2785.1,64.4,27.3,15,0
7/12/2019 16:20,312,3471,66.6,27.4,12,0
7/12/2019 16:30,306,2639.6,68.8,27.6,16,0
7/12/2019 16:40,293,2553.1,68.2,27.6,17,0
7/12/2019 16:50,281,2559.2,65,27.8,18,0
7/12/2019 17:00,273,3420.1,65.4,27.9,17,1
7/12/2019 17:10,267,2631.5,66.8,28,15,1
7/12/2019 17:20,253,2630.9,65.4,28.2,13,1
7/12/2019 17:30,239,2630.9,65.1,28.4,10,1
7/12/2019 17:40,231,3482.6,65.2,28.5,8,1
7/12/2019 17:50,249,2597.4,68.4,28.1,7,1
7/12/2019 18:00,259,2621.7,69.8,28.6,6,1
7/12/2019 18:10,255,3480.4,67.6,28.9,6,1
7/12/2019 18:20,247,2678.8,67,29.2,5,1
7/12/2019 18:30,251,2550.6,69.7,29.4,5,1
7/12/2019 18:40,228,1760.6,71.7,29.7,4,1
7/12/2019 18:50,224,2547.2,69.8,29.9,4,1
7/12/2019 19:00,208,1698.7,67.5,30.1,2,1
7/12/2019 19:10,198,1695.8,66.5,30.6,2,1
7/12/2019 19:20,193,2398,68,32.1,2,1
7/12/2019 19:30,190,1699.5,68,31.3,1,1
7/12/2019 19:40,178,1687,67.7,30.7,1,1
7/12/2019 19:50,182,1687.8,68.5,30.4,1,1
7/12/2019 20:00,182,2412.1,67.1,30.1,1,1
7/12/2019 20:10,173,1815.1,68.1,29.9,0,1
7/12/2019 20:20,179,1804.1,70.1,29,1,1
7/12/2019 20:30,161,1805.5,70.6,29.2,1,1
7/12/2019 20:40,157,1729.5,69.8,29.1,1,1
7/12/2019 20:50,143,1794.9,68,28.9,1,1
7/12/2019 21:00,137,1760.6,66.7,28.6,1,1
7/12/2019 21:10,137,2401.3,65.7,28.4,1,1
7/12/2019 21:20,132,1768.6,64.2,28.3,1,1
7/12/2019 21:30,126,1802.9,63.5,28.1,1,1
7/12/2019 21:40,122,1738.1,65.9,28,1,1
7/12/2019 21:50,122,2245.7,70.6,27.8,1,1
7/12/2019 22:00,119,1878.5,71.3,27.6,0,1
7/12/2019 22:10,115,1851.1,68.9,27.5,0,1
7/12/2019 22:20,110,2393.5,66.5,27.4,0,1
7/12/2019 22:30,103,1845.1,64.2,27.2,0,1
7/12/2019 22:40,107,1814.7,63.7,27,0,1
7/12/2019 22:50,103,1801.3,63.4,27,1,1
7/12/2019 23:00,102,2187.2,63.9,27,1,1
7/12/2019 23:10,90,1727.5,65.9,26.4,1,1
7/12/2019 23:20,96,1700.1,68.1,26.5,0,1
7/12/2019 23:30,93,1809.9,67.7,26.5,0,1
7/12/2019 23:40,86,1800.6,65.2,26.5,1,1
7/12/2019 23:50,83,1766.7,66.1,26.4,1,1
7/13/2019,74,1764.8,70.1,26.3,1,1
7/13/2019 0:10,72,2225.2,70.4,26.3,1,1
7/13/2019 0:20,77,1722.9,66.7,26.2,1,1
7/13/2019 0:30,75,1683,63.6,26.3,1,1
7/13/2019 0:40,69,1702.2,62.1,26.3,1,1
7/13/2019 0:50,65,1723.5,61.7,26.3,1,1
7/13/2019 1:00,62,1707.3,61.8,26.3,1,1
7/13/2019 1:10,60,1681.9,61.6,26.3,1,1
7/13/2019 1:20,51,1710.3,61.8,26.3,1,1
7/13/2019 1:30,53,1728.3,61.8,26.3,0,1
7/13/2019 1:40,47,1683.5,62,26.3,1,1
7/13/2019 1:50,43,1683.3,61.6,26.3,1,1
7/13/2019 2:00,47,1720.1,62.2,26.3,1,1
7/13/2019 2:10,43,1812.7,62.1,26.3,1,1
7/13/2019 2:20,37,2223.3,62,26.3,1,1
7/13/2019 2:30,32,1768.2,61.7,26.3,1,1
7/13/2019 2:40,27,1772.1,62,26.3,1,1
7/13/2019 2:50,29,1813.2,62,26.3,1,1
7/13/2019 3:00,30,2112.4,61.9,26.3,1,1
7/13/2019 3:10,29,1681.6,62.7,26.3,1,1
7/13/2019 3:20,22,1706.7,61.7,26.3,1,1
7/13/2019 3:30,17,1701.5,62.2,26.3,1,1
7/13/2019 3:40,25,2064.4,62.1,26.3,1,1
7/13/2019 3:50,29,1819.3,62,26.2,1,1
7/13/2019 4:00,23,1802.3,61.5,26.2,1,1
7/13/2019 4:10,22,1810.4,61.9,26.2,1,1
7/13/2019 4:20,25,2095.9,61.7,26.2,1,1
7/13/2019 4:30,23,1693.4,64.2,26.2,1,1
7/13/2019 4:40,23,1726,68.8,26.2,1,1
7/13/2019 4:50,27,1705.1,68.3,26.2,1,1
7/13/2019 5:00,28,2178.4,65,26.1,1,1
7/13/2019 5:10,31,1901.9,62.4,26,1,1
7/13/2019 5:20,25,1882.1,66.7,26,1,1
7/13/2019 5:30,28,1880,67.6,26,1,1
7/13/2019 5:40,31,2161.8,66.4,26,1,1
7/13/2019 5:50,31,1822.3,72.3,25.9,1,1
7/13/2019 6:00,31,1808.3,71.6,26,1,1
7/13/2019 6:10,32,1832.3,70.8,26,1,1
7/13/2019 6:20,33,1705.5,69.9,25.9,1,1
7/13/2019 6:30,33,1688.2,64.7,26,1,1
7/13/2019 6:40,38,1740.3,63.4,26,1,1
7/13/2019 6:50,39,1757.1,62.9,26,1,1
7/13/2019 7:00,37,1832.7,62.4,26,1,1
7/13/2019 7:10,41,1816.8,62.3,26,1,1
7/13/2019 7:20,43,1871.9,62.8,26,1,1
7/13/2019 7:30,45,2081.6,62.3,26.1,2,1
7/13/2019 7:40,51,1820.8,62.9,26.6,1,1
7/13/2019 7:50,47,1778.6,63.6,26,1,1
7/13/2019 8:00,52,1795.9,63.5,26.1,1,1
7/13/2019 8:10,48,2195,63.9,26.5,1,1
7/13/2019 8:20,46,1773,63.9,26.8,1,0
7/13/2019 8:30,48,1697.1,64.4,26.3,1,0
7/13/2019 8:40,56,1703.5,64.2,26.4,1,0
7/13/2019 8:50,52,2240.1,64.1,26.5,1,0
7/13/2019 9:00,52,1004.4,63.8,26.4,1,0
7/13/2019 9:10,57,549.2,62.2,26.5,1,0
7/13/2019 9:20,61,546.8,62.9,26.7,1,0
7/13/2019 9:30,67,1013.5,63.6,27.1,1,0
7/13/2019 9:40,67,569,63.9,27.2,1,0
7/13/2019 9:50,71,548.2,64.1,27.4,1,0
7/13/2019 10:00,71,565.1,64.5,27.4,1,0
7/13/2019 10:10,73,1065.2,64.7,27.5,1,0
7/13/2019 10:20,74,665.4,65,27.6,1,0
7/13/2019 10:30,74,634.1,65.2,27.6,1,0
7/13/2019 10:40,72,706,65.6,27.6,1,0
7/13/2019 10:50,81,1194.7,65.9,27.7,1,0
7/13/2019 11:00,78,620,66.1,27.7,1,0
7/13/2019 11:10,86,549.7,66.3,27.7,1,0
7/13/2019 11:20,90,1121.4,66.6,27.8,1,0
7/13/2019 11:30,84,560.8,67.1,27.8,1,0
7/13/2019 11:40,84,551.6,67.6,27.8,1,0
7/13/2019 11:50,86,579.7,67.5,27.9,1,0
7/13/2019 12:00,88,1221.2,67.7,27.9,1,0
7/13/2019 12:10,91,574.9,68.1,27.9,1,0
7/13/2019 12:20,261,563.5,68.4,28,1,0
7/13/2019 12:30,138,659.2,68.5,27.3,3,0
7/13/2019 12:40,154,1388.5,68.5,27.4,4,0
7/13/2019 12:50,165,653.9,68.5,27.4,5,0
7/13/2019 13:00,162,645.8,68.5,27.4,5,0
7/13/2019 13:10,173,729.6,68.5,27.4,4,0
7/13/2019 13:20,167,1559.2,68.5,27.4,5,0
7/13/2019 13:30,169,807.1,68.5,27.4,6,0
7/13/2019 13:40,165,949.8,68.5,27.4,5,0
7/13/2019 13:50,165,949.8,68.4,27.4,7,0
7/13/2019 14:00,156,1667.9,68.2,27.4,7,0
7/13/2019 14:10,136,650.3,68.2,27.4,7,0
7/13/2019 14:20,171,716.2,68,27.4,4,0
7/13/2019 14:30,166,1176.9,67.9,27.4,2,0
7/13/2019 14:40,144,1494.2,67.9,27.4,3,0
7/13/2019 14:50,162,682.8,67.7,27.5,3,0
7/13/2019 15:00,155,647,67.5,27.5,3,0
7/13/2019 15:10,143,1458.4,67.3,27.5,3,0
7/13/2019 15:20,146,644.1,67.1,27.5,3,0
7/13/2019 15:30,146,703.1,67,27.5,3,0
7/13/2019 15:40,136,639.6,66.9,27.5,3,0
7/13/2019 15:50,138,1562.4,69.6,27.5,3,0
7/13/2019 16:00,152,789.7,71.2,27.6,3,0
7/13/2019 16:10,154,719,69.1,27.6,3,0
7/13/2019 16:20,160,717.8,68.4,27.7,2,0
7/13/2019 16:30,165,1593.7,67.8,27.7,2,0
7/13/2019 16:40,148,719.1,66.9,27.7,2,0
7/13/2019 16:50,132,637.5,66.8,27.7,3,0
7/13/2019 17:00,132,1514.8,66.6,27.8,3,1
7/13/2019 17:10,136,647.9,66.4,27.8,2,1
7/13/2019 17:20,128,664.4,66.3,27.9,3,1
7/13/2019 17:30,113,645.9,66.2,28.2,3,1
7/13/2019 17:40,124,1499.3,66.2,28.5,4,1
7/13/2019 17:50,126,642.6,66.1,28.7,4,1
7/13/2019 18:00,132,672.6,66,28.8,4,1
7/13/2019 18:10,122,644.1,65.8,28.9,4,1
7/13/2019 18:20,122,1432.8,65.7,28.9,4,1
7/13/2019 18:30,122,638.1,65.6,28.9,4,1
7/13/2019 18:40,116,744.6,65.4,28.9,4,1
7/13/2019 18:50,141,1451.2,65.4,29,4,1
7/13/2019 19:00,131,756.6,65.3,29.2,4,1
7/13/2019 19:10,107,708.7,65.2,29.7,5,1
7/13/2019 19:20,124,713.1,65,31.7,4,1
7/13/2019 19:30,135,1433.8,66.3,30.6,4,1
7/13/2019 19:40,138,688,69.9,30,4,1
7/13/2019 19:50,146,632.3,67.1,29.9,4,1
7/13/2019 20:00,160,632.3,65.9,29.6,4,1
7/13/2019 20:10,106,1341.3,65.4,29.4,4,1
7/13/2019 20:20,85,635.9,65,29.2,2,1
7/13/2019 20:30,79,636.8,65,29.1,0,1
7/13/2019 20:40,79,1274.5,65,28.8,1,1
7/13/2019 20:50,76,641.7,65.1,28.7,1,1
7/13/2019 21:00,68,640.9,65.1,28.5,0,1
7/13/2019 21:10,68,654,65,28.3,2,1
7/13/2019 21:20,64,1358.6,65,28.2,3,1
7/13/2019 21:30,48,736,65,28.1,2,1
7/13/2019 21:40,47,718.2,67,28.1,1,1
7/13/2019 21:50,42,708.2,68,28.1,1,1
7/13/2019 22:00,42,1266.7,65.6,28,2,1
7/13/2019 22:10,43,835.7,65.1,28,2,1
7/13/2019 22:20,34,774.6,65.2,28,1,1
7/13/2019 22:30,41,1302.8,65.2,28,1,1
7/13/2019 22:40,37,652.3,65.3,28,1,1
7/13/2019 22:50,36,640.9,65.2,28,1,1
7/13/2019 23:00,35,635.2,65.1,27.9,1,1
7/13/2019 23:10,28,1143.5,65.1,27.9,1,1
7/13/2019 23:20,30,637.3,64.9,27.9,1,1
7/13/2019 23:30,25,657.9,64.9,27.8,1,1
7/13/2019 23:40,22,650.2,64.8,27.8,1,1
7/13/2019 23:50,24,1292.2,68.4,27.7,1,1
7/14/2019,20,811.8,65.8,27.7,2,1
7/14/2019 0:10,24,901.2,64.7,27.7,2,1
7/14/2019 0:20,26,1203.4,64.6,27.7,1,1
7/14/2019 0:30,25,728,64.6,27.7,1,1
7/14/2019 0:40,25,705.9,64.5,27.6,1,1
7/14/2019 0:50,18,718.8,64.4,27.6,2,1
7/14/2019 1:00,25,1182.6,64.3,27.5,1,1
7/14/2019 1:10,15,796.7,64.2,27.5,1,1
7/14/2019 1:20,16,814.7,64.1,27.5,0,1
7/14/2019 1:30,7,747.4,64,27.4,1,1
7/14/2019 1:40,5,1086.2,64,27.4,1,1
7/14/2019 1:50,4,655.6,63.9,27.3,1,1
7/14/2019 2:00,-1,632.2,63.8,27.3,1,1
7/14/2019 2:10,0,646.7,68,27.3,2,1
7/14/2019 2:20,3,1086.9,65,27.3,2,1
7/14/2019 2:30,4,701.9,63.8,27.2,2,1
7/14/2019 2:40,3,651.7,63.7,27.2,2,1
7/14/2019 2:50,-1,741,63.7,27.2,1,1
7/14/2019 3:00,-1,1165.4,63.6,27.1,0,1
7/14/2019 3:10,3,720.9,63.5,27.1,0,1
7/14/2019 3:20,0,704.8,63.4,27.1,0,1
7/14/2019 3:30,-1,760.6,63.3,27.1,0,1
7/14/2019 3:40,4,1178,63.2,27.1,0,1
7/14/2019 3:50,4,638.9,63.2,27,0,1
7/14/2019 4:00,0,637.3,63.1,27,0,1
7/14/2019 4:10,5,639.3,63,27,0,1
7/14/2019 4:20,-1,1064.3,63.1,27,0,1
7/14/2019 4:30,-1,629.7,63.1,27,0,1
7/14/2019 4:40,5,637.9,63,27,0,1
7/14/2019 4:50,5,634,62.7,27,0,1
7/14/2019 5:00,5,1609.8,67.5,26.9,0,1
7/14/2019 5:10,7,1705.6,65.8,26.8,0,1
7/14/2019 5:20,20,1703.6,63.5,26.7,0,1
7/14/2019 5:30,24,1713.5,62.8,26.6,0,1
7/14/2019 5:40,19,1865.4,61.9,26.5,0,1
7/14/2019 5:50,23,1820.8,63,26.4,0,1
7/14/2019 6:00,27,1799.3,61.8,26.3,0,1
7/14/2019 6:10,28,1783,61.7,26.3,0,1
7/14/2019 6:20,26,1820.7,60.8,26.3,0,1
7/14/2019 6:30,23,2115.1,61.6,26.2,0,1
7/14/2019 6:40,31,1733.1,67.5,26.2,0,1
7/14/2019 6:50,42,1699.9,66.9,26.2,0,1
7/14/2019 7:00,40,1722.2,62.6,26.1,0,1
7/14/2019 7:10,39,2141,59.6,26.2,0,1
7/14/2019 7:20,38,1711.9,58.4,26.2,0,1
7/14/2019 7:30,41,1699.1,58.1,26.2,0,1
7/14/2019 7:40,41,1686.9,57.7,26.2,0,1
7/14/2019 7:50,43,2181.3,61,26.2,0,1
7/14/2019 8:00,41,1828.1,60.3,26.1,0,1
7/14/2019 8:10,46,1883.3,57.2,26.2,0,1
7/14/2019 8:20,42,1938.4,58.8,26.3,0,0
7/14/2019 8:30,51,2397.8,59.9,26.9,0,0
7/14/2019 8:40,54,1941.8,58.7,26.5,0,0
7/14/2019 8:50,46,1983.1,61.6,26.4,1,0
7/14/2019 9:00,49,1586.8,58.2,26.5,1,0
7/14/2019 9:10,52,674.9,57.9,26.5,0,0
7/14/2019 9:20,51,677.7,57.8,26.6,0,0
7/14/2019 9:30,57,691.3,59,26.6,0,0
7/14/2019 9:40,56,1031.9,59.7,26.8,0,0
7/14/2019 9:50,54,670.7,60.4,26.9,0,0
7/14/2019 10:00,61,738.8,59.8,27.1,0,0
7/14/2019 10:10,67,1067.1,59.8,27.2,0,0
7/14/2019 10:20,61,564.5,60.2,27.3,0,0
7/14/2019 10:30,71,558,60.5,27.4,0,0
7/14/2019 10:40,104,782.2,61.6,27.4,0,0
7/14/2019 10:50,108,1350.5,62.6,27.5,2,0
7/14/2019 11:00,115,857.6,60.9,27.5,3,0
7/14/2019 11:10,124,843.5,60.9,27.5,3,0
7/14/2019 11:20,136,841.1,64.8,27.6,3,0
7/14/2019 11:30,149,1495.9,62.7,27.6,3,0
7/14/2019 11:40,174,833.3,62.5,27.7,3,0
7/14/2019 11:50,172,850.6,64.1,27.7,3,0
7/14/2019 12:00,181,763.8,64.3,27.8,2,0
7/14/2019 12:10,175,1446.5,64.5,27.8,2,0
7/14/2019 12:20,180,773.5,63.6,27.8,2,0
7/14/2019 12:30,178,769.4,63.2,27.8,3,0
7/14/2019 12:40,174,778,63.9,27.9,3,0
7/14/2019 12:50,157,1456.8,65.4,27.9,3,0
7/14/2019 13:00,160,752.7,65.6,27.9,2,0
7/14/2019 13:10,119,768.9,67.5,28,2,0
7/14/2019 13:20,95,1469,65.7,28,2,0
7/14/2019 13:30,87,776.1,64.2,28,1,0
7/14/2019 13:40,81,759.3,63.3,28,0,0
7/14/2019 13:50,71,873.9,63.4,28,1,0
7/14/2019 14:00,70,1623.7,63.2,28,1,0
7/14/2019 14:10,67,821.5,63.3,27.9,1,0
7/14/2019 14:20,60,822.6,63,27.9,1,0
7/14/2019 14:30,129,825.1,63.1,27.9,1,0
7/14/2019 14:40,140,1496.1,63.3,27.9,2,0
7/14/2019 14:50,157,781.2,63.5,27.8,2,0
7/14/2019 15:00,166,774.4,63.8,27.8,1,0
7/14/2019 15:10,171,773.5,63.4,27.8,2,0
7/14/2019 15:20,168,1567.1,63.4,27.7,2,0
7/14/2019 15:30,173,771.1,63.7,27.7,2,0
7/14/2019 15:40,180,773.5,64,27.7,2,0
7/14/2019 15:50,181,1532,63.3,27.6,3,0
7/14/2019 16:00,199,753.7,63.3,27.6,3,0
7/14/2019 16:10,185,768.7,63.2,27.6,2,0
7/14/2019 16:20,181,755.4,63.4,27.6,3,0
7/14/2019 16:30,166,1636,62.5,27.6,3,0
7/14/2019 16:40,168,834.2,63,27.7,3,0
7/14/2019 16:50,161,839,62.5,27.7,3,0
7/14/2019 17:00,159,867.1,62.6,27.7,3,1
7/14/2019 17:10,164,1614.9,62.6,27.7,3,1
7/14/2019 17:20,157,755.8,62.9,27.8,3,1
7/14/2019 17:30,156,801.7,62.8,27.9,3,1
7/14/2019 17:40,163,1585.5,63.7,28.2,2,1
7/14/2019 17:50,165,751.9,64,28.4,3,1
7/14/2019 18:00,151,776,64,28.5,3,1
7/14/2019 18:10,146,768,64.3,28.6,3,1
7/14/2019 18:20,152,1516.4,67,28.6,3,1
7/14/2019 18:30,146,759.4,68,28.6,3,1
7/14/2019 18:40,139,772.3,68.1,28.6,3,1
7/14/2019 18:50,135,1517.6,68.4,28.6,3,1
7/14/2019 19:00,141,754.8,68.3,28.7,3,1
7/14/2019 19:10,133,861.9,68.3,29.2,3,1
7/14/2019 19:20,155,855.2,68.2,30.8,4,1
7/14/2019 19:30,105,1568.2,68.9,30.1,4,1
7/14/2019 19:40,86,833.4,69.4,29.3,3,1
7/14/2019 19:50,80,843.5,67.7,29.2,1,1
7/14/2019 20:00,65,1405.3,66.7,28.9,1,1
7/14/2019 20:10,58,871.7,65.8,28.8,1,1
7/14/2019 20:20,55,870.7,65.1,28.6,1,1
7/14/2019 20:30,49,874.7,64.9,28.4,1,1
7/14/2019 20:40,44,1450.9,64.7,28.2,0,1
7/14/2019 20:50,39,775,64.4,28.1,0,1
7/14/2019 21:00,39,760.6,64.8,28,0,1
7/14/2019 21:10,36,1419.5,64.8,28,0,1
7/14/2019 21:20,27,782.9,64.5,28,1,1
7/14/2019 21:30,18,761.9,63.6,27.9,1,1
7/14/2019 21:40,20,745.5,63.5,27.9,1,1
7/14/2019 21:50,26,1309.8,62.9,27.9,1,1
7/14/2019 22:00,21,903.3,63.1,27.9,1,1
7/14/2019 22:10,17,836.7,62.9,27.9,1,1
7/14/2019 22:20,17,825.6,63.4,27.8,1,1
7/14/2019 22:30,19,1355.9,63.6,27.8,1,1
7/14/2019 22:40,15,844.4,63.5,27.8,1,1
7/14/2019 22:50,9,895.5,63.8,27.7,1,1
7/14/2019 23:00,8,754.2,63.5,27.7,1,1
7/14/2019 23:10,12,751.2,63.5,27.7,1,1
7/14/2019 23:20,10,754.4,63.6,27.6,1,1
7/14/2019 23:30,9,749.1,63,27.6,1,1
7/14/2019 23:40,9,1114.9,63.5,27.6,1,1
7/14/2019 23:50,9,745.7,63.3,27.6,1,1
7/15/2019,7,753.2,64.6,27.6,1,1
7/15/2019 0:10,0,763.8,65.7,27.6,1,1
7/15/2019 0:20,5,1275.4,67.4,27.6,2,1
7/15/2019 0:30,4,744.3,69.5,27.5,2,1
7/15/2019 0:40,5,745.2,71.1,27.5,2,1
7/15/2019 0:50,-1,842.5,71.6,27.5,2,1
7/15/2019 1:00,-1,1346.7,70.9,27.4,2,1
7/15/2019 1:10,-2,832.7,70.5,27.4,2,1
7/15/2019 1:20,-4,816.9,69.9,27.3,2,1
7/15/2019 1:30,-6,835.3,66.9,27.4,2,1
7/15/2019 1:40,-7,1233.8,64.6,27.4,2,1
7/15/2019 1:50,-14,758.1,63.4,27.3,2,1
7/15/2019 2:00,-7,742.4,63.5,27.3,2,1
7/15/2019 2:10,-9,769.1,63.7,27.3,2,1
7/15/2019 2:20,-15,1262.9,63.7,27.3,1,1
7/15/2019 2:30,-18,748.2,63.6,27.3,1,1
7/15/2019 2:40,-21,768.6,63.3,27.2,1,1
7/15/2019 2:50,-24,755,63,27.2,1,1
7/15/2019 3:00,-23,1192.5,63,27.2,1,1
7/15/2019 3:10,-32,768.3,62.8,27.2,1,1
7/15/2019 3:20,-31,755.6,62.3,27.1,1,1
7/15/2019 3:30,-27,747,62.6,27.1,1,1
7/15/2019 3:40,-19,1430.3,62.4,27.1,1,1
7/15/2019 3:50,-24,975,62.2,27.1,1,1
7/15/2019 4:00,-25,961.5,62,27,1,1
7/15/2019 4:10,-23,835.4,64.5,27,1,1
7/15/2019 4:20,-13,969.9,68.3,27,1,1
7/15/2019 4:30,-12,872.8,69.5,27,1,1
7/15/2019 4:40,-14,869.8,69.1,27,1,1
7/15/2019 4:50,-14,1185.6,68.6,27,1,1
7/15/2019 5:00,-5,1205.5,68.2,26.9,1,1
7/15/2019 5:10,-6,1717.9,67.7,26.5,1,1
7/15/2019 5:20,-12,1733.7,64.3,26.4,0,1
7/15/2019 5:30,-4,2152.6,63.8,26.3,0,1
7/15/2019 5:40,-3,1733.1,63,26.3,0,1
7/15/2019 5:50,1,1728.7,62.5,26.3,0,1
7/15/2019 6:00,2,1729.7,62.5,26.3,0,1
7/15/2019 6:10,4,2170.2,62.5,26.3,0,1
7/15/2019 6:20,9,1809.4,62.6,26.3,0,1
7/15/2019 6:30,12,1813.9,62.6,26.3,0,1
7/15/2019 6:40,18,1778.4,63,26.4,0,1
7/15/2019 6:50,18,2206.7,62.9,26.4,0,1
7/15/2019 7:00,34,1966.1,63,26.4,1,1
7/15/2019 7:10,49,1889.6,63.4,26.4,1,1
7/15/2019 7:20,64,1828.1,64.1,26.4,1,1
7/15/2019 7:30,65,1694.6,65.2,26.4,1,1
7/15/2019 7:40,83,1702.9,64.9,26.4,2,1
7/15/2019 7:50,116,1706,63.5,26.4,4,1
7/15/2019 8:00,134,2208.1,62.5,26.4,8,1
7/15/2019 8:10,152,1785,64.8,26.5,8,1
7/15/2019 8:20,179,1738.9,62.7,26.1,9,0
7/15/2019 8:30,215,2616.5,60,26.3,12,0
7/15/2019 8:40,242,3086.8,58.9,26.3,12,0
7/15/2019 8:50,258,2600.1,67.2,26.5,15,0
7/15/2019 9:00,242,2647,67.8,26.4,17,0
7/15/2019 9:10,223,2859.1,61.8,26.5,21,0
7/15/2019 9:20,269,3369.4,60.7,26.6,24,0
7/15/2019 9:30,310,2739.8,59.1,26.6,24,0
7/15/2019 9:40,362,2716.5,60.3,26.6,25,0
7/15/2019 9:50,396,2750.7,63.9,26.9,26,0
7/15/2019 10:00,424,3312.7,63.2,27.1,26,0
7/15/2019 10:10,453,2737,58.7,26.2,27,0
7/15/2019 10:20,507,2753.1,55.5,26.3,26,0
7/15/2019 10:30,605,3393.6,61.4,26.4,26,0
7/15/2019 10:40,676,2632.6,59.8,26.4,27,0
7/15/2019 10:50,733,2818.2,62.8,26.5,28,0
7/15/2019 11:00,781,2740.7,64.4,26.5,17,0
7/15/2019 11:10,828,3534.9,62.4,26.7,29,0
7/15/2019 11:20,898,2719.2,67.5,26,29,0
7/15/2019 11:30,802,2715.9,65.2,25.8,28,0
7/15/2019 11:40,776,2653,63.2,26.2,26,0
7/15/2019 11:50,854,3422.3,62.9,26.2,30,0
7/15/2019 12:00,926,2577.3,69.3,26.4,28,0
7/15/2019 12:10,802,2820.6,72.5,27.3,28,0
7/15/2019 12:20,650,3600.8,70.2,26.5,26,0
7/15/2019 12:30,625,2831,64.9,26.6,18,0
7/15/2019 12:40,584,2716.8,62.5,26.6,20,0
7/15/2019 12:50,553,2737.5,61,26.1,21,0
7/15/2019 13:00,513,3493,64.7,26.6,23,0
7/15/2019 13:10,483,3438.7,61.9,26.3,23,0
7/15/2019 13:20,453,2726.5,61,26.4,26,0
7/15/2019 13:30,426,2713.2,63.8,26.7,23,0
7/15/2019 13:40,402,3485.2,62.9,26.6,28,0
7/15/2019 13:50,376,2696.4,61.3,26.9,21,0
7/15/2019 14:00,372,2828.6,61.9,26.6,27,0
7/15/2019 14:10,375,3569.7,61.7,26.5,29,0
7/15/2019 14:20,398,2745.2,62.4,26.3,23,0
7/15/2019 14:30,407,2789.2,62.1,26.4,23,0
7/15/2019 14:40,415,2825.9,67.9,26.5,26,0
7/15/2019 14:50,413,3536.7,65.3,26.4,23,0
7/15/2019 15:00,408,2650.2,63.4,26.4,26,0
7/15/2019 15:10,400,2678.7,64.8,26.5,28,0
7/15/2019 15:20,416,3364.2,63,26.5,28,0
7/15/2019 15:30,384,3512.4,61.7,26.7,25,0
7/15/2019 15:40,367,2661.3,62.4,26.7,22,0
7/15/2019 15:50,380,2679.8,63.2,26.7,26,0
7/15/2019 16:00,411,3470.7,60.3,26.7,24,0
7/15/2019 16:10,388,2707.8,66.2,26.5,22,0
7/15/2019 16:20,350,2704.2,69.8,26.5,24,0
7/15/2019 16:30,350,2724.6,70,26.7,26,0
7/15/2019 16:40,348,3537.3,68.2,26.8,25,0
7/15/2019 16:50,319,2854.1,64.3,26,24,0
7/15/2019 17:00,321,2712.3,66.2,25.9,23,1
7/15/2019 17:10,313,3513.8,63.9,25.6,17,1
7/15/2019 17:20,310,2704.5,62.4,26.1,15,1
7/15/2019 17:30,300,2589.6,64.3,26.2,15,1
7/15/2019 17:40,295,2593.6,68.1,26.2,14,1
7/15/2019 17:50,293,3337.2,71.1,26.3,13,1
7/15/2019 18:00,294,1706.1,69.6,26.5,11,1
7/15/2019 18:10,287,1691.2,64,26.8,9,1
7/15/2019 18:20,292,2496.4,67.2,27.1,8,1
7/15/2019 18:30,271,1683.8,66.8,26.1,8,1
7/15/2019 18:40,263,1717.6,60.7,26.2,7,1
7/15/2019 18:50,252,1691.4,61.4,26.3,8,1
7/15/2019 19:00,253,2463.9,61.6,26.5,8,1
7/15/2019 19:10,239,1698.5,63.8,26.1,7,1
7/15/2019 19:20,239,1697.7,63.9,26.2,6,1
7/15/2019 19:30,224,2273.4,64.1,26.7,4,1
7/15/2019 19:40,219,1780.1,64.2,26.8,2,1
7/15/2019 19:50,208,1770.3,65.1,26.9,3,1
7/15/2019 20:00,208,1793.4,65.7,26.8,3,1
7/15/2019 20:10,202,2497.6,64.2,26.8,4,1
7/15/2019 20:20,196,1816.5,65.8,26.7,3,1
7/15/2019 20:30,190,1814.9,64.7,26.9,2,1
7/15/2019 20:40,188,2317.1,63.9,26.5,2,1
7/15/2019 20:50,186,1735.1,64.7,26.5,2,1
7/15/2019 21:00,174,1703.6,64.9,26.4,2,1
7/15/2019 21:10,172,1708.3,64.5,26.4,2,1
7/15/2019 21:20,169,2275.4,66.4,26.4,2,1
7/15/2019 21:30,160,1706.3,66.1,26.5,2,1
7/15/2019 21:40,157,1699.3,65.7,26.5,2,1
7/15/2019 21:50,157,1720.7,66.1,26.5,2,1
7/15/2019 22:00,153,2261.3,65.7,26.6,2,1
7/15/2019 22:10,148,1786.8,67.4,26.6,2,1
7/15/2019 22:20,135,1803.4,67.1,26.6,2,1
7/15/2019 22:30,133,2404.5,66.7,26.7,2,1
7/15/2019 22:40,127,1799.8,70.6,26.4,2,1
7/15/2019 22:50,121,1807.8,70.3,26.2,2,1
7/15/2019 23:00,121,1722.1,65.1,26.1,2,1
7/15/2019 23:10,120,2249.6,66.5,26.1,2,1
7/15/2019 23:20,111,1710.5,68.5,26.1,2,1
7/15/2019 23:30,110,1687.6,65.1,26.1,2,1
7/15/2019 23:40,106,1705.9,62.5,26.1,2,1
7/15/2019 23:50,98,2213.7,61.4,26.1,2,1
