timestamp,co2-val,truth-val
2019-07-02 07:20:00,3,0
2019-07-02 07:25:00,11,0
2019-07-02 07:30:00,12,0
2019-07-02 07:35:00,18,0
2019-07-02 07:50:00,8,0
2019-07-02 07:55:00,22,0
2019-07-02 08:00:00,128,0
2019-07-02 08:05:00,123,0
2019-07-02 08:10:00,39,0
2019-07-02 08:15:00,48,0
2019-07-02 08:20:00,73,0
2019-07-02 08:25:00,98,0
2019-07-02 08:30:00,108,0
2019-07-02 08:35:00,118,0
2019-07-02 08:40:00,152,0
2019-07-02 08:45:00,166,0
2019-07-02 08:50:00,186,0
2019-07-02 08:55:00,209,0
2019-07-02 09:00:00,229,0
2019-07-02 09:05:00,223,0
2019-07-02 09:10:00,211,0
2019-07-02 09:15:00,264,0
2019-07-02 09:20:00,299,0
2019-07-02 09:25:00,363,0
2019-07-02 09:30:00,387,0
2019-07-02 09:35:00,411,0
2019-07-02 09:40:00,439,0
2019-07-02 09:45:00,430,0
2019-07-02 09:50:00,493,0
2019-07-02 09:55:00,479,0
2019-07-02 10:00:00,500,0
2019-07-02 10:05:00,493,0
2019-07-02 10:10:00,516,0
2019-07-02 10:15:00,519,0
2019-07-02 10:20:00,517,0
2019-07-02 10:25:00,526,0
2019-07-02 10:30:00,527,0
2019-07-02 10:35:00,530,0
2019-07-02 10:40:00,418,0
2019-07-02 10:45:00,442,0
2019-07-02 10:50:00,483,0
2019-07-02 10:55:00,518,0
2019-07-02 11:00:00,574,0
2019-07-02 11:05:00,605,0
2019-07-02 11:10:00,589,0
2019-07-02 11:15:00,578,0
2019-07-02 11:20:00,568,0
2019-07-02 11:25:00,582,0
2019-07-02 11:30:00,555,0
2019-07-02 11:35:00,567,0
2019-07-02 11:40:00,586,0
2019-07-02 11:45:00,564,0
2019-07-02 11:50:00,433,0
2019-07-02 11:55:00,378,0
2019-07-02 12:00:00,370,0
2019-07-02 12:05:00,423,0
2019-07-02 12:10:00,472,0
2019-07-02 12:15:00,503,0
2019-07-02 12:20:00,546,0
2019-07-02 12:25:00,584,0
2019-07-02 12:30:00,619,0
2019-07-02 12:35:00,640,0
2019-07-02 12:40:00,659,0
2019-07-02 12:45:00,694,0
2019-07-02 12:50:00,717,0
2019-07-02 12:55:00,754,0
2019-07-02 13:00:00,778,0
2019-07-02 13:05:00,799,0
2019-07-02 13:10:00,732,0
2019-07-02 13:15:00,692,0
2019-07-02 13:20:00,665,0
2019-07-02 13:25:00,652,0
2019-07-02 13:30:00,636,0
2019-07-02 13:35:00,612,0
2019-07-02 13:40:00,580,0
2019-07-02 13:45:00,561,0
2019-07-02 13:50:00,545,0
2019-07-02 13:55:00,519,0
2019-07-02 14:00:00,511,0
2019-07-02 14:05:00,492,0
2019-07-02 14:10:00,478,0
2019-07-02 14:15:00,464,0
2019-07-02 14:20:00,459,0
2019-07-02 14:25:00,452,0
2019-07-02 14:30:00,439,0
2019-07-02 14:35:00,434,0
2019-07-02 14:40:00,420,0
2019-07-02 14:45:00,424,0
2019-07-02 14:50:00,446,0
2019-07-02 14:55:00,508,0
2019-07-02 15:00:00,561,0
2019-07-02 15:05:00,585,0
2019-07-02 15:10:00,583,0
2019-07-02 15:15:00,562,0
2019-07-02 15:20:00,551,0
2019-07-02 15:25:00,529,0
2019-07-02 15:30:00,514,0
2019-07-02 15:35:00,501,0
2019-07-02 15:40:00,474,0
2019-07-02 15:45:00,460,0
2019-07-02 15:50:00,460,0
2019-07-02 15:55:00,444,0
2019-07-02 16:00:00,424,0
2019-07-02 16:05:00,413,0
2019-07-02 16:10:00,411,0
2019-07-02 16:15:00,405,0
2019-07-02 16:20:00,390,0
2019-07-02 16:25:00,386,0
2019-07-02 16:30:00,378,0
2019-07-02 16:35:00,382,0
2019-07-02 16:40:00,393,0
2019-07-02 16:45:00,384,0
2019-07-02 16:50:00,397,0
2019-07-02 16:55:00,410,0
2019-07-02 17:00:00,390,0
2019-07-02 17:05:00,385,0
2019-07-02 17:10:00,372,0
2019-07-02 17:15:00,360,0
2019-07-02 17:20:00,293,0
2019-07-02 17:25:00,283,0
2019-07-02 17:30:00,282,0
2019-07-02 17:35:00,269,0
2019-07-02 17:40:00,257,0
2019-07-02 17:45:00,265,0
2019-07-02 17:50:00,253,0
2019-07-02 17:55:00,247,0
2019-07-02 18:00:00,242,0
2019-07-02 18:05:00,236,0
2019-07-02 18:10:00,210,0
2019-07-02 18:15:00,206,0
2019-07-02 18:20:00,202,0
2019-07-02 18:25:00,193,0
2019-07-02 18:30:00,200,0
2019-07-02 18:35:00,207,0
2019-07-02 18:40:00,210,0
2019-07-02 18:45:00,194,0
2019-07-02 18:50:00,201,0
2019-07-02 18:55:00,188,0
2019-07-02 19:00:00,196,0
2019-07-02 19:05:00,183,0
2019-07-02 19:10:00,185,0
2019-07-02 22:00:00,106,0
2019-07-02 22:05:00,112,0
2019-07-02 22:10:00,105,0
2019-07-02 22:15:00,99,0
2019-07-02 22:20:00,106,0
2019-07-02 22:25:00,119,0
2019-07-02 22:30:00,109,0
2019-07-02 22:35:00,107,0
2019-07-02 22:40:00,106,0
2019-07-02 22:45:00,101,0
2019-07-02 22:50:00,103,0
2019-07-02 22:55:00,97,0
2019-07-02 23:00:00,96,0
2019-07-02 23:05:00,95,0
2019-07-02 23:10:00,97,0
2019-07-02 23:15:00,102,0
2019-07-02 23:20:00,159,0
2019-07-02 23:25:00,134,0
2019-07-02 23:30:00,99,0
2019-07-02 23:35:00,90,0
2019-07-02 23:40:00,84,0
2019-07-02 23:45:00,87,0
2019-07-02 23:50:00,84,0
2019-07-03 06:45:00,0,0
2019-07-03 06:50:00,23,0
2019-07-03 06:55:00,36,0
2019-07-03 07:00:00,54,0
2019-07-03 07:05:00,75,0
2019-07-03 07:10:00,88,0
2019-07-03 07:15:00,95,0
2019-07-03 07:20:00,106,0
2019-07-03 07:25:00,121,0
2019-07-03 07:30:00,121,0
2019-07-03 07:35:00,125,0
2019-07-03 07:40:00,140,0
2019-07-03 07:45:00,146,0
2019-07-03 07:50:00,68,0
2019-07-03 07:55:00,105,0
2019-07-03 08:00:00,122,0
2019-07-03 08:05:00,139,0
2019-07-03 08:10:00,126,0
2019-07-03 08:15:00,74,0
2019-07-03 08:20:00,86,0
2019-07-03 08:25:00,116,0
2019-07-03 08:30:00,139,0
2019-07-03 08:35:00,149,0
2019-07-03 08:40:00,159,0
2019-07-03 08:45:00,160,0
2019-07-03 08:50:00,159,0
2019-07-03 08:55:00,180,0
2019-07-03 09:00:00,196,0
2019-07-03 09:05:00,207,0
2019-07-03 09:10:00,211,0
2019-07-03 09:15:00,219,0
2019-07-03 09:20:00,223,0
2019-07-03 09:25:00,199,0
2019-07-03 09:30:00,231,0
2019-07-03 09:35:00,278,0
2019-07-03 09:40:00,327,0
2019-07-03 09:45:00,376,0
2019-07-03 09:50:00,416,0
2019-07-03 09:55:00,381,0
2019-07-03 10:00:00,285,0
2019-07-03 10:05:00,283,0
2019-07-03 10:10:00,232,0
2019-07-03 10:15:00,279,0
2019-07-03 10:20:00,293,0
2019-07-03 10:25:00,386,0
2019-07-03 10:30:00,420,0
2019-07-03 10:35:00,483,0
2019-07-03 10:40:00,411,0
2019-07-03 10:45:00,373,0
2019-07-03 10:50:00,403,0
2019-07-03 10:55:00,437,0
2019-07-03 11:00:00,451,0
2019-07-03 11:05:00,447,0
2019-07-03 11:10:00,438,0
2019-07-03 11:15:00,436,0
2019-07-03 11:20:00,433,0
2019-07-03 11:25:00,425,0
2019-07-03 11:30:00,452,0
2019-07-03 11:35:00,432,0
2019-07-03 11:40:00,420,0
2019-07-03 11:45:00,433,0
2019-07-03 11:50:00,499,0
2019-07-03 11:55:00,541,0
2019-07-03 12:00:00,469,0
2019-07-03 12:05:00,493,0
2019-07-03 12:10:00,528,0
2019-07-03 12:15:00,549,0
2019-07-03 12:20:00,580,0
2019-07-03 12:25:00,612,0
2019-07-03 12:30:00,619,0
2019-07-03 12:35:00,645,0
2019-07-03 12:40:00,672,0
2019-07-03 12:45:00,654,0
2019-07-03 12:50:00,494,0
2019-07-03 12:55:00,375,0
2019-07-03 13:00:00,344,0
2019-07-03 13:05:00,314,0
2019-07-03 13:10:00,365,0
2019-07-03 13:15:00,422,0
2019-07-03 13:20:00,412,0
2019-07-03 13:25:00,431,0
2019-07-03 13:30:00,397,0
2019-07-03 13:35:00,432,0
2019-07-03 13:40:00,472,0
2019-07-03 13:45:00,548,0
2019-07-03 13:50:00,568,0
2019-07-03 13:55:00,607,0
2019-07-03 14:00:00,561,0
2019-07-03 14:05:00,453,0
2019-07-03 14:10:00,402,0
2019-07-03 14:15:00,408,0
2019-07-03 14:20:00,403,0
2019-07-03 14:25:00,412,0
2019-07-03 14:30:00,400,0
2019-07-03 14:35:00,413,0
2019-07-03 14:40:00,429,0
2019-07-03 14:45:00,410,0
2019-07-03 14:50:00,422,0
2019-07-03 14:55:00,414,0
2019-07-03 15:00:00,396,0
2019-07-03 15:05:00,313,0
2019-07-03 15:10:00,293,0
2019-07-03 15:15:00,283,0
2019-07-03 15:20:00,283,0
2019-07-03 15:25:00,290,0
2019-07-03 15:30:00,283,0
2019-07-03 15:35:00,285,0
2019-07-03 15:40:00,273,0
2019-07-03 15:45:00,264,0
2019-07-03 15:50:00,253,0
2019-07-03 15:55:00,252,0
2019-07-03 16:00:00,255,0
2019-07-03 16:05:00,263,0
2019-07-03 16:10:00,271,0
2019-07-03 16:15:00,261,0
2019-07-03 16:20:00,259,0
2019-07-03 16:25:00,274,0
2019-07-03 16:30:00,280,0
2019-07-03 16:35:00,283,0
2019-07-03 16:40:00,279,0
2019-07-03 16:45:00,251,0
2019-07-03 16:50:00,244,0
2019-07-03 16:55:00,237,0
2019-07-03 17:00:00,254,0
2019-07-03 17:05:00,243,0
2019-07-03 17:10:00,249,0
2019-07-03 17:15:00,248,0
2019-07-03 17:20:00,249,0
2019-07-03 17:25:00,252,0
2019-07-03 17:30:00,242,0
2019-07-03 17:35:00,220,0
2019-07-03 17:40:00,218,0
2019-07-03 17:45:00,277,0
2019-07-03 17:50:00,230,0
2019-07-03 17:55:00,232,0
2019-07-03 18:00:00,239,0
2019-07-03 18:05:00,244,0
2019-07-03 18:10:00,246,0
2019-07-03 18:15:00,243,0
2019-07-03 18:20:00,271,0
2019-07-03 18:25:00,262,0
2019-07-03 18:30:00,231,0
2019-07-03 18:35:00,224,0
2019-07-03 18:40:00,221,0
2019-07-03 18:45:00,218,0
2019-07-03 18:50:00,213,0
2019-07-03 18:55:00,210,0
2019-07-03 19:00:00,207,0
2019-07-03 19:05:00,204,0
2019-07-03 19:10:00,208,0
2019-07-03 19:15:00,201,0
2019-07-03 19:20:00,199,0
2019-07-03 19:25:00,202,0
2019-07-03 19:30:00,200,0
2019-07-05 00:40:00,-6,0
2019-07-05 00:45:00,-4,0
2019-07-05 00:50:00,-4,0
2019-07-05 00:55:00,-3,0
2019-07-05 01:00:00,-5,0
2019-07-05 01:05:00,-2,0
2019-07-05 01:10:00,-3,0
2019-07-05 01:15:00,1,0
2019-07-05 01:20:00,-4,0
2019-07-05 01:25:00,-2,0
2019-07-05 01:30:00,-7,0
2019-07-05 01:35:00,-1,0
2019-07-05 01:40:00,-4,0
2019-07-05 01:45:00,-2,0
2019-07-05 01:50:00,-9,0
2019-07-05 01:55:00,-9,0
2019-07-05 02:00:00,-7,0
2019-07-05 02:05:00,-9,0
2019-07-05 02:10:00,-9,0
2019-07-05 02:15:00,-10,0
2019-07-05 02:20:00,-9,0
2019-07-05 02:25:00,-11,0
2019-07-05 02:30:00,-14,0
2019-07-05 02:35:00,-13,0
2019-07-05 02:40:00,-12,0
2019-07-05 02:45:00,-18,0
2019-07-05 02:50:00,-12,0
2019-07-05 02:55:00,-14,0
2019-07-05 03:00:00,-20,0
2019-07-05 03:05:00,-19,0
2019-07-05 03:10:00,-20,0
2019-07-05 03:15:00,-15,0
2019-07-05 03:20:00,-14,0
2019-07-05 03:25:00,-12,0
2019-07-05 03:30:00,-4,0
2019-07-05 03:35:00,-4,0
2019-07-05 03:40:00,-5,0
2019-07-05 03:45:00,-9,0
2019-07-05 03:50:00,-9,0
2019-07-05 03:55:00,-6,0
2019-07-05 04:00:00,-7,0
2019-07-05 04:05:00,-9,0
2019-07-05 04:10:00,-15,0
2019-07-05 04:15:00,-19,0
2019-07-05 04:20:00,-22,0
2019-07-05 04:25:00,-24,0
2019-07-05 04:30:00,-25,0
2019-07-05 04:35:00,-26,0
2019-07-05 04:40:00,-25,0
2019-07-05 04:45:00,-18,0
2019-07-05 04:50:00,-22,0
2019-07-05 04:55:00,-18,0
2019-07-05 05:00:00,-22,0
2019-07-05 05:05:00,-22,0
2019-07-05 05:10:00,-23,0
2019-07-05 05:15:00,-23,0
2019-07-05 05:20:00,-22,0
2019-07-05 05:25:00,-23,0
2019-07-05 05:30:00,-13,0
2019-07-05 05:35:00,-24,0
2019-07-05 05:40:00,-25,0
2019-07-05 05:45:00,-23,0
2019-07-05 05:50:00,-22,0
2019-07-05 05:55:00,-28,0
2019-07-05 06:00:00,-28,0
2019-07-05 06:05:00,-27,0
2019-07-05 06:10:00,-26,0
2019-07-05 06:15:00,-26,0
2019-07-05 06:20:00,-22,0
2019-07-05 06:25:00,-17,0
2019-07-05 06:30:00,-13,0
2019-07-05 06:35:00,-15,0
2019-07-05 06:40:00,-11,0
2019-07-05 06:45:00,-12,0
2019-07-05 06:50:00,-10,0
2019-07-05 06:55:00,-9,0
2019-07-05 07:00:00,-12,0
2019-07-05 07:05:00,-10,0
2019-07-05 07:10:00,-5,0
2019-07-05 07:15:00,-12,0
2019-07-05 07:20:00,-11,0
2019-07-05 07:25:00,-15,0
2019-07-05 07:30:00,-15,0
2019-07-05 07:35:00,-14,0
2019-07-05 07:40:00,-15,0
2019-07-05 07:45:00,-15,0
2019-07-05 07:50:00,-14,0
2019-07-05 07:55:00,13,0
2019-07-05 08:00:00,43,0
2019-07-05 08:05:00,32,0
2019-07-05 08:10:00,9,0
2019-07-05 08:15:00,8,0
2019-07-05 08:20:00,68,0
2019-07-05 08:25:00,43,0
2019-07-05 08:30:00,77,0
2019-07-05 08:35:00,103,0
2019-07-05 08:40:00,123,0
2019-07-05 08:45:00,128,0
2019-07-05 08:50:00,132,0
2019-07-05 08:55:00,123,0
2019-07-05 09:00:00,120,0
2019-07-05 09:05:00,136,0
2019-07-05 09:10:00,147,0
2019-07-05 09:15:00,166,0
2019-07-05 09:20:00,186,0
2019-07-05 09:25:00,191,0
2019-07-05 09:30:00,194,0
2019-07-05 09:35:00,198,0
2019-07-05 09:40:00,193,0
2019-07-05 09:45:00,191,0
2019-07-05 09:50:00,201,0
2019-07-05 09:55:00,202,0
2019-07-05 10:00:00,185,0
2019-07-05 10:05:00,185,0
2019-07-05 10:10:00,189,0
2019-07-05 10:15:00,202,0
2019-07-05 10:20:00,230,0
2019-07-05 10:25:00,245,0
2019-07-05 10:30:00,229,0
2019-07-05 10:35:00,234,0
2019-07-05 10:40:00,234,0
2019-07-05 10:45:00,228,0
2019-07-05 10:50:00,225,0
2019-07-05 10:55:00,229,0
2019-07-05 11:00:00,241,0
2019-07-05 11:05:00,239,0
2019-07-05 11:10:00,251,0
2019-07-05 11:15:00,254,0
2019-07-05 11:20:00,252,0
2019-07-05 11:25:00,256,0
2019-07-05 11:30:00,231,0
2019-07-05 11:35:00,263,0
2019-07-05 11:40:00,270,0
2019-07-05 11:45:00,261,0
2019-07-05 11:50:00,256,0
2019-07-05 11:55:00,247,0
2019-07-05 12:00:00,240,0
2019-07-05 12:05:00,234,0
2019-07-05 12:10:00,226,0
2019-07-05 12:15:00,220,0
2019-07-05 12:20:00,212,0
2019-07-05 12:25:00,220,0
2019-07-05 12:30:00,222,0
2019-07-05 12:35:00,227,0
2019-07-05 12:40:00,233,0
2019-07-05 12:45:00,230,0
2019-07-05 12:50:00,232,0
2019-07-05 12:55:00,234,0
2019-07-05 13:00:00,234,0
2019-07-05 13:05:00,228,0
2019-07-05 13:10:00,221,0
2019-07-05 13:15:00,215,0
2019-07-05 13:20:00,212,0
2019-07-05 13:25:00,209,0
2019-07-05 13:30:00,220,0
2019-07-05 13:35:00,188,0
2019-07-05 13:40:00,190,0
2019-07-05 13:45:00,199,0
2019-07-05 13:50:00,207,0
2019-07-05 13:55:00,212,0
2019-07-05 14:00:00,220,0
2019-07-05 14:05:00,223,0
2019-07-05 14:10:00,229,0
2019-07-05 14:15:00,229,0
2019-07-05 14:20:00,225,0
2019-07-05 14:25:00,230,0
2019-07-05 14:30:00,234,0
2019-07-05 14:35:00,235,0
2019-07-05 14:40:00,238,0
2019-07-05 14:45:00,239,0
2019-07-05 14:50:00,236,0
2019-07-05 14:55:00,223,0
2019-07-05 15:00:00,233,0
2019-07-05 15:05:00,236,0
2019-07-05 15:10:00,242,0
2019-07-05 15:15:00,241,0
2019-07-05 15:20:00,232,0
2019-07-05 15:25:00,239,0
2019-07-05 15:30:00,220,0
2019-07-05 15:35:00,195,0
2019-07-05 15:40:00,198,0
2019-07-05 15:45:00,189,0
2019-07-05 15:50:00,188,0
2019-07-05 15:55:00,190,0
2019-07-05 16:00:00,179,0
2019-07-05 16:05:00,170,0
2019-07-05 16:10:00,161,0
2019-07-05 16:15:00,148,0
2019-07-05 16:20:00,153,0
2019-07-05 16:25:00,147,0
2019-07-05 16:30:00,140,0
2019-07-05 16:35:00,142,0
2019-07-05 16:40:00,142,0
2019-07-05 16:45:00,125,0
2019-07-05 16:50:00,127,0
2019-07-05 16:55:00,126,0
2019-07-05 17:00:00,131,0
2019-07-05 17:05:00,134,0
2019-07-05 17:10:00,134,0
2019-07-05 17:15:00,132,0
2019-07-05 17:20:00,135,0
2019-07-05 21:50:00,26,0
2019-07-05 21:55:00,32,0
2019-07-05 22:00:00,32,0
2019-07-05 22:05:00,25,0
2019-07-05 22:10:00,47,0
2019-07-05 22:15:00,34,0
2019-07-05 22:20:00,34,0
2019-07-05 22:25:00,42,0
2019-07-05 22:30:00,36,0
2019-07-05 22:35:00,34,0
2019-07-05 22:40:00,32,0
2019-07-05 22:45:00,28,0
2019-07-05 22:50:00,28,0
2019-07-05 22:55:00,28,0
2019-07-05 23:00:00,54,0
2019-07-05 23:05:00,43,0
2019-07-05 23:10:00,43,0
2019-07-06 08:15:00,-10,0
2019-07-06 08:20:00,42,0
2019-07-06 08:25:00,53,0
2019-07-06 08:30:00,57,0
2019-07-06 08:35:00,62,0
2019-07-06 08:40:00,56,0
2019-07-06 08:45:00,65,0
2019-07-06 08:50:00,77,0
2019-07-06 08:55:00,82,0
2019-07-06 09:00:00,96,0
2019-07-06 09:05:00,130,0
2019-07-06 09:10:00,167,0
2019-07-06 09:15:00,234,0
2019-07-06 09:20:00,305,0
2019-07-06 09:25:00,335,0
2019-07-06 09:30:00,383,0
2019-07-06 09:35:00,414,0
2019-07-06 09:40:00,468,0
2019-07-06 09:45:00,524,0
2019-07-06 09:50:00,543,0
2019-07-06 09:55:00,571,0
2019-07-06 10:00:00,597,0
2019-07-06 10:05:00,621,0
2019-07-06 10:10:00,639,0
2019-07-06 10:15:00,656,0
2019-07-06 10:20:00,653,0
2019-07-06 10:25:00,647,0
2019-07-06 10:30:00,664,0
2019-07-06 10:35:00,673,0
2019-07-06 10:40:00,686,0
2019-07-06 10:45:00,686,0
2019-07-06 10:50:00,698,0
2019-07-06 10:55:00,715,0
2019-07-06 11:00:00,723,0
2019-07-06 11:05:00,737,0
2019-07-06 11:10:00,746,0
2019-07-06 11:15:00,745,0
2019-07-06 11:20:00,749,0
2019-07-06 11:25:00,764,0
2019-07-06 11:30:00,774,0
2019-07-06 11:35:00,778,0
2019-07-06 11:40:00,782,0
2019-07-06 11:45:00,796,0
2019-07-06 11:50:00,794,0
2019-07-06 11:55:00,791,0
2019-07-06 12:00:00,765,0
2019-07-06 12:05:00,744,0
2019-07-06 12:10:00,736,0
2019-07-06 12:15:00,716,0
2019-07-06 12:20:00,714,0
2019-07-06 12:25:00,703,0
2019-07-06 12:30:00,698,0
2019-07-06 12:35:00,690,0
2019-07-06 12:40:00,683,0
2019-07-06 12:45:00,668,0
2019-07-06 12:50:00,671,0
2019-07-06 12:55:00,673,0
2019-07-06 13:00:00,676,0
2019-07-06 13:05:00,680,0
2019-07-06 13:10:00,674,0
2019-07-06 13:15:00,665,0
2019-07-06 13:20:00,662,0
2019-07-06 13:25:00,664,0
2019-07-06 13:30:00,656,0
2019-07-06 13:35:00,659,0
2019-07-06 13:40:00,652,0
2019-07-06 13:45:00,649,0
2019-07-06 13:50:00,646,0
2019-07-06 13:55:00,645,0
2019-07-06 14:00:00,642,0
2019-07-06 14:05:00,643,0
2019-07-06 14:10:00,635,0
2019-07-06 14:15:00,637,0
2019-07-06 14:20:00,637,0
2019-07-06 14:25:00,631,0
2019-07-06 14:30:00,633,0
2019-07-06 14:35:00,627,0
2019-07-06 14:40:00,616,0
2019-07-06 14:45:00,617,0
2019-07-06 14:50:00,611,0
2019-07-06 14:55:00,603,0
2019-07-06 15:00:00,609,0
2019-07-06 15:05:00,632,0
2019-07-06 15:10:00,664,0
2019-07-06 15:15:00,680,0
2019-07-06 15:20:00,701,0
2019-07-06 15:25:00,717,0
2019-07-06 15:30:00,736,0
2019-07-06 15:35:00,758,0
2019-07-06 15:40:00,773,0
2019-07-06 15:45:00,799,0
2019-07-06 15:50:00,805,0
2019-07-06 15:55:00,822,0
2019-07-06 16:00:00,821,0
2019-07-06 16:05:00,822,0
2019-07-06 16:10:00,819,0
2019-07-06 16:15:00,846,0
2019-07-06 16:20:00,851,0
2019-07-06 16:25:00,865,0
2019-07-06 16:30:00,870,0
2019-07-06 16:35:00,433,0
2019-07-06 16:40:00,287,0
2019-07-06 16:45:00,225,0
2019-07-06 16:50:00,178,0
2019-07-06 16:55:00,173,0
2019-07-06 17:00:00,155,0
2019-07-06 17:05:00,137,0
2019-07-06 17:10:00,126,0
2019-07-06 17:15:00,126,0
2019-07-06 17:20:00,120,0
2019-07-06 17:25:00,116,0
2019-07-06 17:30:00,109,0
2019-07-06 17:35:00,113,0
2019-07-07 10:10:00,56,0
2019-07-07 10:15:00,128,0
2019-07-07 10:20:00,157,0
2019-07-07 10:25:00,189,0
2019-07-07 10:30:00,215,0
2019-07-07 10:35:00,279,0
2019-07-07 10:40:00,331,0
2019-07-07 10:45:00,326,0
2019-07-07 10:50:00,400,0
2019-07-07 10:55:00,446,0
2019-07-07 11:00:00,498,0
2019-07-07 11:05:00,531,0
2019-07-07 11:10:00,557,0
2019-07-07 11:15:00,573,0
2019-07-07 11:20:00,581,0
2019-07-07 11:25:00,589,0
2019-07-07 11:30:00,587,0
2019-07-07 11:35:00,590,0
2019-07-07 11:40:00,616,0
2019-07-07 11:45:00,664,0
2019-07-07 11:50:00,696,0
2019-07-07 11:55:00,727,0
2019-07-07 12:00:00,748,0
2019-07-07 12:05:00,766,0
2019-07-07 12:10:00,798,0
2019-07-07 12:15:00,822,0
2019-07-07 12:20:00,834,0
2019-07-07 12:25:00,834,0
2019-07-07 12:30:00,856,0
2019-07-07 12:35:00,871,0
2019-07-07 12:40:00,885,0
2019-07-07 12:45:00,899,0
2019-07-07 12:50:00,913,0
2019-07-07 12:55:00,929,0
2019-07-07 13:00:00,945,0
2019-07-07 13:05:00,960,0
2019-07-07 13:10:00,976,0
2019-07-07 13:15:00,993,0
2019-07-07 13:20:00,998,0
2019-07-07 13:25:00,1001,0
2019-07-07 13:30:00,1024,0
2019-07-07 13:35:00,1038,0
2019-07-07 13:40:00,1043,0
2019-07-07 13:45:00,1044,0
2019-07-07 13:50:00,1056,0
2019-07-07 13:55:00,1066,0
2019-07-07 14:00:00,1054,0
2019-07-07 14:05:00,1015,0
2019-07-07 14:10:00,997,0
2019-07-07 14:35:00,827,0
2019-07-07 14:40:00,857,0
2019-07-07 14:45:00,879,0
2019-07-07 14:50:00,915,0
2019-07-07 14:55:00,924,0
2019-07-07 15:00:00,576,0
2019-07-07 15:05:00,395,0
2019-07-07 15:10:00,319,0
2019-07-07 15:15:00,265,0
2019-07-07 15:20:00,220,0
2019-07-07 15:25:00,200,0
2019-07-07 15:30:00,187,0
2019-07-07 15:35:00,178,0
2019-07-07 15:40:00,179,0
2019-07-07 15:45:00,169,0
2019-07-07 15:50:00,166,0
2019-07-07 15:55:00,141,0
2019-07-07 16:00:00,146,0
2019-07-07 16:05:00,147,0
2019-07-07 16:10:00,139,0
2019-07-07 16:15:00,139,0
2019-07-07 16:20:00,138,0
2019-07-07 16:25:00,132,0
2019-07-07 16:30:00,129,0
2019-07-07 16:35:00,127,0
2019-07-07 16:40:00,129,0
2019-07-07 16:45:00,129,0
2019-07-07 16:50:00,113,0
2019-07-07 16:55:00,109,0
2019-07-07 17:00:00,97,0
2019-07-07 17:05:00,91,0
2019-07-07 17:10:00,94,0
2019-07-07 17:15:00,83,0
2019-07-07 17:20:00,84,0
2019-07-07 17:25:00,82,0
2019-07-07 17:30:00,82,0
2019-07-07 17:35:00,87,0
2019-07-07 17:40:00,105,0
2019-07-07 17:45:00,113,0
2019-07-07 17:50:00,123,0
2019-07-07 17:55:00,117,0
2019-07-07 18:00:00,115,0
2019-07-07 18:05:00,115,0
2019-07-07 18:10:00,109,0
2019-07-07 18:15:00,103,0
2019-07-07 18:20:00,84,0
2019-07-08 07:15:00,-3,0
2019-07-08 07:20:00,9,0
2019-07-08 07:25:00,23,0
2019-07-08 07:30:00,14,0
2019-07-08 07:35:00,15,0
2019-07-08 07:40:00,13,0
2019-07-08 07:45:00,16,0
2019-07-08 07:50:00,22,0
2019-07-08 07:55:00,31,0
2019-07-08 08:00:00,28,0
2019-07-08 08:05:00,23,0
2019-07-08 08:10:00,20,0
2019-07-08 08:15:00,42,0
2019-07-08 08:20:00,72,0
2019-07-08 08:25:00,78,0
2019-07-08 08:30:00,113,0
2019-07-08 08:35:00,181,0
2019-07-08 08:40:00,243,0
2019-07-08 08:45:00,232,0
2019-07-08 08:50:00,206,0
2019-07-08 08:55:00,194,0
2019-07-08 09:00:00,195,0
2019-07-08 09:05:00,194,0
2019-07-08 09:10:00,208,0
2019-07-08 09:15:00,231,0
2019-07-08 09:20:00,258,0
2019-07-08 09:25:00,273,0
2019-07-08 09:30:00,277,0
2019-07-08 09:35:00,269,0
2019-07-08 09:40:00,337,0
2019-07-08 09:45:00,375,0
2019-07-08 09:50:00,419,0
2019-07-08 09:55:00,471,0
2019-07-08 10:00:00,430,0
2019-07-08 10:05:00,475,0
2019-07-08 10:10:00,488,0
2019-07-08 10:15:00,515,0
2019-07-08 10:20:00,529,0
2019-07-08 10:25:00,540,0
2019-07-08 10:30:00,553,0
2019-07-08 10:35:00,475,0
2019-07-08 10:40:00,381,0
2019-07-08 10:45:00,328,0
2019-07-08 10:50:00,324,0
2019-07-08 10:55:00,340,0
2019-07-08 11:00:00,383,0
2019-07-08 11:05:00,431,0
2019-07-08 11:10:00,457,0
2019-07-08 11:15:00,459,0
2019-07-08 11:20:00,487,0
2019-07-08 11:25:00,497,0
2019-07-08 11:30:00,512,0
2019-07-08 11:35:00,536,0
2019-07-08 11:40:00,531,0
2019-07-08 11:45:00,528,0
2019-07-08 11:50:00,527,0
2019-07-08 11:55:00,513,0
2019-07-08 12:00:00,529,0
2019-07-08 12:05:00,521,0
2019-07-08 12:10:00,525,0
2019-07-08 12:15:00,522,0
2019-07-08 12:20:00,432,0
2019-07-08 12:25:00,414,0
2019-07-08 12:30:00,410,0
2019-07-08 12:35:00,435,0
2019-07-08 12:40:00,432,0
2019-07-08 12:45:00,458,0
2019-07-08 12:50:00,458,0
2019-07-08 12:55:00,443,0
2019-07-08 13:00:00,431,0
2019-07-08 13:05:00,442,0
2019-07-08 13:10:00,431,0
2019-07-08 13:15:00,452,0
2019-07-08 13:20:00,440,0
2019-07-08 13:25:00,431,0
2019-07-08 13:30:00,436,0
2019-07-08 13:35:00,446,0
2019-07-08 13:40:00,440,0
2019-07-08 13:45:00,462,0
2019-07-08 13:50:00,441,0
2019-07-08 13:55:00,454,0
2019-07-08 14:00:00,454,0
2019-07-08 14:05:00,425,0
2019-07-08 14:10:00,434,0
2019-07-08 14:15:00,439,0
2019-07-08 14:20:00,435,0
2019-07-08 14:25:00,438,0
2019-07-08 14:30:00,433,0
2019-07-08 14:35:00,451,0
2019-07-08 14:40:00,418,0
2019-07-08 14:45:00,417,0
2019-07-08 14:50:00,453,0
2019-07-08 14:55:00,485,0
2019-07-08 15:00:00,479,0
2019-07-08 15:05:00,479,0
2019-07-08 15:10:00,527,0
2019-07-08 15:15:00,544,0
2019-07-08 15:20:00,543,0
2019-07-08 15:25:00,543,0
2019-07-08 15:30:00,525,0
2019-07-08 15:35:00,394,0
2019-07-08 15:40:00,384,0
2019-07-08 15:45:00,403,0
2019-07-08 15:50:00,399,0
2019-07-08 15:55:00,400,0
2019-07-08 16:00:00,381,0
2019-07-08 16:05:00,362,0
2019-07-08 16:10:00,353,0
2019-07-08 16:15:00,353,0
2019-07-08 16:20:00,361,0
2019-07-08 16:25:00,356,0
2019-07-08 16:30:00,340,0
2019-07-08 16:35:00,346,0
2019-07-08 16:40:00,341,0
2019-07-08 16:45:00,340,0
2019-07-08 16:50:00,341,0
2019-07-08 16:55:00,326,0
2019-07-08 17:00:00,322,0
2019-07-08 17:05:00,323,0
2019-07-08 17:10:00,318,0
2019-07-08 17:15:00,303,0
2019-07-08 17:20:00,284,0
2019-07-08 17:25:00,278,0
2019-07-08 17:30:00,284,0
2019-07-08 17:35:00,271,0
2019-07-08 17:40:00,261,0
2019-07-08 17:45:00,248,0
2019-07-08 17:50:00,224,0
2019-07-08 17:55:00,211,0
2019-07-08 18:00:00,207,0
2019-07-08 18:05:00,187,0
2019-07-08 18:10:00,180,0
2019-07-08 18:15:00,171,0
2019-07-08 18:20:00,162,0
2019-07-08 18:25:00,153,0
2019-07-08 18:30:00,144,0
2019-07-08 18:35:00,144,0
2019-07-08 18:40:00,134,0
2019-07-08 18:45:00,134,0
2019-07-09 07:05:00,-49,0
2019-07-09 07:10:00,-35,0
2019-07-09 07:15:00,-26,0
2019-07-09 07:20:00,-43,0
2019-07-09 07:25:00,-41,0
2019-07-09 07:30:00,-26,0
2019-07-09 07:35:00,-21,0
2019-07-09 07:40:00,-19,0
2019-07-09 07:45:00,-23,0
2019-07-09 07:50:00,-17,0
2019-07-09 07:55:00,-13,0
2019-07-09 08:00:00,-4,0
2019-07-09 08:05:00,-8,0
2019-07-09 08:10:00,0,0
2019-07-09 08:15:00,2,0
2019-07-09 08:20:00,23,0
2019-07-09 08:25:00,60,0
2019-07-09 08:30:00,67,0
2019-07-09 08:35:00,68,0
2019-07-09 08:40:00,106,0
2019-07-09 08:45:00,89,0
2019-07-09 08:50:00,99,0
2019-07-09 08:55:00,120,0
2019-07-09 09:00:00,143,0
2019-07-09 09:05:00,157,0
2019-07-09 09:10:00,177,0
2019-07-09 09:15:00,222,0
2019-07-09 09:20:00,301,0
2019-07-09 09:25:00,253,0
2019-07-09 09:30:00,278,0
2019-07-09 09:35:00,293,0
2019-07-09 09:40:00,329,0
2019-07-09 09:45:00,298,0
2019-07-09 09:50:00,282,0
2019-07-09 09:55:00,285,0
2019-07-09 10:00:00,276,0
2019-07-09 10:05:00,280,0
2019-07-09 10:10:00,286,0
2019-07-09 10:15:00,312,0
2019-07-09 10:20:00,285,0
2019-07-09 10:25:00,293,0
2019-07-09 10:30:00,282,0
2019-07-09 10:35:00,274,0
2019-07-09 10:40:00,269,0
2019-07-09 10:45:00,338,0
2019-07-09 10:50:00,384,0
2019-07-09 10:55:00,356,0
2019-07-09 11:00:00,337,0
2019-07-09 11:05:00,359,0
2019-07-09 11:10:00,369,0
2019-07-09 11:15:00,342,0
2019-07-09 11:20:00,364,0
2019-07-09 11:25:00,378,0
2019-07-09 11:30:00,395,0
2019-07-09 11:35:00,382,0
2019-07-09 11:40:00,357,0
2019-07-09 11:45:00,346,0
2019-07-09 11:50:00,330,0
2019-07-09 11:55:00,325,0
2019-07-09 12:00:00,321,0
2019-07-09 12:05:00,323,0
2019-07-09 12:10:00,327,0
2019-07-09 12:15:00,428,0
2019-07-09 12:20:00,568,0
2019-07-09 12:25:00,601,0
2019-07-09 12:30:00,511,0
2019-07-09 12:35:00,468,0
2019-07-09 12:40:00,463,0
2019-07-09 12:45:00,420,0
2019-07-09 12:50:00,372,0
2019-07-09 12:55:00,283,0
2019-07-09 13:00:00,290,0
2019-07-09 13:05:00,349,0
2019-07-09 13:10:00,444,0
2019-07-09 13:15:00,486,0
2019-07-09 13:20:00,501,0
2019-07-09 13:25:00,529,0
2019-07-09 13:30:00,539,0
2019-07-09 13:35:00,530,0
2019-07-09 13:40:00,538,0
2019-07-09 13:45:00,554,0
2019-07-09 13:50:00,555,0
2019-07-09 13:55:00,565,0
2019-07-09 14:00:00,581,0
2019-07-09 14:05:00,568,0
2019-07-09 14:10:00,573,0
2019-07-09 14:15:00,575,0
2019-07-09 14:20:00,580,0
2019-07-09 14:25:00,488,0
2019-07-09 14:30:00,521,0
2019-07-09 14:35:00,580,0
2019-07-09 14:40:00,631,0
2019-07-09 14:45:00,682,0
2019-07-09 14:50:00,696,0
2019-07-09 14:55:00,720,0
2019-07-09 15:00:00,744,0
2019-07-09 15:05:00,778,0
2019-07-09 15:10:00,781,0
2019-07-09 15:15:00,786,0
2019-07-09 15:20:00,796,0
2019-07-09 15:25:00,805,0
2019-07-09 15:30:00,581,0
2019-07-09 15:35:00,499,0
2019-07-09 15:40:00,447,0
2019-07-09 15:45:00,416,0
2019-07-09 15:50:00,407,0
2019-07-09 15:55:00,408,0
2019-07-09 16:00:00,403,0
2019-07-09 16:05:00,376,0
2019-07-09 16:10:00,395,0
2019-07-09 16:15:00,388,0
2019-07-09 16:20:00,369,0
2019-07-09 16:25:00,369,0
2019-07-09 16:30:00,377,0
2019-07-09 16:35:00,356,0
2019-07-09 16:40:00,368,0
2019-07-09 16:45:00,343,0
2019-07-09 16:50:00,330,0
2019-07-09 16:55:00,326,0
2019-07-09 17:00:00,317,0
2019-07-09 17:05:00,311,0
2019-07-09 17:10:00,313,0
2019-07-09 17:15:00,293,0
2019-07-09 17:20:00,292,0
2019-07-09 17:25:00,286,0
2019-07-09 17:30:00,277,0
2019-07-09 17:35:00,272,0
2019-07-09 17:40:00,251,0
2019-07-09 17:45:00,239,0
2019-07-09 17:50:00,220,0
2019-07-09 17:55:00,211,0
2019-07-09 18:00:00,195,0
2019-07-09 18:05:00,174,0
2019-07-09 18:10:00,169,0
2019-07-09 18:15:00,160,0
2019-07-09 18:20:00,157,0
2019-07-09 18:25:00,158,0
2019-07-09 18:30:00,147,0
2019-07-09 18:35:00,146,0
2019-07-09 18:40:00,143,0
2019-07-09 18:45:00,144,0
2019-07-09 18:50:00,135,0
2019-07-09 18:55:00,129,0
2019-07-09 19:00:00,129,0
2019-07-09 19:05:00,122,0
2019-07-09 19:10:00,114,0
2019-07-09 21:55:00,19,0
2019-07-09 22:00:00,31,0
2019-07-09 22:05:00,30,0
2019-07-09 22:10:00,34,0
2019-07-09 22:15:00,29,0
2019-07-09 22:20:00,25,0
2019-07-09 22:25:00,23,0
2019-07-09 22:30:00,24,0
2019-07-09 22:35:00,24,0
2019-07-09 22:40:00,32,0
2019-07-09 22:45:00,20,0
2019-07-09 22:50:00,20,0
2019-07-09 22:55:00,14,0
2019-07-09 23:00:00,86,0
2019-07-09 23:05:00,30,0
2019-07-09 23:10:00,30,0
2019-07-09 23:15:00,40,0
2019-07-09 23:20:00,33,0
2019-07-10 07:05:00,-10,0
2019-07-10 07:10:00,98,0
2019-07-10 07:15:00,122,0
2019-07-10 07:20:00,134,0
2019-07-10 07:25:00,43,0
2019-07-10 07:30:00,9,0
2019-07-10 07:35:00,23,0
2019-07-10 07:40:00,21,0
2019-07-10 07:45:00,33,0
2019-07-10 07:50:00,34,0
2019-07-10 07:55:00,29,0
2019-07-10 08:00:00,43,0
2019-07-10 08:05:00,69,0
2019-07-10 08:10:00,61,0
2019-07-10 08:15:00,87,0
2019-07-10 08:20:00,124,0
2019-07-10 08:25:00,122,0
2019-07-10 08:30:00,123,0
2019-07-10 08:35:00,136,0
2019-07-10 08:40:00,143,0
2019-07-10 08:45:00,151,0
2019-07-10 08:50:00,163,0
2019-07-10 08:55:00,171,0
2019-07-10 09:00:00,179,0
2019-07-10 09:05:00,176,0
2019-07-10 09:10:00,197,0
2019-07-10 09:15:00,232,0
2019-07-10 09:20:00,248,0
2019-07-10 09:25:00,274,0
2019-07-10 09:30:00,304,0
2019-07-10 09:35:00,299,0
2019-07-10 09:40:00,290,0
2019-07-10 09:45:00,299,0
2019-07-10 09:50:00,356,0
2019-07-10 09:55:00,349,0
2019-07-10 10:00:00,367,0
2019-07-10 10:05:00,389,0
2019-07-10 10:10:00,412,0
2019-07-10 10:15:00,425,0
2019-07-10 10:20:00,447,0
2019-07-10 10:25:00,465,0
2019-07-10 10:30:00,484,0
2019-07-10 10:35:00,505,0
2019-07-10 10:40:00,508,0
2019-07-10 10:45:00,516,0
2019-07-10 10:50:00,491,0
2019-07-10 10:55:00,550,0
2019-07-10 11:00:00,588,0
2019-07-10 11:05:00,518,0
2019-07-10 11:10:00,539,0
2019-07-10 11:15:00,553,0
2019-07-10 11:20:00,567,0
2019-07-10 11:25:00,584,0
2019-07-10 11:30:00,618,0
2019-07-10 11:35:00,599,0
2019-07-10 11:40:00,605,0
2019-07-10 11:45:00,615,0
2019-07-10 11:50:00,608,0
2019-07-10 11:55:00,622,0
2019-07-10 12:00:00,625,0
2019-07-10 12:05:00,612,0
2019-07-10 12:10:00,615,0
2019-07-10 12:15:00,544,0
2019-07-10 12:20:00,498,0
2019-07-10 12:25:00,522,0
2019-07-10 12:30:00,575,0
2019-07-10 12:35:00,591,0
2019-07-10 12:40:00,611,0
2019-07-10 12:45:00,589,0
2019-07-10 12:50:00,486,0
2019-07-10 12:55:00,426,0
2019-07-10 13:00:00,428,0
2019-07-10 13:05:00,411,0
2019-07-10 13:10:00,408,0
2019-07-10 13:15:00,430,0
2019-07-10 13:20:00,475,0
2019-07-10 13:25:00,494,0
2019-07-10 13:30:00,505,0
2019-07-10 13:35:00,515,0
2019-07-10 13:40:00,511,0
2019-07-10 13:45:00,495,0
2019-07-10 13:50:00,463,0
2019-07-10 13:55:00,410,0
2019-07-10 14:00:00,418,0
2019-07-10 14:05:00,421,0
2019-07-10 14:10:00,441,0
2019-07-10 14:15:00,466,0
2019-07-10 14:20:00,462,0
2019-07-10 14:25:00,474,0
2019-07-10 14:30:00,476,0
2019-07-10 14:35:00,475,0
2019-07-10 14:40:00,478,0
2019-07-10 14:45:00,461,0
2019-07-10 14:50:00,461,0
2019-07-10 14:55:00,446,0
2019-07-10 15:00:00,427,0
2019-07-10 15:05:00,420,0
2019-07-10 15:10:00,431,0
2019-07-10 15:15:00,426,0
2019-07-10 15:20:00,404,0
2019-07-10 15:25:00,392,0
2019-07-10 15:30:00,432,0
2019-07-10 15:35:00,426,0
2019-07-10 15:40:00,432,0
2019-07-10 15:45:00,468,0
2019-07-10 15:50:00,445,0
2019-07-10 15:55:00,484,0
2019-07-10 16:00:00,408,0
2019-07-10 16:05:00,409,0
2019-07-10 16:10:00,395,0
2019-07-10 16:15:00,378,0
2019-07-10 16:20:00,387,0
2019-07-10 16:25:00,393,0
2019-07-10 16:30:00,394,0
2019-07-10 16:35:00,384,0
2019-07-10 16:40:00,362,0
2019-07-10 16:45:00,337,0
2019-07-10 16:50:00,327,0
2019-07-10 16:55:00,334,0
2019-07-10 17:00:00,335,0
2019-07-10 17:05:00,323,0
2019-07-10 17:10:00,304,0
2019-07-10 17:15:00,298,0
2019-07-10 17:20:00,286,0
2019-07-10 17:25:00,282,0
2019-07-10 17:30:00,289,0
2019-07-10 17:35:00,285,0
2019-07-10 17:40:00,275,0
2019-07-10 17:45:00,261,0
2019-07-10 17:50:00,256,0
2019-07-10 17:55:00,256,0
2019-07-10 18:00:00,252,0
2019-07-10 18:05:00,237,0
2019-07-10 18:10:00,224,0
2019-07-10 18:15:00,219,0
2019-07-10 18:20:00,199,0
2019-07-10 18:25:00,193,0
2019-07-10 18:30:00,185,0
2019-07-10 18:35:00,177,0
2019-07-10 18:40:00,170,0
2019-07-10 18:45:00,164,0
2019-07-10 18:50:00,158,0
2019-07-10 18:55:00,150,0
2019-07-10 19:00:00,145,0
2019-07-10 19:05:00,143,0
2019-07-10 19:10:00,137,0
2019-07-10 19:15:00,133,0
2019-07-10 19:20:00,125,0
2019-07-10 19:25:00,118,0
2019-07-10 19:30:00,117,0
2019-07-10 19:35:00,108,0
2019-07-11 07:05:00,26,0
2019-07-11 07:10:00,19,0
2019-07-11 07:15:00,22,0
2019-07-11 07:20:00,23,0
2019-07-11 07:25:00,29,0
2019-07-11 07:30:00,45,0
2019-07-11 07:35:00,45,0
2019-07-11 07:40:00,47,0
2019-07-11 07:45:00,48,0
2019-07-11 07:50:00,53,0
2019-07-11 07:55:00,55,0
2019-07-11 08:00:00,60,0
2019-07-11 08:05:00,70,0
2019-07-11 08:10:00,79,0
2019-07-11 08:15:00,104,0
2019-07-11 08:20:00,130,0
2019-07-11 08:25:00,123,0
2019-07-11 08:30:00,116,0
2019-07-11 08:35:00,124,0
2019-07-11 08:40:00,143,0
2019-07-11 08:45:00,152,0
2019-07-11 08:50:00,175,0
2019-07-11 08:55:00,190,0
2019-07-11 09:00:00,182,0
2019-07-11 09:05:00,193,0
2019-07-11 09:10:00,208,0
2019-07-11 09:15:00,236,0
2019-07-11 09:20:00,257,0
2019-07-11 09:25:00,305,0
2019-07-11 09:30:00,362,0
2019-07-11 09:35:00,377,0
2019-07-11 09:40:00,294,0
2019-07-11 09:45:00,297,0
2019-07-11 09:50:00,347,0
2019-07-11 09:55:00,405,0
2019-07-11 10:00:00,455,0
2019-07-11 10:05:00,495,0
2019-07-11 10:10:00,555,0
2019-07-11 10:15:00,581,0
2019-07-11 10:20:00,586,0
2019-07-11 10:25:00,592,0
2019-07-11 10:30:00,589,0
2019-07-11 10:35:00,551,0
2019-07-11 10:40:00,422,0
2019-07-11 10:45:00,450,0
2019-07-11 10:50:00,505,0
2019-07-11 10:55:00,558,0
2019-07-11 11:00:00,574,0
2019-07-11 11:05:00,490,0
2019-07-11 11:10:00,466,0
2019-07-11 11:15:00,482,0
2019-07-11 11:20:00,450,0
2019-07-11 11:25:00,447,0
2019-07-11 11:30:00,451,0
2019-07-11 11:35:00,489,0
2019-07-11 11:40:00,539,0
2019-07-11 11:45:00,578,0
2019-07-11 11:50:00,604,0
2019-07-11 11:55:00,532,0
2019-07-11 12:00:00,493,0
2019-07-11 12:05:00,507,0
2019-07-11 12:10:00,521,0
2019-07-11 12:15:00,591,0
2019-07-11 12:20:00,628,0
2019-07-11 12:25:00,639,0
2019-07-11 12:30:00,623,0
2019-07-11 12:35:00,623,0
2019-07-11 12:40:00,616,0
2019-07-11 12:45:00,616,0
2019-07-11 12:50:00,622,0
2019-07-11 12:55:00,626,0
2019-07-11 13:00:00,660,0
2019-07-11 13:05:00,596,0
2019-07-11 13:10:00,578,0
2019-07-11 13:15:00,708,0
2019-07-11 13:20:00,838,0
2019-07-11 13:25:00,1002,0
2019-07-11 13:30:00,1083,0
2019-07-11 13:35:00,1222,0
2019-07-11 13:40:00,1352,0
2019-07-11 13:45:00,1408,0
2019-07-11 13:50:00,1444,0
2019-07-11 13:55:00,1524,0
2019-07-11 14:00:00,1596,0
2019-07-11 14:05:00,1665,0
2019-07-11 14:10:00,1739,0
2019-07-11 14:15:00,1789,0
2019-07-11 14:20:00,1823,0
2019-07-11 14:25:00,1951,0
2019-07-11 14:30:00,1997,0
2019-07-11 14:35:00,2050,0
2019-07-11 14:40:00,2089,0
2019-07-11 14:45:00,1869,0
2019-07-11 14:50:00,1231,0
2019-07-11 14:55:00,1256,0
2019-07-11 15:00:00,1277,0
2019-07-11 15:05:00,1309,0
2019-07-11 15:10:00,1342,0
2019-07-11 15:15:00,1367,0
2019-07-11 15:20:00,1393,0
2019-07-11 15:25:00,1428,0
2019-07-11 15:30:00,1478,0
2019-07-11 15:35:00,1421,0
2019-07-11 15:40:00,1393,0
2019-07-11 15:45:00,1314,0
2019-07-11 15:50:00,1170,0
2019-07-11 15:55:00,1040,0
2019-07-11 16:00:00,959,0
2019-07-11 16:05:00,914,0
2019-07-11 16:10:00,899,0
2019-07-11 16:15:00,875,0
2019-07-11 16:20:00,837,0
2019-07-11 16:25:00,809,0
2019-07-11 16:30:00,765,0
2019-07-11 16:35:00,750,0
2019-07-11 16:40:00,738,0
2019-07-11 16:45:00,730,0
2019-07-11 16:50:00,725,0
2019-07-11 16:55:00,731,0
2019-07-11 17:00:00,741,0
2019-07-11 17:05:00,736,0
2019-07-11 17:10:00,715,0
2019-07-11 17:15:00,698,0
2019-07-11 17:20:00,684,0
2019-07-11 17:25:00,653,0
2019-07-11 17:30:00,626,0
2019-07-11 17:35:00,598,0
2019-07-11 17:40:00,578,0
2019-07-11 17:45:00,563,0
2019-07-11 17:50:00,565,0
2019-07-11 17:55:00,564,0
2019-07-11 18:00:00,558,0
2019-07-11 18:05:00,416,0
2019-07-11 18:10:00,287,0
2019-07-11 18:15:00,236,0
2019-07-11 18:20:00,221,0
2019-07-11 18:25:00,216,0
2019-07-11 18:30:00,211,0
2019-07-11 18:35:00,199,0
2019-07-11 18:40:00,190,0
2019-07-11 18:45:00,181,0
2019-07-11 18:50:00,179,0
2019-07-11 18:55:00,178,0
2019-07-11 19:00:00,160,0
2019-07-11 19:05:00,157,0
2019-07-11 19:10:00,149,0
2019-07-11 19:15:00,136,0
2019-07-12 07:10:00,-7,0
2019-07-12 07:15:00,0,0
2019-07-12 07:20:00,13,0
2019-07-12 07:25:00,11,0
2019-07-12 07:30:00,-5,0
2019-07-12 07:35:00,-1,0
2019-07-12 07:40:00,4,0
2019-07-12 07:45:00,33,0
2019-07-12 07:50:00,47,0
2019-07-12 07:55:00,58,0
2019-07-12 08:00:00,72,0
2019-07-12 08:05:00,121,0
2019-07-12 08:10:00,128,0
2019-07-12 08:15:00,158,0
2019-07-12 08:20:00,168,0
2019-07-12 08:25:00,191,0
2019-07-12 08:30:00,218,0
2019-07-12 08:35:00,162,0
2019-07-12 08:40:00,163,0
2019-07-12 08:45:00,124,0
2019-07-12 08:50:00,134,0
2019-07-12 08:55:00,144,0
2019-07-12 09:00:00,150,0
2019-07-12 09:05:00,154,0
2019-07-12 09:10:00,150,0
2019-07-12 09:15:00,249,0
2019-07-12 09:20:00,374,0
2019-07-12 09:25:00,518,0
2019-07-12 09:30:00,582,0
2019-07-12 09:35:00,656,0
2019-07-12 09:40:00,713,0
2019-07-12 09:45:00,766,0
2019-07-12 09:50:00,815,0
2019-07-12 09:55:00,859,0
2019-07-12 10:00:00,899,0
2019-07-12 10:05:00,946,0
2019-07-12 10:10:00,970,0
2019-07-12 10:15:00,998,0
2019-07-12 10:20:00,1041,0
2019-07-12 10:25:00,1059,0
2019-07-12 10:30:00,1061,0
2019-07-12 10:35:00,1083,0
2019-07-12 10:40:00,1052,0
2019-07-12 10:45:00,740,0
2019-07-12 10:50:00,618,0
2019-07-12 10:55:00,558,0
2019-07-12 11:00:00,494,0
2019-07-12 11:05:00,505,0
2019-07-12 11:10:00,527,0
2019-07-12 11:15:00,539,0
2019-07-12 11:20:00,553,0
2019-07-12 11:25:00,552,0
2019-07-12 11:30:00,574,0
2019-07-12 11:35:00,586,0
2019-07-12 11:40:00,602,0
2019-07-12 11:45:00,602,0
2019-07-12 11:50:00,630,0
2019-07-12 11:55:00,632,0
2019-07-12 12:00:00,663,0
2019-07-12 12:05:00,632,0
2019-07-12 12:10:00,644,0
2019-07-12 12:15:00,617,0
2019-07-12 12:20:00,618,0
2019-07-12 12:25:00,608,0
2019-07-12 12:30:00,609,0
2019-07-12 12:35:00,473,0
2019-07-12 12:40:00,431,0
2019-07-12 12:45:00,413,0
2019-07-12 12:50:00,453,0
2019-07-12 12:55:00,505,0
2019-07-12 13:00:00,531,0
2019-07-12 13:05:00,526,0
2019-07-12 13:10:00,581,0
2019-07-12 13:15:00,629,0
2019-07-12 13:20:00,688,0
2019-07-12 13:25:00,711,0
2019-07-12 13:30:00,577,0
2019-07-12 13:35:00,599,0
2019-07-12 13:40:00,573,0
2019-07-12 13:45:00,579,0
2019-07-12 13:50:00,578,0
2019-07-12 13:55:00,570,0
2019-07-12 14:00:00,553,0
2019-07-12 14:05:00,407,0
2019-07-12 14:10:00,399,0
2019-07-12 14:15:00,388,0
2019-07-12 14:20:00,383,0
2019-07-12 14:25:00,368,0
2019-07-12 14:30:00,365,0
2019-07-12 14:35:00,352,0
2019-07-12 14:40:00,342,0
2019-07-12 14:45:00,337,0
2019-07-12 14:50:00,328,0
2019-07-12 14:55:00,339,0
2019-07-12 15:00:00,317,0
2019-07-12 15:05:00,316,0
2019-07-12 15:10:00,327,0
2019-07-12 15:15:00,327,0
2019-07-12 15:20:00,325,0
2019-07-12 15:25:00,323,0
2019-07-12 15:30:00,316,0
2019-07-12 15:35:00,314,0
2019-07-12 15:40:00,336,0
2019-07-12 15:45:00,324,0
2019-07-12 15:50:00,326,0
2019-07-12 15:55:00,355,0
2019-07-12 16:00:00,334,0
2019-07-12 16:05:00,329,0
2019-07-12 16:10:00,336,0
2019-07-12 16:15:00,345,0
2019-07-12 16:20:00,329,0
2019-07-12 16:25:00,335,0
2019-07-12 16:30:00,323,0
2019-07-12 16:35:00,321,0
2019-07-12 16:40:00,309,0
2019-07-12 16:45:00,299,0
2019-07-12 16:50:00,298,0
2019-07-12 16:55:00,297,0
2019-07-12 17:00:00,289,0
2019-07-12 17:05:00,285,0
2019-07-12 17:10:00,286,0
2019-07-12 17:15:00,277,0
2019-07-12 17:20:00,274,0
2019-07-12 17:25:00,269,0
2019-07-12 17:30:00,263,0
2019-07-12 17:35:00,262,0
2019-07-12 17:40:00,256,0
2019-07-12 17:45:00,261,0
2019-07-12 17:50:00,277,0
2019-07-12 17:55:00,285,0
2019-07-12 18:00:00,288,0
2019-07-12 18:05:00,287,0
2019-07-12 18:10:00,286,0
2019-07-12 18:15:00,279,0
2019-07-12 18:20:00,280,0
2019-07-12 18:25:00,278,0
2019-07-12 18:30:00,286,0
2019-07-12 18:35:00,271,0
2019-07-12 18:40:00,263,0
2019-07-12 18:45:00,264,0
2019-07-12 18:50:00,259,0
2019-07-12 18:55:00,254,0
2019-07-12 19:00:00,243,0
2019-07-12 19:05:00,241,0
2019-07-12 19:10:00,234,0
2019-07-12 19:15:00,237,0
2019-07-12 19:20:00,231,0
2019-07-12 19:25:00,232,0
2019-07-12 19:30:00,229,0
2019-07-12 19:35:00,223,0
2019-07-12 19:40:00,217,0
2019-07-12 19:45:00,217,0
2019-07-12 19:50:00,219,0
2019-07-12 19:55:00,216,0
2019-07-12 20:00:00,219,0
2019-07-12 20:05:00,213,0
2019-07-12 20:10:00,208,0
2019-07-12 20:15:00,204,0
2019-07-12 20:20:00,214,0
2019-07-12 20:25:00,203,0
2019-07-12 20:30:00,194,0
2019-07-12 20:35:00,193,0
2019-07-12 20:40:00,189,0
2019-07-12 20:45:00,178,0
2019-07-12 20:50:00,172,0
2019-07-12 20:55:00,171,0
2019-07-12 21:00:00,165,0
2019-07-12 21:05:00,167,0
2019-07-12 21:10:00,163,0
2019-07-12 21:15:00,154,0
2019-07-12 21:20:00,158,0
2019-07-12 21:25:00,151,0
2019-07-13 12:15:00,149,0
2019-07-13 12:20:00,230,0
2019-07-13 12:25:00,196,0
2019-07-13 12:30:00,109,0
2019-07-13 12:35:00,116,0
2019-07-13 12:40:00,127,0
2019-07-13 12:45:00,131,0
2019-07-13 12:50:00,140,0
2019-07-13 12:55:00,136,0
2019-07-13 13:00:00,139,0
2019-07-13 13:05:00,148,0
2019-07-13 13:10:00,154,0
2019-07-13 13:15:00,149,0
2019-07-13 13:20:00,152,0
2019-07-13 13:25:00,156,0
2019-07-13 13:30:00,158,0
2019-07-13 13:35:00,169,0
2019-07-13 13:40:00,156,0
2019-07-13 13:45:00,155,0
2019-07-13 13:50:00,159,0
2019-07-13 13:55:00,158,0
2019-07-13 14:00:00,152,0
2019-07-13 14:05:00,137,0
2019-07-13 14:10:00,134,0
2019-07-13 14:15:00,157,0
2019-07-13 14:20:00,172,0
2019-07-13 14:25:00,176,0
2019-07-13 14:30:00,169,0
2019-07-13 14:35:00,171,0
2019-07-13 14:40:00,150,0
2019-07-13 14:45:00,160,0
2019-07-13 14:50:00,169,0
2019-07-13 14:55:00,162,0
2019-07-13 15:00:00,165,0
2019-07-13 15:05:00,162,0
2019-07-13 15:10:00,155,0
2019-07-13 15:15:00,154,0
2019-07-13 15:20:00,158,0
2019-07-13 15:25:00,156,0
2019-07-13 15:30:00,160,0
2019-07-13 15:35:00,150,0
2019-07-13 15:40:00,152,0
2019-07-13 15:45:00,151,0
2019-07-13 15:50:00,155,0
2019-07-13 15:55:00,166,0
2019-07-13 16:00:00,171,0
2019-07-13 16:05:00,174,0
2019-07-13 16:10:00,173,0
2019-07-13 16:15:00,170,0
2019-07-13 16:20:00,180,0
2019-07-13 16:25:00,184,0
2019-07-13 16:30:00,185,0
2019-07-13 16:35:00,178,0
2019-07-13 16:40:00,169,0
2019-07-13 16:45:00,169,0
2019-07-13 16:50:00,153,0
2019-07-13 16:55:00,159,0
2019-07-13 17:00:00,154,0
2019-07-13 17:05:00,153,0
2019-07-13 17:10:00,159,0
2019-07-13 17:15:00,148,0
2019-07-13 17:20:00,153,0
2019-07-13 17:25:00,145,0
2019-07-13 17:30:00,139,0
2019-07-13 17:35:00,129,0
2019-07-13 17:40:00,151,0
2019-07-13 17:45:00,146,0
2019-07-13 17:50:00,155,0
2019-07-13 17:55:00,151,0
2019-07-13 18:00:00,162,0
2019-07-13 18:05:00,156,0
2019-07-13 18:10:00,154,0
2019-07-13 18:15:00,148,0
2019-07-13 18:20:00,158,0
2019-07-13 18:25:00,153,0
2019-07-13 18:30:00,160,0
2019-07-13 18:35:00,151,0
2019-07-13 18:40:00,154,0
2019-07-13 18:45:00,162,0
2019-07-13 18:50:00,178,0
2019-07-13 18:55:00,170,0
2019-07-13 19:00:00,168,0
2019-07-13 19:05:00,156,0
2019-07-13 19:10:00,144,0
2019-07-13 19:15:00,136,0
2019-07-13 19:20:00,161,0
2019-07-13 19:25:00,171,0
2019-07-13 19:30:00,172,0
2019-07-13 19:35:00,174,0
2019-07-13 19:40:00,174,0
2019-07-13 19:45:00,181,0
2019-07-13 19:50:00,182,0
2019-07-13 19:55:00,190,0
2019-07-14 10:30:00,34,0
2019-07-14 10:35:00,58,0
2019-07-14 10:40:00,67,0
2019-07-14 10:45:00,69,0
2019-07-14 10:50:00,73,0
2019-07-14 10:55:00,78,0
2019-07-14 11:00:00,80,0
2019-07-14 11:05:00,83,0
2019-07-14 11:10:00,90,0
2019-07-14 11:15:00,99,0
2019-07-14 11:20:00,102,0
2019-07-14 11:25:00,100,0
2019-07-14 11:30:00,116,0
2019-07-14 11:35:00,127,0
2019-07-14 11:40:00,142,0
2019-07-14 11:45:00,139,0
2019-07-14 11:50:00,140,0
2019-07-14 11:55:00,144,0
2019-07-14 12:00:00,150,0
2019-07-14 12:05:00,154,0
2019-07-14 12:10:00,146,0
2019-07-14 12:15:00,150,0
2019-07-14 12:20:00,151,0
2019-07-14 12:25:00,140,0
2019-07-14 12:30:00,151,0
2019-07-14 12:35:00,152,0
2019-07-14 12:40:00,150,0
2019-07-14 12:45:00,136,0
2019-07-14 12:50:00,138,0
2019-07-14 12:55:00,141,0
2019-07-14 13:00:00,144,0
2019-07-14 14:25:00,88,0
2019-07-14 14:30:00,139,0
2019-07-14 14:35:00,140,0
2019-07-14 14:40:00,152,0
2019-07-14 14:45:00,160,0
2019-07-14 14:50:00,170,0
2019-07-14 14:55:00,176,0
2019-07-14 15:00:00,181,0
2019-07-14 15:05:00,182,0
2019-07-14 15:10:00,186,0
2019-07-14 15:15:00,194,0
2019-07-14 15:20:00,185,0
2019-07-14 15:25:00,185,0
2019-07-14 15:30:00,190,0
2019-07-14 15:35:00,192,0
2019-07-14 15:40:00,197,0
2019-07-14 15:45:00,197,0
2019-07-14 15:50:00,198,0
2019-07-14 15:55:00,229,0
2019-07-14 16:00:00,216,0
2019-07-14 16:05:00,211,0
2019-07-14 16:10:00,201,0
2019-07-14 16:15:00,190,0
2019-07-14 16:20:00,196,0
2019-07-14 16:25:00,187,0
2019-07-14 16:30:00,180,0
2019-07-14 16:35:00,181,0
2019-07-14 16:40:00,183,0
2019-07-14 16:45:00,180,0
2019-07-14 16:50:00,178,0
2019-07-14 16:55:00,168,0
2019-07-14 17:00:00,177,0
2019-07-14 17:05:00,181,0
2019-07-14 17:10:00,185,0
2019-07-14 17:15:00,183,0
2019-07-14 17:20:00,181,0
2019-07-14 17:25:00,178,0
2019-07-14 17:30:00,183,0
2019-07-14 17:35:00,189,0
2019-07-14 17:40:00,193,0
2019-07-14 17:45:00,195,0
2019-07-14 17:50:00,199,0
2019-07-14 17:55:00,199,0
2019-07-14 18:00:00,188,0
2019-07-14 18:05:00,190,0
2019-07-14 18:10:00,184,0
2019-07-14 18:15:00,186,0
2019-07-14 18:20:00,191,0
2019-07-14 18:25:00,191,0
2019-07-14 18:30:00,186,0
2019-07-14 18:35:00,180,0
2019-07-14 18:40:00,179,0
2019-07-14 18:45:00,178,0
2019-07-14 18:50:00,173,0
2019-07-14 18:55:00,176,0
2019-07-14 19:00:00,179,0
2019-07-14 19:05:00,170,0
2019-07-14 19:10:00,170,0
2019-07-14 19:15:00,175,0
2019-07-14 19:20:00,189,0
2019-07-15 06:50:00,-33,0
2019-07-15 06:55:00,-28,0
2019-07-15 07:00:00,-21,0
2019-07-15 07:05:00,-21,0
2019-07-15 07:10:00,-3,0
2019-07-15 07:15:00,-2,0
2019-07-15 07:20:00,14,0
2019-07-15 07:25:00,6,0
2019-07-15 07:30:00,18,0
2019-07-15 07:35:00,22,0
2019-07-15 07:40:00,34,0
2019-07-15 07:45:00,36,0
2019-07-15 07:50:00,67,0
2019-07-15 07:55:00,83,0
2019-07-15 08:00:00,83,0
2019-07-15 08:05:00,94,0
2019-07-15 08:10:00,100,0
2019-07-15 08:15:00,115,0
2019-07-15 08:20:00,127,0
2019-07-15 08:25:00,142,0
2019-07-15 08:30:00,162,0
2019-07-15 08:35:00,175,0
2019-07-15 08:40:00,188,0
2019-07-15 08:45:00,196,0
2019-07-15 08:50:00,202,0
2019-07-15 08:55:00,203,0
2019-07-15 09:00:00,185,0
2019-07-15 09:05:00,147,0
2019-07-15 09:10:00,167,0
2019-07-15 09:15:00,189,0
2019-07-15 09:20:00,216,0
2019-07-15 09:25:00,231,0
2019-07-15 09:30:00,258,0
2019-07-15 09:35:00,286,0
2019-07-15 09:40:00,311,0
2019-07-15 09:45:00,322,0
2019-07-15 09:50:00,344,0
2019-07-15 09:55:00,362,0
2019-07-15 10:00:00,373,0
2019-07-15 10:05:00,392,0
2019-07-15 10:10:00,404,0
2019-07-15 10:15:00,413,0
2019-07-15 10:20:00,460,0
2019-07-15 10:25:00,527,0
2019-07-15 10:30:00,560,0
2019-07-15 10:35:00,601,0
2019-07-15 10:40:00,633,0
2019-07-15 10:45:00,660,0
2019-07-15 10:50:00,692,0
2019-07-15 10:55:00,712,0
2019-07-15 11:00:00,742,0
2019-07-15 11:05:00,774,0
2019-07-15 11:10:00,791,0
2019-07-15 11:15:00,818,0
2019-07-15 11:20:00,863,0
2019-07-15 11:25:00,870,0
2019-07-15 11:30:00,769,0
2019-07-15 11:35:00,708,0
2019-07-15 11:40:00,746,0
2019-07-15 11:45:00,798,0
2019-07-15 11:50:00,827,0
2019-07-15 11:55:00,862,0
2019-07-15 12:00:00,902,0
2019-07-15 12:05:00,833,0
2019-07-15 12:10:00,780,0
2019-07-15 12:15:00,661,0
2019-07-15 12:20:00,630,0
2019-07-15 12:25:00,619,0
2019-07-15 12:30:00,607,0
2019-07-15 12:35:00,588,0
2019-07-15 12:40:00,569,0
2019-07-15 12:45:00,559,0
2019-07-15 12:50:00,543,0
2019-07-15 12:55:00,523,0
2019-07-15 13:00:00,506,0
2019-07-15 13:05:00,501,0
2019-07-15 13:10:00,478,0
2019-07-15 13:15:00,460,0
2019-07-15 13:20:00,451,0
2019-07-15 13:25:00,438,0
2019-07-15 13:30:00,426,0
2019-07-15 13:35:00,412,0
2019-07-15 13:40:00,404,0
2019-07-15 13:45:00,395,0
2019-07-15 13:50:00,380,0
2019-07-15 13:55:00,379,0
2019-07-15 14:00:00,378,0
2019-07-15 14:05:00,367,0
2019-07-15 14:10:00,383,0
2019-07-15 14:15:00,403,0
2019-07-15 14:20:00,406,0
2019-07-15 14:25:00,416,0
2019-07-15 14:30:00,417,0
2019-07-15 14:35:00,422,0
2019-07-15 14:40:00,426,0
2019-07-15 14:45:00,425,0
2019-07-15 14:50:00,427,0
2019-07-15 14:55:00,419,0
2019-07-15 15:00:00,423,0
2019-07-15 15:05:00,410,0
2019-07-15 15:10:00,416,0
2019-07-15 15:15:00,419,0
2019-07-15 15:20:00,432,0
2019-07-15 15:25:00,414,0
2019-07-15 15:30:00,401,0
2019-07-15 15:35:00,385,0
2019-07-15 15:40:00,385,0
2019-07-15 15:45:00,393,0
2019-07-15 15:50:00,399,0
2019-07-15 15:55:00,418,0
2019-07-15 16:00:00,431,0
2019-07-15 16:05:00,427,0
2019-07-15 16:10:00,407,0
2019-07-15 16:15:00,383,0
2019-07-15 16:20:00,368,0
2019-07-15 16:25:00,368,0
2019-07-15 16:30:00,367,0
2019-07-15 16:35:00,362,0
2019-07-15 16:40:00,366,0
2019-07-15 16:45:00,361,0
2019-07-15 16:50:00,337,0
2019-07-15 16:55:00,330,0
2019-07-15 17:00:00,340,0
2019-07-15 17:05:00,333,0
2019-07-15 17:10:00,333,0
2019-07-15 17:15:00,337,0
2019-07-15 17:20:00,331,0
2019-07-15 17:25:00,332,0
2019-07-15 17:30:00,322,0
2019-07-15 17:35:00,313,0
2019-07-15 17:40:00,319,0
2019-07-15 17:45:00,313,0
2019-07-15 17:50:00,318,0
2019-07-15 17:55:00,318,0
2019-07-15 18:00:00,321,0
2019-07-15 18:05:00,308,0
2019-07-15 18:10:00,314,0
2019-07-15 18:15:00,312,0
2019-07-15 18:20:00,319,0
2019-07-15 18:25:00,298,0
2019-07-15 18:30:00,298,0
2019-07-15 18:35:00,296,0
2019-07-15 18:40:00,291,0
2019-07-15 18:45:00,283,0
2019-07-15 18:50:00,279,0
2019-07-15 18:55:00,283,0
2019-07-15 19:00:00,281,0
2019-07-15 19:05:00,279,0
2019-07-15 19:10:00,270,0
2019-07-15 19:15:00,270,0
2019-07-15 19:20:00,273,0
2019-07-15 19:25:00,264,0
2019-07-15 19:30:00,261,0
2019-07-15 19:35:00,256,0
2019-07-15 19:40:00,254,0
2019-07-15 19:45:00,250,0
2019-07-15 19:50:00,242,0
2019-07-15 19:55:00,239,0
2019-07-15 20:00:00,240,0
2019-07-15 20:05:00,238,0
2019-07-15 20:10:00,232,0
2019-07-15 20:15:00,227,0
2019-07-02 00:00:00,89,1
2019-07-02 00:05:00,94,1
2019-07-02 00:10:00,88,1
2019-07-02 00:15:00,90,1
2019-07-02 00:20:00,81,1
2019-07-02 00:25:00,82,1
2019-07-02 00:30:00,76,1
2019-07-02 00:35:00,79,1
2019-07-02 00:40:00,72,1
2019-07-02 00:45:00,72,1
2019-07-02 00:50:00,72,1
2019-07-02 00:55:00,66,1
2019-07-02 01:00:00,65,1
2019-07-02 01:05:00,65,1
2019-07-02 01:10:00,67,1
2019-07-02 01:15:00,62,1
2019-07-02 01:20:00,63,1
2019-07-02 01:25:00,59,1
2019-07-02 01:30:00,64,1
2019-07-02 01:35:00,59,1
2019-07-02 01:40:00,58,1
2019-07-02 01:45:00,53,1
2019-07-02 01:50:00,53,1
2019-07-02 01:55:00,54,1
2019-07-02 02:00:00,48,1
2019-07-02 02:05:00,46,1
2019-07-02 02:10:00,50,1
2019-07-02 02:15:00,41,1
2019-07-02 02:20:00,42,1
2019-07-02 02:25:00,39,1
2019-07-02 02:30:00,36,1
2019-07-02 02:35:00,38,1
2019-07-02 02:40:00,33,1
2019-07-02 02:45:00,33,1
2019-07-02 02:50:00,34,1
2019-07-02 02:55:00,27,1
2019-07-02 03:00:00,30,1
2019-07-02 03:05:00,30,1
2019-07-02 03:10:00,32,1
2019-07-02 03:15:00,28,1
2019-07-02 03:20:00,28,1
2019-07-02 03:25:00,30,1
2019-07-02 03:30:00,25,1
2019-07-02 03:35:00,25,1
2019-07-02 03:40:00,23,1
2019-07-02 03:45:00,26,1
2019-07-02 03:50:00,19,1
2019-07-02 03:55:00,18,1
2019-07-02 04:00:00,18,1
2019-07-02 04:05:00,17,1
2019-07-02 04:10:00,19,1
2019-07-02 04:15:00,15,1
2019-07-02 04:20:00,11,1
2019-07-02 04:25:00,11,1
2019-07-02 04:30:00,17,1
2019-07-02 04:35:00,21,1
2019-07-02 04:40:00,17,1
2019-07-02 04:45:00,12,1
2019-07-02 04:50:00,8,1
2019-07-02 04:55:00,9,1
2019-07-02 05:00:00,4,1
2019-07-02 05:05:00,6,1
2019-07-02 05:10:00,4,1
2019-07-02 05:15:00,-1,1
2019-07-02 05:20:00,7,1
2019-07-02 05:25:00,0,1
2019-07-02 05:30:00,3,1
2019-07-02 05:35:00,1,1
2019-07-02 05:40:00,1,1
2019-07-02 05:45:00,4,1
2019-07-02 05:50:00,0,1
2019-07-02 05:55:00,-1,1
2019-07-02 06:00:00,-6,1
2019-07-02 06:05:00,-4,1
2019-07-02 06:10:00,1,1
2019-07-02 06:15:00,-2,1
2019-07-02 06:20:00,-3,1
2019-07-02 06:25:00,-7,1
2019-07-02 06:30:00,0,1
2019-07-02 06:35:00,1,1
2019-07-02 06:40:00,5,1
2019-07-02 06:45:00,5,1
2019-07-02 06:50:00,6,1
2019-07-02 06:55:00,-1,1
2019-07-02 07:00:00,-2,1
2019-07-02 07:05:00,-2,1
2019-07-02 07:10:00,-1,1
2019-07-02 07:15:00,4,1
2019-07-02 07:40:00,29,1
2019-07-02 07:45:00,18,1
2019-07-02 19:15:00,178,1
2019-07-02 19:20:00,176,1
2019-07-02 19:25:00,176,1
2019-07-02 19:30:00,169,1
2019-07-02 19:35:00,165,1
2019-07-02 19:40:00,167,1
2019-07-02 19:45:00,168,1
2019-07-02 19:50:00,165,1
2019-07-02 19:55:00,158,1
2019-07-02 20:00:00,156,1
2019-07-02 20:05:00,156,1
2019-07-02 20:10:00,154,1
2019-07-02 20:15:00,151,1
2019-07-02 20:20:00,151,1
2019-07-02 20:25:00,142,1
2019-07-02 20:30:00,144,1
2019-07-02 20:35:00,137,1
2019-07-02 20:40:00,135,1
2019-07-02 20:45:00,134,1
2019-07-02 20:50:00,138,1
2019-07-02 20:55:00,131,1
2019-07-02 21:00:00,127,1
2019-07-02 21:05:00,126,1
2019-07-02 21:10:00,122,1
2019-07-02 21:15:00,121,1
2019-07-02 21:20:00,123,1
2019-07-02 21:25:00,116,1
2019-07-02 21:30:00,112,1
2019-07-02 21:35:00,113,1
2019-07-02 21:40:00,111,1
2019-07-02 21:45:00,111,1
2019-07-02 21:50:00,110,1
2019-07-02 21:55:00,110,1
2019-07-02 23:55:00,79,1
2019-07-03 00:00:00,75,1
2019-07-03 00:05:00,76,1
2019-07-03 00:10:00,73,1
2019-07-03 00:15:00,74,1
2019-07-03 00:20:00,77,1
2019-07-03 00:25:00,73,1
2019-07-03 00:30:00,76,1
2019-07-03 00:35:00,74,1
2019-07-03 00:40:00,75,1
2019-07-03 00:45:00,67,1
2019-07-03 00:50:00,66,1
2019-07-03 00:55:00,68,1
2019-07-03 01:00:00,70,1
2019-07-03 01:05:00,63,1
2019-07-03 01:10:00,64,1
2019-07-03 01:15:00,58,1
2019-07-03 01:20:00,60,1
2019-07-03 01:25:00,58,1
2019-07-03 01:30:00,59,1
2019-07-03 01:35:00,57,1
2019-07-03 01:40:00,54,1
2019-07-03 01:45:00,56,1
2019-07-03 01:50:00,50,1
2019-07-03 01:55:00,49,1
2019-07-03 02:00:00,51,1
2019-07-03 02:05:00,46,1
2019-07-03 02:10:00,47,1
2019-07-03 02:15:00,42,1
2019-07-03 02:20:00,44,1
2019-07-03 02:25:00,42,1
2019-07-03 02:30:00,43,1
2019-07-03 02:35:00,39,1
2019-07-03 02:40:00,38,1
2019-07-03 02:45:00,43,1
2019-07-03 02:50:00,37,1
2019-07-03 02:55:00,36,1
2019-07-03 03:00:00,32,1
2019-07-03 03:05:00,40,1
2019-07-03 03:10:00,36,1
2019-07-03 03:15:00,38,1
2019-07-03 03:20:00,33,1
2019-07-03 03:25:00,29,1
2019-07-03 03:30:00,27,1
2019-07-03 03:35:00,30,1
2019-07-03 03:40:00,33,1
2019-07-03 03:45:00,26,1
2019-07-03 03:50:00,23,1
2019-07-03 03:55:00,23,1
2019-07-03 04:00:00,21,1
2019-07-03 04:05:00,20,1
2019-07-03 04:10:00,25,1
2019-07-03 04:15:00,22,1
2019-07-03 04:20:00,20,1
2019-07-03 04:25:00,19,1
2019-07-03 04:30:00,24,1
2019-07-03 04:35:00,19,1
2019-07-03 04:40:00,22,1
2019-07-03 04:45:00,14,1
2019-07-03 04:50:00,18,1
2019-07-03 04:55:00,12,1
2019-07-03 05:00:00,10,1
2019-07-03 05:05:00,12,1
2019-07-03 05:10:00,11,1
2019-07-03 05:15:00,8,1
2019-07-03 05:20:00,8,1
2019-07-03 05:25:00,4,1
2019-07-03 05:30:00,8,1
2019-07-03 05:35:00,6,1
2019-07-03 05:40:00,5,1
2019-07-03 05:45:00,6,1
2019-07-03 05:50:00,5,1
2019-07-03 05:55:00,2,1
2019-07-03 06:00:00,2,1
2019-07-03 06:05:00,1,1
2019-07-03 06:10:00,5,1
2019-07-03 06:15:00,1,1
2019-07-03 06:20:00,1,1
2019-07-03 06:25:00,2,1
2019-07-03 06:30:00,5,1
2019-07-03 06:35:00,0,1
2019-07-03 06:40:00,0,1
2019-07-03 19:35:00,197,1
2019-07-03 19:40:00,199,1
2019-07-03 19:45:00,188,1
2019-07-03 19:50:00,182,1
2019-07-03 19:55:00,183,1
2019-07-03 20:00:00,176,1
2019-07-03 20:05:00,185,1
2019-07-03 20:10:00,178,1
2019-07-03 20:15:00,168,1
2019-07-03 20:20:00,166,1
2019-07-03 20:25:00,165,1
2019-07-03 20:30:00,157,1
2019-07-03 20:35:00,150,1
2019-07-03 20:40:00,153,1
2019-07-03 20:45:00,144,1
2019-07-03 20:50:00,146,1
2019-07-03 20:55:00,143,1
2019-07-03 21:00:00,143,1
2019-07-03 21:05:00,131,1
2019-07-03 21:10:00,138,1
2019-07-03 21:15:00,131,1
2019-07-03 21:20:00,128,1
2019-07-03 21:25:00,125,1
2019-07-03 21:30:00,124,1
2019-07-03 21:35:00,120,1
2019-07-03 21:40:00,113,1
2019-07-03 21:45:00,116,1
2019-07-03 21:50:00,115,1
2019-07-03 21:55:00,110,1
2019-07-03 22:00:00,105,1
2019-07-03 22:05:00,105,1
2019-07-03 22:10:00,104,1
2019-07-03 22:15:00,100,1
2019-07-03 22:20:00,100,1
2019-07-03 22:25:00,99,1
2019-07-03 22:30:00,100,1
2019-07-03 22:35:00,101,1
2019-07-03 22:40:00,97,1
2019-07-03 22:45:00,97,1
2019-07-03 22:50:00,98,1
2019-07-03 22:55:00,92,1
2019-07-03 23:00:00,94,1
2019-07-03 23:05:00,91,1
2019-07-03 23:10:00,86,1
2019-07-03 23:15:00,87,1
2019-07-03 23:20:00,85,1
2019-07-03 23:25:00,82,1
2019-07-03 23:30:00,79,1
2019-07-03 23:35:00,80,1
2019-07-03 23:40:00,77,1
2019-07-03 23:45:00,70,1
2019-07-03 23:50:00,74,1
2019-07-03 23:55:00,74,1
2019-07-04 00:00:00,70,1
2019-07-04 00:05:00,68,1
2019-07-04 00:10:00,65,1
2019-07-04 00:15:00,68,1
2019-07-04 00:20:00,65,1
2019-07-04 00:25:00,61,1
2019-07-04 00:30:00,61,1
2019-07-04 00:35:00,60,1
2019-07-04 00:40:00,59,1
2019-07-04 00:45:00,60,1
2019-07-04 00:50:00,56,1
2019-07-04 00:55:00,54,1
2019-07-04 01:00:00,51,1
2019-07-04 01:05:00,51,1
2019-07-04 01:10:00,47,1
2019-07-04 01:15:00,44,1
2019-07-04 01:20:00,46,1
2019-07-04 01:25:00,44,1
2019-07-04 01:30:00,41,1
2019-07-04 01:35:00,38,1
2019-07-04 01:40:00,34,1
2019-07-04 01:45:00,35,1
2019-07-04 01:50:00,35,1
2019-07-04 01:55:00,30,1
2019-07-04 02:00:00,33,1
2019-07-04 02:05:00,32,1
2019-07-04 02:10:00,32,1
2019-07-04 02:15:00,25,1
2019-07-04 02:20:00,25,1
2019-07-04 02:25:00,26,1
2019-07-04 02:30:00,23,1
2019-07-04 02:35:00,17,1
2019-07-04 02:40:00,18,1
2019-07-04 02:45:00,19,1
2019-07-04 02:50:00,17,1
2019-07-04 02:55:00,14,1
2019-07-04 03:00:00,14,1
2019-07-04 03:05:00,14,1
2019-07-04 03:10:00,14,1
2019-07-04 03:15:00,12,1
2019-07-04 03:20:00,9,1
2019-07-04 03:25:00,8,1
2019-07-04 03:30:00,2,1
2019-07-04 03:35:00,4,1
2019-07-04 03:40:00,5,1
2019-07-04 03:45:00,3,1
2019-07-04 03:50:00,5,1
2019-07-04 03:55:00,5,1
2019-07-04 04:00:00,4,1
2019-07-04 04:05:00,8,1
2019-07-04 04:10:00,8,1
2019-07-04 04:15:00,2,1
2019-07-04 04:20:00,0,1
2019-07-04 04:25:00,1,1
2019-07-04 04:30:00,2,1
2019-07-04 04:35:00,2,1
2019-07-04 04:40:00,2,1
2019-07-04 04:45:00,-3,1
2019-07-04 04:50:00,6,1
2019-07-04 04:55:00,-1,1
2019-07-04 05:00:00,0,1
2019-07-04 05:05:00,4,1
2019-07-04 05:10:00,-5,1
2019-07-04 05:15:00,-4,1
2019-07-04 05:20:00,-3,1
2019-07-04 05:25:00,0,1
2019-07-04 05:30:00,-5,1
2019-07-04 05:35:00,0,1
2019-07-04 05:40:00,-4,1
2019-07-04 05:45:00,-5,1
2019-07-04 05:50:00,-5,1
2019-07-04 05:55:00,-5,1
2019-07-04 06:00:00,-4,1
2019-07-04 06:05:00,-4,1
2019-07-04 06:10:00,-7,1
2019-07-04 06:15:00,-8,1
2019-07-04 06:20:00,-9,1
2019-07-04 06:25:00,-8,1
2019-07-04 06:30:00,-10,1
2019-07-04 06:35:00,-12,1
2019-07-04 06:40:00,-10,1
2019-07-04 06:45:00,-8,1
2019-07-04 06:50:00,-9,1
2019-07-04 06:55:00,-8,1
2019-07-04 07:00:00,-10,1
2019-07-04 07:05:00,-6,1
2019-07-04 07:10:00,-2,1
2019-07-04 07:15:00,-6,1
2019-07-04 07:20:00,-5,1
2019-07-04 07:25:00,-6,1
2019-07-04 07:30:00,-5,1
2019-07-04 07:35:00,-4,1
2019-07-04 07:40:00,5,1
2019-07-04 07:45:00,6,1
2019-07-04 07:50:00,-1,1
2019-07-04 07:55:00,-1,1
2019-07-04 08:00:00,-1,1
2019-07-04 08:05:00,-1,1
2019-07-04 08:10:00,-1,1
2019-07-04 08:15:00,-1,1
2019-07-04 08:20:00,-2,1
2019-07-04 08:25:00,0,1
2019-07-04 08:30:00,1,1
2019-07-04 08:35:00,6,1
2019-07-04 08:40:00,-2,1
2019-07-04 08:45:00,-3,1
2019-07-04 08:50:00,-5,1
2019-07-04 08:55:00,-4,1
2019-07-04 09:00:00,-3,1
2019-07-04 09:05:00,2,1
2019-07-04 09:10:00,7,1
2019-07-04 09:15:00,4,1
2019-07-04 09:20:00,0,1
2019-07-04 09:25:00,1,1
2019-07-04 09:30:00,-1,1
2019-07-04 09:35:00,3,1
2019-07-04 09:40:00,5,1
2019-07-04 09:45:00,2,1
2019-07-04 09:50:00,-1,1
2019-07-04 09:55:00,3,1
2019-07-04 10:00:00,0,1
2019-07-04 10:05:00,0,1
2019-07-04 10:10:00,5,1
2019-07-04 10:15:00,3,1
2019-07-04 10:20:00,-4,1
2019-07-04 10:25:00,4,1
2019-07-04 10:30:00,6,1
2019-07-04 10:35:00,6,1
2019-07-04 10:40:00,8,1
2019-07-04 10:45:00,9,1
2019-07-04 10:50:00,5,1
2019-07-04 10:55:00,8,1
2019-07-04 11:00:00,7,1
2019-07-04 11:05:00,11,1
2019-07-04 11:10:00,9,1
2019-07-04 11:15:00,11,1
2019-07-04 11:20:00,8,1
2019-07-04 11:25:00,4,1
2019-07-04 11:30:00,6,1
2019-07-04 11:35:00,-1,1
2019-07-04 11:40:00,8,1
2019-07-04 11:45:00,3,1
2019-07-04 23:40:00,3,1
2019-07-04 23:45:00,2,1
2019-07-04 23:50:00,0,1
2019-07-04 23:55:00,-2,1
2019-07-05 00:00:00,2,1
2019-07-05 00:05:00,-2,1
2019-07-05 00:10:00,-3,1
2019-07-05 00:15:00,-4,1
2019-07-05 00:20:00,-3,1
2019-07-05 00:25:00,-4,1
2019-07-05 00:30:00,-2,1
2019-07-05 00:35:00,-5,1
2019-07-05 17:25:00,112,1
2019-07-05 17:30:00,102,1
2019-07-05 17:35:00,101,1
2019-07-05 17:40:00,89,1
2019-07-05 17:45:00,79,1
2019-07-05 17:50:00,76,1
2019-07-05 17:55:00,80,1
2019-07-05 18:00:00,74,1
2019-07-05 18:05:00,73,1
2019-07-05 18:10:00,77,1
2019-07-05 18:15:00,74,1
2019-07-05 18:20:00,71,1
2019-07-05 18:25:00,69,1
2019-07-05 18:30:00,75,1
2019-07-05 18:35:00,67,1
2019-07-05 18:40:00,67,1
2019-07-05 18:45:00,67,1
2019-07-05 18:50:00,77,1
2019-07-05 18:55:00,73,1
2019-07-05 19:00:00,69,1
2019-07-05 19:05:00,63,1
2019-07-05 19:10:00,63,1
2019-07-05 19:15:00,65,1
2019-07-05 19:20:00,65,1
2019-07-05 19:25:00,72,1
2019-07-05 19:30:00,68,1
2019-07-05 19:35:00,64,1
2019-07-05 19:40:00,59,1
2019-07-05 19:45:00,65,1
2019-07-05 19:50:00,60,1
2019-07-05 19:55:00,44,1
2019-07-05 20:00:00,55,1
2019-07-05 20:05:00,54,1
2019-07-05 20:10:00,50,1
2019-07-05 20:15:00,46,1
2019-07-05 20:20:00,40,1
2019-07-05 20:25:00,48,1
2019-07-05 20:30:00,46,1
2019-07-05 20:35:00,43,1
2019-07-05 20:40:00,45,1
2019-07-05 20:45:00,39,1
2019-07-05 20:50:00,38,1
2019-07-05 20:55:00,40,1
2019-07-05 21:00:00,36,1
2019-07-05 21:05:00,36,1
2019-07-05 21:10:00,35,1
2019-07-05 21:15:00,32,1
2019-07-05 21:20:00,33,1
2019-07-05 21:25:00,32,1
2019-07-05 21:30:00,29,1
2019-07-05 21:35:00,28,1
2019-07-05 21:40:00,24,1
2019-07-05 21:45:00,26,1
2019-07-05 23:15:00,35,1
2019-07-05 23:20:00,31,1
2019-07-05 23:25:00,26,1
2019-07-05 23:30:00,22,1
2019-07-05 23:35:00,24,1
2019-07-05 23:40:00,21,1
2019-07-05 23:45:00,13,1
2019-07-05 23:50:00,9,1
2019-07-05 23:55:00,10,1
2019-07-06 00:00:00,7,1
2019-07-06 00:05:00,9,1
2019-07-06 00:10:00,7,1
2019-07-06 00:15:00,7,1
2019-07-06 00:20:00,7,1
2019-07-06 00:25:00,4,1
2019-07-06 00:30:00,-1,1
2019-07-06 00:35:00,4,1
2019-07-06 00:40:00,4,1
2019-07-06 00:45:00,-3,1
2019-07-06 00:50:00,0,1
2019-07-06 00:55:00,1,1
2019-07-06 01:00:00,4,1
2019-07-06 01:05:00,1,1
2019-07-06 01:10:00,1,1
2019-07-06 01:15:00,-1,1
2019-07-06 01:20:00,2,1
2019-07-06 01:25:00,2,1
2019-07-06 01:30:00,5,1
2019-07-06 01:35:00,3,1
2019-07-06 01:40:00,3,1
2019-07-06 01:45:00,-1,1
2019-07-06 01:50:00,-5,1
2019-07-06 01:55:00,-7,1
2019-07-06 02:00:00,-10,1
2019-07-06 02:05:00,-7,1
2019-07-06 02:10:00,-5,1
2019-07-06 02:15:00,-8,1
2019-07-06 02:20:00,-5,1
2019-07-06 02:25:00,-10,1
2019-07-06 02:30:00,-5,1
2019-07-06 02:35:00,-13,1
2019-07-06 02:40:00,-17,1
2019-07-06 02:45:00,-13,1
2019-07-06 02:50:00,-13,1
2019-07-06 02:55:00,-9,1
2019-07-06 03:00:00,-13,1
2019-07-06 03:05:00,-10,1
2019-07-06 03:10:00,-7,1
2019-07-06 03:15:00,-12,1
2019-07-06 03:20:00,-12,1
2019-07-06 03:25:00,-15,1
2019-07-06 03:30:00,-14,1
2019-07-06 03:35:00,-14,1
2019-07-06 03:40:00,-13,1
2019-07-06 03:45:00,-10,1
2019-07-06 03:50:00,-13,1
2019-07-06 03:55:00,-12,1
2019-07-06 04:00:00,-11,1
2019-07-06 04:05:00,-10,1
2019-07-06 04:10:00,-9,1
2019-07-06 04:15:00,-12,1
2019-07-06 04:20:00,-12,1
2019-07-06 04:25:00,-14,1
2019-07-06 04:30:00,-13,1
2019-07-06 04:35:00,-12,1
2019-07-06 04:40:00,-12,1
2019-07-06 04:45:00,-10,1
2019-07-06 04:50:00,-11,1
2019-07-06 04:55:00,-12,1
2019-07-06 05:00:00,-6,1
2019-07-06 05:05:00,-6,1
2019-07-06 05:10:00,-17,1
2019-07-06 05:15:00,-22,1
2019-07-06 05:20:00,-22,1
2019-07-06 05:25:00,-22,1
2019-07-06 05:30:00,-26,1
2019-07-06 05:35:00,-23,1
2019-07-06 05:40:00,-25,1
2019-07-06 05:45:00,-28,1
2019-07-06 05:50:00,-20,1
2019-07-06 05:55:00,-20,1
2019-07-06 06:00:00,-25,1
2019-07-06 06:05:00,-23,1
2019-07-06 06:10:00,-16,1
2019-07-06 06:15:00,-17,1
2019-07-06 06:20:00,-18,1
2019-07-06 06:25:00,-19,1
2019-07-06 06:30:00,-11,1
2019-07-06 06:35:00,-14,1
2019-07-06 06:40:00,-9,1
2019-07-06 06:45:00,-12,1
2019-07-06 06:50:00,-11,1
2019-07-06 06:55:00,-12,1
2019-07-06 07:00:00,-6,1
2019-07-06 07:05:00,-3,1
2019-07-06 07:10:00,1,1
2019-07-06 07:15:00,-4,1
2019-07-06 07:20:00,1,1
2019-07-06 07:25:00,2,1
2019-07-06 07:30:00,2,1
2019-07-06 07:35:00,6,1
2019-07-06 07:40:00,4,1
2019-07-06 07:45:00,0,1
2019-07-06 07:50:00,-7,1
2019-07-06 07:55:00,-6,1
2019-07-06 08:00:00,-10,1
2019-07-06 08:05:00,-3,1
2019-07-06 08:10:00,-8,1
2019-07-06 17:40:00,110,1
2019-07-06 17:45:00,113,1
2019-07-06 17:50:00,107,1
2019-07-06 17:55:00,103,1
2019-07-06 18:00:00,104,1
2019-07-06 18:05:00,98,1
2019-07-06 18:10:00,99,1
2019-07-06 18:15:00,98,1
2019-07-06 18:20:00,99,1
2019-07-06 18:25:00,91,1
2019-07-06 18:30:00,92,1
2019-07-06 18:35:00,87,1
2019-07-06 18:40:00,84,1
2019-07-06 18:45:00,77,1
2019-07-06 18:50:00,78,1
2019-07-06 18:55:00,75,1
2019-07-06 19:00:00,76,1
2019-07-06 19:05:00,73,1
2019-07-06 19:10:00,68,1
2019-07-06 19:15:00,71,1
2019-07-06 19:20:00,67,1
2019-07-06 19:25:00,67,1
2019-07-06 19:30:00,64,1
2019-07-06 19:35:00,64,1
2019-07-06 19:40:00,57,1
2019-07-06 19:45:00,60,1
2019-07-06 19:50:00,61,1
2019-07-06 19:55:00,59,1
2019-07-06 20:00:00,56,1
2019-07-06 20:05:00,55,1
2019-07-06 20:10:00,51,1
2019-07-06 20:15:00,56,1
2019-07-06 20:20:00,65,1
2019-07-06 20:25:00,59,1
2019-07-06 20:30:00,55,1
2019-07-06 20:35:00,51,1
2019-07-06 20:40:00,49,1
2019-07-06 20:45:00,53,1
2019-07-06 20:50:00,48,1
2019-07-06 20:55:00,50,1
2019-07-06 21:00:00,50,1
2019-07-06 21:05:00,49,1
2019-07-06 21:10:00,43,1
2019-07-06 21:15:00,45,1
2019-07-06 21:20:00,43,1
2019-07-06 21:25:00,45,1
2019-07-06 21:30:00,43,1
2019-07-06 21:35:00,42,1
2019-07-06 21:40:00,44,1
2019-07-06 21:45:00,43,1
2019-07-06 21:50:00,45,1
2019-07-06 21:55:00,39,1
2019-07-06 22:00:00,41,1
2019-07-06 22:05:00,41,1
2019-07-06 22:10:00,44,1
2019-07-06 22:15:00,42,1
2019-07-06 22:20:00,41,1
2019-07-06 22:25:00,37,1
2019-07-06 22:30:00,36,1
2019-07-06 22:35:00,35,1
2019-07-06 22:40:00,37,1
2019-07-06 22:45:00,32,1
2019-07-06 22:50:00,30,1
2019-07-06 22:55:00,33,1
2019-07-06 23:00:00,32,1
2019-07-06 23:05:00,34,1
2019-07-06 23:10:00,29,1
2019-07-06 23:15:00,28,1
2019-07-06 23:20:00,25,1
2019-07-06 23:25:00,27,1
2019-07-06 23:30:00,27,1
2019-07-06 23:35:00,26,1
2019-07-06 23:40:00,26,1
2019-07-06 23:45:00,27,1
2019-07-06 23:50:00,29,1
2019-07-06 23:55:00,37,1
2019-07-07 00:00:00,31,1
2019-07-07 00:05:00,27,1
2019-07-07 00:10:00,25,1
2019-07-07 00:15:00,33,1
2019-07-07 00:20:00,31,1
2019-07-07 00:25:00,30,1
2019-07-07 00:30:00,26,1
2019-07-07 00:35:00,29,1
2019-07-07 00:40:00,27,1
2019-07-07 00:45:00,27,1
2019-07-07 00:50:00,27,1
2019-07-07 00:55:00,25,1
2019-07-07 01:00:00,20,1
2019-07-07 01:05:00,21,1
2019-07-07 01:10:00,20,1
2019-07-07 01:15:00,19,1
2019-07-07 01:20:00,19,1
2019-07-07 01:25:00,17,1
2019-07-07 01:30:00,17,1
2019-07-07 01:35:00,17,1
2019-07-07 01:40:00,16,1
2019-07-07 01:45:00,17,1
2019-07-07 01:50:00,15,1
2019-07-07 01:55:00,16,1
2019-07-07 02:00:00,16,1
2019-07-07 02:05:00,14,1
2019-07-07 02:10:00,15,1
2019-07-07 02:15:00,14,1
2019-07-07 02:20:00,11,1
2019-07-07 02:25:00,6,1
2019-07-07 02:30:00,4,1
2019-07-07 02:35:00,6,1
2019-07-07 02:40:00,9,1
2019-07-07 02:45:00,9,1
2019-07-07 02:50:00,9,1
2019-07-07 02:55:00,9,1
2019-07-07 03:00:00,11,1
2019-07-07 03:05:00,11,1
2019-07-07 03:10:00,10,1
2019-07-07 03:15:00,7,1
2019-07-07 03:20:00,6,1
2019-07-07 03:25:00,5,1
2019-07-07 03:30:00,2,1
2019-07-07 03:35:00,2,1
2019-07-07 03:40:00,2,1
2019-07-07 03:45:00,6,1
2019-07-07 03:50:00,3,1
2019-07-07 03:55:00,3,1
2019-07-07 04:00:00,5,1
2019-07-07 04:05:00,3,1
2019-07-07 04:10:00,6,1
2019-07-07 04:15:00,7,1
2019-07-07 04:20:00,6,1
2019-07-07 04:25:00,7,1
2019-07-07 04:30:00,1,1
2019-07-07 04:35:00,3,1
2019-07-07 04:40:00,-3,1
2019-07-07 04:45:00,1,1
2019-07-07 04:50:00,-1,1
2019-07-07 04:55:00,-4,1
2019-07-07 05:00:00,-2,1
2019-07-07 05:05:00,-4,1
2019-07-07 05:10:00,-3,1
2019-07-07 05:15:00,1,1
2019-07-07 05:20:00,-1,1
2019-07-07 05:25:00,-2,1
2019-07-07 05:30:00,-1,1
2019-07-07 05:35:00,-2,1
2019-07-07 05:40:00,-1,1
2019-07-07 05:45:00,-1,1
2019-07-07 05:50:00,-1,1
2019-07-07 05:55:00,-2,1
2019-07-07 06:00:00,-1,1
2019-07-07 06:05:00,-1,1
2019-07-07 06:10:00,-1,1
2019-07-07 06:15:00,-2,1
2019-07-07 06:20:00,-2,1
2019-07-07 06:25:00,-2,1
2019-07-07 06:30:00,2,1
2019-07-07 06:35:00,4,1
2019-07-07 06:40:00,5,1
2019-07-07 06:45:00,5,1
2019-07-07 06:50:00,6,1
2019-07-07 06:55:00,5,1
2019-07-07 07:00:00,11,1
2019-07-07 07:05:00,11,1
2019-07-07 07:10:00,4,1
2019-07-07 07:15:00,-1,1
2019-07-07 07:20:00,2,1
2019-07-07 07:25:00,-4,1
2019-07-07 07:30:00,-3,1
2019-07-07 07:35:00,-3,1
2019-07-07 07:40:00,-4,1
2019-07-07 07:45:00,1,1
2019-07-07 07:50:00,-4,1
2019-07-07 07:55:00,-5,1
2019-07-07 08:00:00,-6,1
2019-07-07 08:05:00,0,1
2019-07-07 08:10:00,-3,1
2019-07-07 08:15:00,1,1
2019-07-07 08:20:00,-1,1
2019-07-07 08:25:00,1,1
2019-07-07 08:30:00,2,1
2019-07-07 08:35:00,4,1
2019-07-07 08:40:00,9,1
2019-07-07 08:45:00,6,1
2019-07-07 08:50:00,5,1
2019-07-07 08:55:00,6,1
2019-07-07 09:00:00,14,1
2019-07-07 09:05:00,10,1
2019-07-07 09:10:00,5,1
2019-07-07 09:15:00,3,1
2019-07-07 09:20:00,4,1
2019-07-07 09:25:00,1,1
2019-07-07 09:30:00,8,1
2019-07-07 09:35:00,4,1
2019-07-07 09:40:00,6,1
2019-07-07 09:45:00,8,1
2019-07-07 09:50:00,13,1
2019-07-07 09:55:00,14,1
2019-07-07 10:00:00,18,1
2019-07-07 10:05:00,17,1
2019-07-07 14:15:00,974,1
2019-07-07 14:20:00,949,1
2019-07-07 14:25:00,908,1
2019-07-07 14:30:00,880,1
2019-07-07 18:25:00,71,1
2019-07-07 18:30:00,71,1
2019-07-07 18:35:00,68,1
2019-07-07 18:40:00,74,1
2019-07-07 18:45:00,69,1
2019-07-07 18:50:00,67,1
2019-07-07 18:55:00,67,1
2019-07-07 19:00:00,66,1
2019-07-07 19:05:00,64,1
2019-07-07 19:10:00,58,1
2019-07-07 19:15:00,58,1
2019-07-07 19:20:00,59,1
2019-07-07 19:25:00,63,1
2019-07-07 19:30:00,59,1
2019-07-07 19:35:00,55,1
2019-07-07 19:40:00,50,1
2019-07-07 19:45:00,49,1
2019-07-07 19:50:00,50,1
2019-07-07 19:55:00,43,1
2019-07-07 20:00:00,48,1
2019-07-07 20:05:00,45,1
2019-07-07 20:10:00,38,1
2019-07-07 20:15:00,36,1
2019-07-07 20:20:00,36,1
2019-07-07 20:25:00,36,1
2019-07-07 20:30:00,35,1
2019-07-07 20:35:00,34,1
2019-07-07 20:40:00,34,1
2019-07-07 20:45:00,28,1
2019-07-07 20:50:00,29,1
2019-07-07 20:55:00,26,1
2019-07-07 21:00:00,33,1
2019-07-07 21:05:00,31,1
2019-07-07 21:10:00,27,1
2019-07-07 21:15:00,26,1
2019-07-07 21:20:00,27,1
2019-07-07 21:25:00,29,1
2019-07-07 21:30:00,33,1
2019-07-07 21:35:00,29,1
2019-07-07 21:40:00,26,1
2019-07-07 21:45:00,26,1
2019-07-07 21:50:00,28,1
2019-07-07 21:55:00,24,1
2019-07-07 22:00:00,26,1
2019-07-07 22:05:00,23,1
2019-07-07 22:10:00,21,1
2019-07-07 22:15:00,18,1
2019-07-07 22:20:00,20,1
2019-07-07 22:25:00,16,1
2019-07-07 22:30:00,16,1
2019-07-07 22:35:00,16,1
2019-07-07 22:40:00,14,1
2019-07-07 22:45:00,17,1
2019-07-07 22:50:00,13,1
2019-07-07 22:55:00,13,1
2019-07-07 23:00:00,9,1
2019-07-07 23:05:00,12,1
2019-07-07 23:10:00,16,1
2019-07-07 23:15:00,9,1
2019-07-07 23:20:00,10,1
2019-07-07 23:25:00,11,1
2019-07-07 23:30:00,7,1
2019-07-07 23:35:00,8,1
2019-07-07 23:40:00,9,1
2019-07-07 23:45:00,13,1
2019-07-07 23:50:00,10,1
2019-07-07 23:55:00,9,1
2019-07-08 00:00:00,3,1
2019-07-08 00:05:00,8,1
2019-07-08 00:10:00,8,1
2019-07-08 00:15:00,7,1
2019-07-08 00:20:00,6,1
2019-07-08 00:25:00,10,1
2019-07-08 00:30:00,14,1
2019-07-08 00:35:00,10,1
2019-07-08 00:40:00,8,1
2019-07-08 00:45:00,7,1
2019-07-08 00:50:00,7,1
2019-07-08 00:55:00,5,1
2019-07-08 01:00:00,4,1
2019-07-08 01:05:00,6,1
2019-07-08 01:10:00,3,1
2019-07-08 01:15:00,5,1
2019-07-08 01:20:00,4,1
2019-07-08 01:25:00,4,1
2019-07-08 01:30:00,2,1
2019-07-08 01:35:00,-3,1
2019-07-08 01:40:00,-2,1
2019-07-08 01:45:00,-6,1
2019-07-08 01:50:00,-5,1
2019-07-08 01:55:00,-6,1
2019-07-08 02:00:00,-1,1
2019-07-08 02:05:00,3,1
2019-07-08 02:10:00,1,1
2019-07-08 02:15:00,-1,1
2019-07-08 02:20:00,-2,1
2019-07-08 02:25:00,3,1
2019-07-08 02:30:00,2,1
2019-07-08 02:35:00,-4,1
2019-07-08 02:40:00,-1,1
2019-07-08 02:45:00,-1,1
2019-07-08 02:50:00,-4,1
2019-07-08 02:55:00,-5,1
2019-07-08 03:00:00,-6,1
2019-07-08 03:05:00,-3,1
2019-07-08 03:10:00,-11,1
2019-07-08 03:15:00,-9,1
2019-07-08 03:20:00,-5,1
2019-07-08 03:25:00,-9,1
2019-07-08 03:30:00,-7,1
2019-07-08 03:35:00,-7,1
2019-07-08 03:40:00,-11,1
2019-07-08 03:45:00,-9,1
2019-07-08 03:50:00,-9,1
2019-07-08 03:55:00,-10,1
2019-07-08 04:00:00,-12,1
2019-07-08 04:05:00,-11,1
2019-07-08 04:10:00,-12,1
2019-07-08 04:15:00,-12,1
2019-07-08 04:20:00,-14,1
2019-07-08 04:25:00,-14,1
2019-07-08 04:30:00,-14,1
2019-07-08 04:35:00,-17,1
2019-07-08 04:40:00,-15,1
2019-07-08 04:45:00,-13,1
2019-07-08 04:50:00,-16,1
2019-07-08 04:55:00,-11,1
2019-07-08 05:00:00,-16,1
2019-07-08 05:05:00,-17,1
2019-07-08 05:10:00,-18,1
2019-07-08 05:15:00,-17,1
2019-07-08 05:20:00,-19,1
2019-07-08 05:25:00,-20,1
2019-07-08 05:30:00,-21,1
2019-07-08 05:35:00,-18,1
2019-07-08 05:40:00,-19,1
2019-07-08 05:45:00,-17,1
2019-07-08 05:50:00,-22,1
2019-07-08 05:55:00,-16,1
2019-07-08 06:00:00,-15,1
2019-07-08 06:05:00,-12,1
2019-07-08 06:10:00,-12,1
2019-07-08 06:15:00,-9,1
2019-07-08 06:20:00,-8,1
2019-07-08 06:25:00,-5,1
2019-07-08 06:30:00,-6,1
2019-07-08 06:35:00,-7,1
2019-07-08 06:40:00,-1,1
2019-07-08 06:45:00,0,1
2019-07-08 06:50:00,-5,1
2019-07-08 06:55:00,-5,1
2019-07-08 07:00:00,-11,1
2019-07-08 07:05:00,-7,1
2019-07-08 07:10:00,-5,1
2019-07-08 18:50:00,128,1
2019-07-08 18:55:00,121,1
2019-07-08 19:00:00,113,1
2019-07-08 19:05:00,110,1
2019-07-08 19:10:00,110,1
2019-07-08 19:15:00,108,1
2019-07-08 19:20:00,100,1
2019-07-08 19:25:00,93,1
2019-07-08 19:30:00,87,1
2019-07-08 19:35:00,88,1
2019-07-08 19:40:00,80,1
2019-07-08 19:45:00,78,1
2019-07-08 19:50:00,70,1
2019-07-08 19:55:00,65,1
2019-07-08 20:00:00,60,1
2019-07-08 20:05:00,59,1
2019-07-08 20:10:00,54,1
2019-07-08 20:15:00,47,1
2019-07-08 20:20:00,46,1
2019-07-08 20:25:00,43,1
2019-07-08 20:30:00,38,1
2019-07-08 20:35:00,34,1
2019-07-08 20:40:00,30,1
2019-07-08 20:45:00,30,1
2019-07-08 20:50:00,30,1
2019-07-08 20:55:00,26,1
2019-07-08 21:00:00,24,1
2019-07-08 21:05:00,19,1
2019-07-08 21:10:00,21,1
2019-07-08 21:15:00,21,1
2019-07-08 21:20:00,18,1
2019-07-08 21:25:00,18,1
2019-07-08 21:30:00,18,1
2019-07-08 21:35:00,12,1
2019-07-08 21:40:00,12,1
2019-07-08 21:45:00,17,1
2019-07-08 21:50:00,9,1
2019-07-08 21:55:00,9,1
2019-07-08 22:00:00,11,1
2019-07-08 22:05:00,3,1
2019-07-08 22:10:00,5,1
2019-07-08 22:15:00,3,1
2019-07-08 22:20:00,0,1
2019-07-08 22:25:00,1,1
2019-07-08 22:30:00,2,1
2019-07-08 22:35:00,6,1
2019-07-08 22:40:00,7,1
2019-07-08 22:45:00,6,1
2019-07-08 22:50:00,7,1
2019-07-08 22:55:00,6,1
2019-07-08 23:00:00,8,1
2019-07-08 23:05:00,4,1
2019-07-08 23:10:00,5,1
2019-07-08 23:15:00,11,1
2019-07-08 23:20:00,15,1
2019-07-08 23:25:00,9,1
2019-07-08 23:30:00,4,1
2019-07-08 23:35:00,4,1
2019-07-08 23:40:00,6,1
2019-07-08 23:45:00,3,1
2019-07-08 23:50:00,7,1
2019-07-08 23:55:00,6,1
2019-07-09 00:00:00,1,1
2019-07-09 00:05:00,-4,1
2019-07-09 00:10:00,-3,1
2019-07-09 00:15:00,4,1
2019-07-09 00:20:00,-7,1
2019-07-09 00:25:00,-2,1
2019-07-09 00:30:00,-2,1
2019-07-09 00:35:00,-6,1
2019-07-09 00:40:00,-2,1
2019-07-09 00:45:00,-11,1
2019-07-09 00:50:00,-9,1
2019-07-09 00:55:00,-5,1
2019-07-09 01:00:00,-3,1
2019-07-09 01:05:00,-7,1
2019-07-09 01:10:00,-4,1
2019-07-09 01:15:00,-5,1
2019-07-09 01:20:00,-5,1
2019-07-09 01:25:00,-8,1
2019-07-09 01:30:00,-5,1
2019-07-09 01:35:00,-6,1
2019-07-09 01:40:00,-10,1
2019-07-09 01:45:00,-9,1
2019-07-09 01:50:00,-14,1
2019-07-09 01:55:00,-11,1
2019-07-09 02:00:00,-11,1
2019-07-09 02:05:00,-9,1
2019-07-09 02:10:00,-8,1
2019-07-09 02:15:00,-16,1
2019-07-09 02:20:00,-7,1
2019-07-09 02:25:00,-11,1
2019-07-09 02:30:00,-8,1
2019-07-09 02:35:00,-9,1
2019-07-09 02:40:00,-9,1
2019-07-09 02:45:00,-10,1
2019-07-09 02:50:00,-13,1
2019-07-09 02:55:00,-14,1
2019-07-09 03:00:00,-14,1
2019-07-09 03:05:00,-16,1
2019-07-09 03:10:00,-13,1
2019-07-09 03:15:00,-21,1
2019-07-09 03:20:00,-15,1
2019-07-09 03:25:00,-10,1
2019-07-09 03:30:00,-12,1
2019-07-09 03:35:00,-19,1
2019-07-09 03:40:00,-18,1
2019-07-09 03:45:00,-16,1
2019-07-09 03:50:00,-15,1
2019-07-09 03:55:00,-20,1
2019-07-09 04:00:00,-13,1
2019-07-09 04:05:00,-15,1
2019-07-09 04:10:00,-19,1
2019-07-09 04:15:00,-19,1
2019-07-09 04:20:00,-19,1
2019-07-09 04:25:00,-17,1
2019-07-09 04:30:00,-19,1
2019-07-09 04:35:00,-18,1
2019-07-09 04:40:00,-13,1
2019-07-09 04:45:00,-16,1
2019-07-09 04:50:00,-15,1
2019-07-09 04:55:00,-16,1
2019-07-09 05:00:00,-18,1
2019-07-09 05:05:00,-18,1
2019-07-09 05:10:00,-14,1
2019-07-09 05:15:00,-11,1
2019-07-09 05:20:00,-18,1
2019-07-09 05:25:00,-19,1
2019-07-09 05:30:00,-18,1
2019-07-09 05:35:00,-21,1
2019-07-09 05:40:00,-21,1
2019-07-09 05:45:00,-30,1
2019-07-09 05:50:00,-23,1
2019-07-09 05:55:00,-32,1
2019-07-09 06:00:00,-34,1
2019-07-09 06:05:00,-33,1
2019-07-09 06:10:00,-32,1
2019-07-09 06:15:00,-40,1
2019-07-09 06:20:00,-38,1
2019-07-09 06:25:00,-42,1
2019-07-09 06:30:00,-42,1
2019-07-09 06:35:00,-41,1
2019-07-09 06:40:00,-48,1
2019-07-09 06:45:00,-52,1
2019-07-09 06:50:00,-49,1
2019-07-09 06:55:00,-52,1
2019-07-09 07:00:00,-48,1
2019-07-09 19:15:00,109,1
2019-07-09 19:20:00,99,1
2019-07-09 19:25:00,102,1
2019-07-09 19:30:00,93,1
2019-07-09 19:35:00,85,1
2019-07-09 19:40:00,85,1
2019-07-09 19:45:00,79,1
2019-07-09 19:50:00,78,1
2019-07-09 19:55:00,69,1
2019-07-09 20:00:00,66,1
2019-07-09 20:05:00,63,1
2019-07-09 20:10:00,55,1
2019-07-09 20:15:00,54,1
2019-07-09 20:20:00,50,1
2019-07-09 20:25:00,53,1
2019-07-09 20:30:00,46,1
2019-07-09 20:35:00,41,1
2019-07-09 20:40:00,42,1
2019-07-09 20:45:00,35,1
2019-07-09 20:50:00,31,1
2019-07-09 20:55:00,33,1
2019-07-09 21:00:00,27,1
2019-07-09 21:05:00,26,1
2019-07-09 21:10:00,25,1
2019-07-09 21:15:00,25,1
2019-07-09 21:20:00,24,1
2019-07-09 21:25:00,24,1
2019-07-09 21:30:00,31,1
2019-07-09 21:35:00,26,1
2019-07-09 21:40:00,21,1
2019-07-09 21:45:00,25,1
2019-07-09 21:50:00,22,1
2019-07-09 23:25:00,29,1
2019-07-09 23:30:00,21,1
2019-07-09 23:35:00,20,1
2019-07-09 23:40:00,30,1
2019-07-09 23:45:00,22,1
2019-07-09 23:50:00,21,1
2019-07-09 23:55:00,19,1
2019-07-10 00:00:00,17,1
2019-07-10 00:05:00,24,1
2019-07-10 00:10:00,23,1
2019-07-10 00:15:00,14,1
2019-07-10 00:20:00,25,1
2019-07-10 00:25:00,25,1
2019-07-10 00:30:00,18,1
2019-07-10 00:35:00,20,1
2019-07-10 00:40:00,19,1
2019-07-10 00:45:00,16,1
2019-07-10 00:50:00,19,1
2019-07-10 00:55:00,9,1
2019-07-10 01:00:00,12,1
2019-07-10 01:05:00,10,1
2019-07-10 01:10:00,11,1
2019-07-10 01:15:00,14,1
2019-07-10 01:20:00,8,1
2019-07-10 01:25:00,12,1
2019-07-10 01:30:00,9,1
2019-07-10 01:35:00,4,1
2019-07-10 01:40:00,4,1
2019-07-10 01:45:00,4,1
2019-07-10 01:50:00,9,1
2019-07-10 01:55:00,4,1
2019-07-10 02:00:00,3,1
2019-07-10 02:05:00,-4,1
2019-07-10 02:10:00,-5,1
2019-07-10 02:15:00,0,1
2019-07-10 02:20:00,0,1
2019-07-10 02:25:00,-2,1
2019-07-10 02:30:00,0,1
2019-07-10 02:35:00,-7,1
2019-07-10 02:40:00,-7,1
2019-07-10 02:45:00,-9,1
2019-07-10 02:50:00,-12,1
2019-07-10 02:55:00,-13,1
2019-07-10 03:00:00,-12,1
2019-07-10 03:05:00,-2,1
2019-07-10 03:10:00,-10,1
2019-07-10 03:15:00,-11,1
2019-07-10 03:20:00,-15,1
2019-07-10 03:25:00,-16,1
2019-07-10 03:30:00,-12,1
2019-07-10 03:35:00,-7,1
2019-07-10 03:40:00,-11,1
2019-07-10 03:45:00,-11,1
2019-07-10 03:50:00,-8,1
2019-07-10 03:55:00,-1,1
2019-07-10 04:00:00,0,1
2019-07-10 04:05:00,-1,1
2019-07-10 04:10:00,-5,1
2019-07-10 04:15:00,-8,1
2019-07-10 04:20:00,-1,1
2019-07-10 04:25:00,-6,1
2019-07-10 04:30:00,-1,1
2019-07-10 04:35:00,-3,1
2019-07-10 04:40:00,-2,1
2019-07-10 04:45:00,-8,1
2019-07-10 04:50:00,-7,1
2019-07-10 04:55:00,-7,1
2019-07-10 05:00:00,-10,1
2019-07-10 05:05:00,-9,1
2019-07-10 05:10:00,-8,1
2019-07-10 05:15:00,-9,1
2019-07-10 05:20:00,-9,1
2019-07-10 05:25:00,-9,1
2019-07-10 05:30:00,-5,1
2019-07-10 05:35:00,-6,1
2019-07-10 05:40:00,-6,1
2019-07-10 05:45:00,-5,1
2019-07-10 05:50:00,-6,1
2019-07-10 05:55:00,-10,1
2019-07-10 06:00:00,-9,1
2019-07-10 06:05:00,-13,1
2019-07-10 06:10:00,-14,1
2019-07-10 06:15:00,-12,1
2019-07-10 06:20:00,-10,1
2019-07-10 06:25:00,-14,1
2019-07-10 06:30:00,-8,1
2019-07-10 06:35:00,-4,1
2019-07-10 06:40:00,-10,1
2019-07-10 06:45:00,-11,1
2019-07-10 06:50:00,-11,1
2019-07-10 06:55:00,-8,1
2019-07-10 07:00:00,-2,1
2019-07-10 19:40:00,105,1
2019-07-10 19:45:00,100,1
2019-07-10 19:50:00,99,1
2019-07-10 19:55:00,92,1
2019-07-10 20:00:00,83,1
2019-07-10 20:05:00,79,1
2019-07-10 20:10:00,79,1
2019-07-10 20:15:00,72,1
2019-07-10 20:20:00,78,1
2019-07-10 20:25:00,74,1
2019-07-10 20:30:00,70,1
2019-07-10 20:35:00,66,1
2019-07-10 20:40:00,65,1
2019-07-10 20:45:00,58,1
2019-07-10 20:50:00,57,1
2019-07-10 20:55:00,53,1
2019-07-10 21:00:00,55,1
2019-07-10 21:05:00,46,1
2019-07-10 21:10:00,46,1
2019-07-10 21:15:00,43,1
2019-07-10 21:20:00,45,1
2019-07-10 21:25:00,40,1
2019-07-10 21:30:00,39,1
2019-07-10 21:35:00,43,1
2019-07-10 21:40:00,41,1
2019-07-10 21:45:00,36,1
2019-07-10 21:50:00,35,1
2019-07-10 21:55:00,36,1
2019-07-10 22:00:00,37,1
2019-07-10 22:05:00,32,1
2019-07-10 22:10:00,29,1
2019-07-10 22:15:00,31,1
2019-07-10 22:20:00,41,1
2019-07-10 22:25:00,31,1
2019-07-10 22:30:00,28,1
2019-07-10 22:35:00,31,1
2019-07-10 22:40:00,33,1
2019-07-10 22:45:00,31,1
2019-07-10 22:50:00,26,1
2019-07-10 22:55:00,27,1
2019-07-10 23:00:00,30,1
2019-07-10 23:05:00,27,1
2019-07-10 23:10:00,29,1
2019-07-10 23:15:00,24,1
2019-07-10 23:20:00,24,1
2019-07-10 23:25:00,22,1
2019-07-10 23:30:00,21,1
2019-07-10 23:35:00,27,1
2019-07-10 23:40:00,28,1
2019-07-10 23:45:00,23,1
2019-07-10 23:50:00,21,1
2019-07-10 23:55:00,19,1
2019-07-11 00:00:00,22,1
2019-07-11 00:05:00,18,1
2019-07-11 00:10:00,27,1
2019-07-11 00:15:00,18,1
2019-07-11 00:20:00,18,1
2019-07-11 00:25:00,14,1
2019-07-11 00:30:00,14,1
2019-07-11 00:35:00,11,1
2019-07-11 00:40:00,11,1
2019-07-11 00:45:00,18,1
2019-07-11 00:50:00,9,1
2019-07-11 00:55:00,9,1
2019-07-11 01:00:00,10,1
2019-07-11 01:05:00,10,1
2019-07-11 01:10:00,9,1
2019-07-11 01:15:00,7,1
2019-07-11 01:20:00,8,1
2019-07-11 01:25:00,2,1
2019-07-11 01:30:00,6,1
2019-07-11 01:35:00,4,1
2019-07-11 01:40:00,6,1
2019-07-11 01:45:00,1,1
2019-07-11 01:50:00,0,1
2019-07-11 01:55:00,5,1
2019-07-11 02:00:00,5,1
2019-07-11 02:05:00,2,1
2019-07-11 02:10:00,4,1
2019-07-11 02:15:00,-1,1
2019-07-11 02:20:00,2,1
2019-07-11 02:25:00,-5,1
2019-07-11 02:30:00,2,1
2019-07-11 02:35:00,-5,1
2019-07-11 02:40:00,-2,1
2019-07-11 02:45:00,-3,1
2019-07-11 02:50:00,-5,1
2019-07-11 02:55:00,-3,1
2019-07-11 03:00:00,-4,1
2019-07-11 03:05:00,-1,1
2019-07-11 03:10:00,0,1
2019-07-11 03:15:00,0,1
2019-07-11 03:20:00,1,1
2019-07-11 03:25:00,-2,1
2019-07-11 03:30:00,-4,1
2019-07-11 03:35:00,-3,1
2019-07-11 03:40:00,-1,1
2019-07-11 03:45:00,-6,1
2019-07-11 03:50:00,-8,1
2019-07-11 03:55:00,-1,1
2019-07-11 04:00:00,-8,1
2019-07-11 04:05:00,-10,1
2019-07-11 04:10:00,-12,1
2019-07-11 04:15:00,-14,1
2019-07-11 04:20:00,-11,1
2019-07-11 04:25:00,-15,1
2019-07-11 04:30:00,-9,1
2019-07-11 04:35:00,-11,1
2019-07-11 04:40:00,-13,1
2019-07-11 04:45:00,-20,1
2019-07-11 04:50:00,-18,1
2019-07-11 04:55:00,-9,1
2019-07-11 05:00:00,-14,1
2019-07-11 05:05:00,-10,1
2019-07-11 05:10:00,-15,1
2019-07-11 05:15:00,-12,1
2019-07-11 05:20:00,-4,1
2019-07-11 05:25:00,-12,1
2019-07-11 05:30:00,-10,1
2019-07-11 06:05:00,-8,1
2019-07-11 06:10:00,-7,1
2019-07-11 06:15:00,-7,1
2019-07-11 06:20:00,-3,1
2019-07-11 06:25:00,-1,1
2019-07-11 06:30:00,-5,1
2019-07-11 06:35:00,-2,1
2019-07-11 06:40:00,-4,1
2019-07-11 06:45:00,-6,1
2019-07-11 06:50:00,0,1
2019-07-11 06:55:00,12,1
2019-07-11 07:00:00,24,1
2019-07-11 19:20:00,129,1
2019-07-11 19:25:00,134,1
2019-07-11 19:30:00,128,1
2019-07-11 19:35:00,123,1
2019-07-11 19:40:00,115,1
2019-07-11 19:45:00,113,1
2019-07-11 19:50:00,109,1
2019-07-11 19:55:00,106,1
2019-07-11 20:00:00,100,1
2019-07-11 20:05:00,94,1
2019-07-11 20:10:00,89,1
2019-07-11 20:15:00,87,1
2019-07-11 20:20:00,77,1
2019-07-11 20:25:00,75,1
2019-07-11 20:30:00,76,1
2019-07-11 20:35:00,71,1
2019-07-11 20:40:00,69,1
2019-07-11 20:45:00,62,1
2019-07-11 20:50:00,61,1
2019-07-11 20:55:00,63,1
2019-07-11 21:00:00,55,1
2019-07-11 21:05:00,50,1
2019-07-11 21:10:00,48,1
2019-07-11 21:15:00,42,1
2019-07-11 21:20:00,44,1
2019-07-11 21:25:00,41,1
2019-07-11 21:30:00,38,1
2019-07-11 21:35:00,41,1
2019-07-11 21:40:00,36,1
2019-07-11 21:45:00,37,1
2019-07-11 21:50:00,37,1
2019-07-11 21:55:00,32,1
2019-07-11 22:00:00,36,1
2019-07-11 22:05:00,37,1
2019-07-11 22:10:00,31,1
2019-07-11 22:15:00,32,1
2019-07-11 22:20:00,29,1
2019-07-11 22:25:00,31,1
2019-07-11 22:30:00,32,1
2019-07-11 22:35:00,31,1
2019-07-11 22:40:00,28,1
2019-07-11 22:45:00,23,1
2019-07-11 22:50:00,24,1
2019-07-11 22:55:00,24,1
2019-07-11 23:00:00,25,1
2019-07-11 23:05:00,29,1
2019-07-11 23:10:00,20,1
2019-07-11 23:15:00,24,1
2019-07-11 23:20:00,22,1
2019-07-11 23:25:00,17,1
2019-07-11 23:30:00,27,1
2019-07-11 23:35:00,24,1
2019-07-11 23:40:00,18,1
2019-07-11 23:45:00,20,1
2019-07-11 23:50:00,19,1
2019-07-11 23:55:00,15,1
2019-07-12 00:00:00,15,1
2019-07-12 00:05:00,10,1
2019-07-12 00:10:00,10,1
2019-07-12 00:15:00,8,1
2019-07-12 00:20:00,12,1
2019-07-12 00:25:00,3,1
2019-07-12 00:30:00,4,1
2019-07-12 00:35:00,1,1
2019-07-12 00:40:00,5,1
2019-07-12 00:45:00,8,1
2019-07-12 00:50:00,6,1
2019-07-12 00:55:00,3,1
2019-07-12 01:00:00,2,1
2019-07-12 01:05:00,4,1
2019-07-12 01:10:00,0,1
2019-07-12 01:15:00,1,1
2019-07-12 01:20:00,3,1
2019-07-12 01:25:00,-2,1
2019-07-12 01:30:00,1,1
2019-07-12 01:35:00,-4,1
2019-07-12 01:40:00,-5,1
2019-07-12 01:45:00,0,1
2019-07-12 01:50:00,5,1
2019-07-12 01:55:00,1,1
2019-07-12 02:00:00,2,1
2019-07-12 02:05:00,4,1
2019-07-12 02:10:00,8,1
2019-07-12 02:15:00,-1,1
2019-07-12 02:20:00,-1,1
2019-07-12 02:25:00,1,1
2019-07-12 02:30:00,-4,1
2019-07-12 02:35:00,-8,1
2019-07-12 02:40:00,0,1
2019-07-12 02:45:00,2,1
2019-07-12 02:50:00,-1,1
2019-07-12 02:55:00,4,1
2019-07-12 03:00:00,-4,1
2019-07-12 03:05:00,-6,1
2019-07-12 03:10:00,-10,1
2019-07-12 03:15:00,-8,1
2019-07-12 03:20:00,-6,1
2019-07-12 03:25:00,-4,1
2019-07-12 03:30:00,-9,1
2019-07-12 03:35:00,-9,1
2019-07-12 03:40:00,-11,1
2019-07-12 03:45:00,-3,1
2019-07-12 03:50:00,-10,1
2019-07-12 03:55:00,-8,1
2019-07-12 04:00:00,-10,1
2019-07-12 04:05:00,-12,1
2019-07-12 04:10:00,-9,1
2019-07-12 04:15:00,-9,1
2019-07-12 04:20:00,-7,1
2019-07-12 04:25:00,-6,1
2019-07-12 04:30:00,-9,1
2019-07-12 04:35:00,-7,1
2019-07-12 04:40:00,2,1
2019-07-12 04:45:00,-4,1
2019-07-12 04:50:00,-7,1
2019-07-12 04:55:00,-2,1
2019-07-12 05:00:00,-5,1
2019-07-12 05:05:00,5,1
2019-07-12 05:10:00,-1,1
2019-07-12 05:15:00,-7,1
2019-07-12 05:20:00,3,1
2019-07-12 05:25:00,-5,1
2019-07-12 05:30:00,2,1
2019-07-12 05:35:00,-3,1
2019-07-12 05:40:00,0,1
2019-07-12 05:45:00,-3,1
2019-07-12 05:50:00,-7,1
2019-07-12 05:55:00,-5,1
2019-07-12 06:00:00,-1,1
2019-07-12 06:05:00,-2,1
2019-07-12 06:10:00,-5,1
2019-07-12 06:15:00,-8,1
2019-07-12 06:20:00,-3,1
2019-07-12 06:25:00,-11,1
2019-07-12 06:30:00,-16,1
2019-07-12 06:35:00,-18,1
2019-07-12 06:40:00,-12,1
2019-07-12 06:45:00,-11,1
2019-07-12 06:50:00,-2,1
2019-07-12 06:55:00,-1,1
2019-07-12 07:00:00,-3,1
2019-07-12 07:05:00,-14,1
2019-07-12 21:30:00,150,1
2019-07-12 21:35:00,144,1
2019-07-12 21:40:00,144,1
2019-07-12 21:45:00,143,1
2019-07-12 21:50:00,143,1
2019-07-12 21:55:00,137,1
2019-07-12 22:00:00,138,1
2019-07-12 22:05:00,137,1
2019-07-12 22:10:00,135,1
2019-07-12 22:15:00,132,1
2019-07-12 22:20:00,130,1
2019-07-12 22:25:00,128,1
2019-07-12 22:30:00,124,1
2019-07-12 22:35:00,124,1
2019-07-12 22:40:00,126,1
2019-07-12 22:45:00,125,1
2019-07-12 22:50:00,122,1
2019-07-12 22:55:00,122,1
2019-07-12 23:00:00,119,1
2019-07-12 23:05:00,119,1
2019-07-12 23:10:00,108,1
2019-07-12 23:15:00,117,1
2019-07-12 23:20:00,113,1
2019-07-12 23:25:00,114,1
2019-07-12 23:30:00,111,1
2019-07-12 23:35:00,107,1
2019-07-12 23:40:00,104,1
2019-07-12 23:45:00,102,1
2019-07-12 23:50:00,101,1
2019-07-12 23:55:00,102,1
2019-07-13 00:00:00,92,1
2019-07-13 00:05:00,94,1
2019-07-13 00:10:00,90,1
2019-07-13 00:15:00,87,1
2019-07-13 00:20:00,93,1
2019-07-13 00:25:00,87,1
2019-07-13 00:30:00,91,1
2019-07-13 00:35:00,87,1
2019-07-13 00:40:00,85,1
2019-07-13 00:45:00,80,1
2019-07-13 00:50:00,80,1
2019-07-13 00:55:00,77,1
2019-07-13 01:00:00,77,1
2019-07-13 01:05:00,77,1
2019-07-13 01:10:00,73,1
2019-07-13 01:15:00,70,1
2019-07-13 01:20:00,63,1
2019-07-13 01:25:00,65,1
2019-07-13 01:30:00,63,1
2019-07-13 01:35:00,64,1
2019-07-13 01:40:00,58,1
2019-07-13 01:45:00,60,1
2019-07-13 01:50:00,54,1
2019-07-13 01:55:00,55,1
2019-07-13 02:00:00,59,1
2019-07-13 02:05:00,54,1
2019-07-13 02:10:00,54,1
2019-07-13 02:15:00,49,1
2019-07-13 02:20:00,49,1
2019-07-13 02:25:00,47,1
2019-07-13 02:30:00,43,1
2019-07-13 02:35:00,46,1
2019-07-13 02:40:00,37,1
2019-07-13 02:45:00,47,1
2019-07-13 02:50:00,40,1
2019-07-13 02:55:00,42,1
2019-07-13 03:00:00,40,1
2019-07-13 03:05:00,39,1
2019-07-13 03:10:00,39,1
2019-07-13 03:15:00,37,1
2019-07-13 03:20:00,33,1
2019-07-13 03:25:00,34,1
2019-07-13 03:30:00,28,1
2019-07-13 03:35:00,39,1
2019-07-13 03:40:00,34,1
2019-07-13 03:45:00,36,1
2019-07-13 03:50:00,36,1
2019-07-13 03:55:00,31,1
2019-07-13 04:00:00,28,1
2019-07-13 04:05:00,26,1
2019-07-13 04:10:00,25,1
2019-07-13 04:15:00,26,1
2019-07-13 04:20:00,26,1
2019-07-13 04:25:00,21,1
2019-07-13 04:30:00,22,1
2019-07-13 04:35:00,21,1
2019-07-13 04:40:00,20,1
2019-07-13 04:45:00,19,1
2019-07-13 04:50:00,23,1
2019-07-13 04:55:00,19,1
2019-07-13 05:00:00,22,1
2019-07-13 05:05:00,19,1
2019-07-13 05:10:00,22,1
2019-07-13 05:15:00,15,1
2019-07-13 05:20:00,12,1
2019-07-13 05:25:00,9,1
2019-07-13 05:30:00,12,1
2019-07-13 05:35:00,13,1
2019-07-13 05:40:00,12,1
2019-07-13 05:45:00,7,1
2019-07-13 05:50:00,9,1
2019-07-13 05:55:00,12,1
2019-07-13 06:00:00,6,1
2019-07-13 06:05:00,11,1
2019-07-13 06:10:00,4,1
2019-07-13 06:15:00,3,1
2019-07-13 06:20:00,2,1
2019-07-13 06:25:00,1,1
2019-07-13 06:30:00,-1,1
2019-07-13 06:35:00,3,1
2019-07-13 06:40:00,5,1
2019-07-13 06:45:00,6,1
2019-07-13 06:50:00,7,1
2019-07-13 06:55:00,6,1
2019-07-13 07:00:00,6,1
2019-07-13 07:05:00,12,1
2019-07-13 07:10:00,8,1
2019-07-13 07:15:00,9,1
2019-07-13 07:20:00,8,1
2019-07-13 07:25:00,10,1
2019-07-13 07:30:00,8,1
2019-07-13 07:35:00,8,1
2019-07-13 07:40:00,14,1
2019-07-13 07:45:00,10,1
2019-07-13 07:50:00,9,1
2019-07-13 07:55:00,16,1
2019-07-13 08:00:00,14,1
2019-07-13 08:05:00,11,1
2019-07-13 08:10:00,10,1
2019-07-13 08:15:00,14,1
2019-07-13 08:20:00,9,1
2019-07-13 08:25:00,11,1
2019-07-13 08:30:00,11,1
2019-07-13 08:35:00,11,1
2019-07-13 08:40:00,20,1
2019-07-13 08:45:00,15,1
2019-07-13 08:50:00,15,1
2019-07-13 08:55:00,11,1
2019-07-13 09:00:00,16,1
2019-07-13 09:05:00,19,1
2019-07-13 09:10:00,20,1
2019-07-13 09:15:00,25,1
2019-07-13 09:20:00,23,1
2019-07-13 09:25:00,22,1
2019-07-13 09:30:00,28,1
2019-07-13 09:35:00,29,1
2019-07-13 09:40:00,27,1
2019-07-13 09:45:00,27,1
2019-07-13 09:50:00,31,1
2019-07-13 09:55:00,26,1
2019-07-13 10:00:00,30,1
2019-07-13 10:05:00,28,1
2019-07-13 10:10:00,32,1
2019-07-13 10:15:00,29,1
2019-07-13 10:20:00,33,1
2019-07-13 10:25:00,34,1
2019-07-13 10:30:00,33,1
2019-07-13 10:35:00,33,1
2019-07-13 10:40:00,32,1
2019-07-13 10:45:00,36,1
2019-07-13 10:50:00,41,1
2019-07-13 10:55:00,39,1
2019-07-13 11:00:00,39,1
2019-07-13 11:05:00,43,1
2019-07-13 11:10:00,48,1
2019-07-13 11:15:00,43,1
2019-07-13 11:20:00,51,1
2019-07-13 11:25:00,46,1
2019-07-13 11:30:00,46,1
2019-07-13 11:35:00,43,1
2019-07-13 11:40:00,46,1
2019-07-13 11:45:00,45,1
2019-07-13 11:50:00,47,1
2019-07-13 11:55:00,51,1
2019-07-13 12:00:00,52,1
2019-07-13 12:05:00,52,1
2019-07-13 12:10:00,57,1
2019-07-13 20:00:00,195,1
2019-07-13 20:05:00,167,1
2019-07-13 20:10:00,139,1
2019-07-13 20:15:00,125,1
2019-07-13 20:20:00,116,1
2019-07-13 20:25:00,112,1
2019-07-13 20:30:00,108,1
2019-07-13 20:35:00,112,1
2019-07-13 20:40:00,107,1
2019-07-13 20:45:00,104,1
2019-07-13 20:50:00,104,1
2019-07-13 20:55:00,97,1
2019-07-13 21:00:00,95,1
2019-07-13 21:05:00,93,1
2019-07-13 21:10:00,95,1
2019-07-13 21:15:00,92,1
2019-07-13 21:20:00,89,1
2019-07-13 21:25:00,86,1
2019-07-13 21:30:00,73,1
2019-07-13 21:35:00,78,1
2019-07-13 21:40:00,71,1
2019-07-13 21:45:00,70,1
2019-07-13 21:50:00,66,1
2019-07-13 21:55:00,65,1
2019-07-13 22:00:00,65,1
2019-07-13 22:05:00,65,1
2019-07-13 22:10:00,65,1
2019-07-13 22:15:00,63,1
2019-07-13 22:20:00,54,1
2019-07-13 22:25:00,56,1
2019-07-13 22:30:00,60,1
2019-07-13 22:35:00,58,1
2019-07-13 22:40:00,57,1
2019-07-13 22:45:00,56,1
2019-07-13 22:50:00,56,1
2019-07-13 22:55:00,53,1
2019-07-13 23:00:00,56,1
2019-07-13 23:05:00,48,1
2019-07-13 23:10:00,50,1
2019-07-13 23:15:00,53,1
2019-07-13 23:20:00,53,1
2019-07-13 23:25:00,46,1
2019-07-13 23:30:00,49,1
2019-07-13 23:35:00,48,1
2019-07-13 23:40:00,45,1
2019-07-13 23:45:00,38,1
2019-07-13 23:50:00,44,1
2019-07-13 23:55:00,35,1
2019-07-14 00:00:00,39,1
2019-07-14 00:05:00,39,1
2019-07-14 00:10:00,41,1
2019-07-14 00:15:00,48,1
2019-07-14 00:20:00,42,1
2019-07-14 00:25:00,38,1
2019-07-14 00:30:00,39,1
2019-07-14 00:35:00,35,1
2019-07-14 00:40:00,38,1
2019-07-14 00:45:00,33,1
2019-07-14 00:50:00,30,1
2019-07-14 00:55:00,31,1
2019-07-14 01:00:00,36,1
2019-07-14 01:05:00,34,1
2019-07-14 01:10:00,27,1
2019-07-14 01:15:00,24,1
2019-07-14 01:20:00,29,1
2019-07-14 01:25:00,21,1
2019-07-14 01:30:00,21,1
2019-07-14 01:35:00,20,1
2019-07-14 01:40:00,19,1
2019-07-14 01:45:00,20,1
2019-07-14 01:50:00,18,1
2019-07-14 01:55:00,15,1
2019-07-14 02:00:00,13,1
2019-07-14 02:05:00,13,1
2019-07-14 02:10:00,13,1
2019-07-14 02:15:00,18,1
2019-07-14 02:20:00,15,1
2019-07-14 02:25:00,15,1
2019-07-14 02:30:00,15,1
2019-07-14 02:35:00,15,1
2019-07-14 02:40:00,14,1
2019-07-14 02:45:00,12,1
2019-07-14 02:50:00,11,1
2019-07-14 02:55:00,12,1
2019-07-14 03:00:00,11,1
2019-07-14 03:05:00,11,1
2019-07-14 03:10:00,14,1
2019-07-14 03:15:00,18,1
2019-07-14 03:20:00,11,1
2019-07-14 03:25:00,11,1
2019-07-14 03:30:00,9,1
2019-07-14 03:35:00,12,1
2019-07-14 03:40:00,14,1
2019-07-14 03:45:00,16,1
2019-07-14 03:50:00,13,1
2019-07-14 03:55:00,7,1
2019-07-14 04:00:00,9,1
2019-07-14 04:05:00,14,1
2019-07-14 04:10:00,11,1
2019-07-14 04:15:00,3,1
2019-07-14 04:20:00,2,1
2019-07-14 04:25:00,-3,1
2019-07-14 04:30:00,-1,1
2019-07-14 04:35:00,-1,1
2019-07-14 04:40:00,0,1
2019-07-14 04:45:00,-4,1
2019-07-14 04:50:00,-4,1
2019-07-14 04:55:00,-9,1
2019-07-14 05:00:00,-9,1
2019-07-14 05:05:00,-8,1
2019-07-14 05:10:00,-10,1
2019-07-14 05:15:00,-7,1
2019-07-14 05:20:00,-2,1
2019-07-14 05:25:00,0,1
2019-07-14 05:30:00,-1,1
2019-07-14 05:35:00,-1,1
2019-07-14 05:40:00,-8,1
2019-07-14 05:45:00,-9,1
2019-07-14 05:50:00,-7,1
2019-07-14 05:55:00,-8,1
2019-07-14 06:00:00,-5,1
2019-07-14 06:05:00,-4,1
2019-07-14 06:10:00,-4,1
2019-07-14 06:15:00,-4,1
2019-07-14 06:20:00,-6,1
2019-07-14 06:25:00,-8,1
2019-07-14 06:30:00,-9,1
2019-07-14 06:35:00,-1,1
2019-07-14 06:40:00,-4,1
2019-07-14 06:45:00,-6,1
2019-07-14 06:50:00,5,1
2019-07-14 06:55:00,-1,1
2019-07-14 07:00:00,0,1
2019-07-14 07:05:00,-2,1
2019-07-14 07:10:00,-1,1
2019-07-14 07:15:00,-3,1
2019-07-14 07:20:00,-1,1
2019-07-14 07:25:00,0,1
2019-07-14 07:30:00,2,1
2019-07-14 07:35:00,1,1
2019-07-14 07:40:00,3,1
2019-07-14 07:45:00,2,1
2019-07-14 07:50:00,5,1
2019-07-14 07:55:00,4,1
2019-07-14 08:00:00,4,1
2019-07-14 08:05:00,12,1
2019-07-14 08:10:00,9,1
2019-07-14 08:15:00,16,1
2019-07-14 08:20:00,7,1
2019-07-14 08:25:00,7,1
2019-07-14 08:30:00,16,1
2019-07-14 08:35:00,10,1
2019-07-14 08:40:00,19,1
2019-07-14 08:45:00,14,1
2019-07-14 08:50:00,13,1
2019-07-14 08:55:00,17,1
2019-07-14 09:00:00,16,1
2019-07-14 09:05:00,18,1
2019-07-14 09:10:00,17,1
2019-07-14 09:15:00,15,1
2019-07-14 09:20:00,14,1
2019-07-14 09:25:00,20,1
2019-07-14 09:30:00,18,1
2019-07-14 09:35:00,16,1
2019-07-14 09:40:00,18,1
2019-07-14 09:45:00,19,1
2019-07-14 09:50:00,16,1
2019-07-14 09:55:00,20,1
2019-07-14 10:00:00,24,1
2019-07-14 10:05:00,24,1
2019-07-14 10:10:00,30,1
2019-07-14 10:15:00,30,1
2019-07-14 10:20:00,24,1
2019-07-14 10:25:00,24,1
2019-07-14 13:05:00,130,1
2019-07-14 13:10:00,106,1
2019-07-14 13:15:00,99,1
2019-07-14 13:20:00,85,1
2019-07-14 13:25:00,81,1
2019-07-14 13:30:00,80,1
2019-07-14 13:35:00,73,1
2019-07-14 13:40:00,77,1
2019-07-14 13:45:00,73,1
2019-07-14 13:50:00,69,1
2019-07-14 13:55:00,73,1
2019-07-14 14:00:00,71,1
2019-07-14 14:05:00,72,1
2019-07-14 14:10:00,71,1
2019-07-14 14:15:00,69,1
2019-07-14 14:20:00,67,1
2019-07-14 19:25:00,173,1
2019-07-14 19:30:00,138,1
2019-07-14 19:35:00,126,1
2019-07-14 19:40:00,120,1
2019-07-14 19:45:00,115,1
2019-07-14 19:50:00,114,1
2019-07-14 19:55:00,103,1
2019-07-14 20:00:00,100,1
2019-07-14 20:05:00,92,1
2019-07-14 20:10:00,91,1
2019-07-14 20:15:00,89,1
2019-07-14 20:20:00,85,1
2019-07-14 20:25:00,83,1
2019-07-14 20:30:00,77,1
2019-07-14 20:35:00,74,1
2019-07-14 20:40:00,68,1
2019-07-14 20:45:00,69,1
2019-07-14 20:50:00,60,1
2019-07-14 20:55:00,62,1
2019-07-14 21:00:00,56,1
2019-07-14 21:05:00,54,1
2019-07-14 21:10:00,55,1
2019-07-14 21:15:00,49,1
2019-07-14 21:20:00,48,1
2019-07-14 21:25:00,43,1
2019-07-14 21:30:00,41,1
2019-07-14 21:35:00,47,1
2019-07-14 21:40:00,42,1
2019-07-14 21:45:00,38,1
2019-07-14 21:50:00,47,1
2019-07-14 21:55:00,44,1
2019-07-14 22:00:00,41,1
2019-07-14 22:05:00,44,1
2019-07-14 22:10:00,38,1
2019-07-14 22:15:00,37,1
2019-07-14 22:20:00,40,1
2019-07-14 22:25:00,41,1
2019-07-14 22:30:00,43,1
2019-07-14 22:35:00,41,1
2019-07-14 22:40:00,37,1
2019-07-14 22:45:00,36,1
2019-07-14 22:50:00,30,1
2019-07-14 22:55:00,28,1
2019-07-14 23:00:00,27,1
2019-07-14 23:05:00,26,1
2019-07-14 23:10:00,28,1
2019-07-14 23:15:00,26,1
2019-07-14 23:20:00,25,1
2019-07-14 23:25:00,24,1
2019-07-14 23:30:00,21,1
2019-07-14 23:35:00,23,1
2019-07-14 23:40:00,22,1
2019-07-14 23:45:00,19,1
2019-07-14 23:50:00,21,1
2019-07-14 23:55:00,21,1
2019-07-15 00:00:00,20,1
2019-07-15 00:05:00,15,1
2019-07-15 00:10:00,10,1
2019-07-15 00:15:00,9,1
2019-07-15 00:20:00,10,1
2019-07-15 00:25:00,5,1
2019-07-15 00:30:00,6,1
2019-07-15 00:35:00,8,1
2019-07-15 00:40:00,9,1
2019-07-15 00:45:00,3,1
2019-07-15 00:50:00,5,1
2019-07-15 00:55:00,5,1
2019-07-15 01:00:00,7,1
2019-07-15 01:05:00,8,1
2019-07-15 01:10:00,8,1
2019-07-15 01:15:00,9,1
2019-07-15 01:20:00,7,1
2019-07-15 01:25:00,6,1
2019-07-15 01:30:00,7,1
2019-07-15 01:35:00,3,1
2019-07-15 01:40:00,7,1
2019-07-15 01:45:00,6,1
2019-07-15 01:50:00,0,1
2019-07-15 01:55:00,-1,1
2019-07-15 02:00:00,8,1
2019-07-15 02:05:00,7,1
2019-07-15 02:10:00,9,1
2019-07-15 02:15:00,5,1
2019-07-15 02:20:00,4,1
2019-07-15 02:25:00,-2,1
2019-07-15 02:30:00,4,1
2019-07-15 02:35:00,4,1
2019-07-15 02:40:00,2,1
2019-07-15 02:45:00,2,1
2019-07-15 02:50:00,2,1
2019-07-15 02:55:00,9,1
2019-07-15 03:00:00,4,1
2019-07-15 03:05:00,0,1
2019-07-15 03:10:00,-5,1
2019-07-15 03:15:00,-2,1
2019-07-15 03:20:00,-3,1
2019-07-15 03:25:00,-1,1
2019-07-15 03:30:00,1,1
2019-07-15 03:35:00,2,1
2019-07-15 03:40:00,7,1
2019-07-15 03:45:00,3,1
2019-07-15 03:50:00,0,1
2019-07-15 03:55:00,2,1
2019-07-15 04:00:00,-3,1
2019-07-15 04:05:00,-6,1
2019-07-15 04:10:00,-8,1
2019-07-15 04:15:00,-2,1
2019-07-15 04:20:00,-4,1
2019-07-15 04:25:00,-11,1
2019-07-15 04:30:00,-10,1
2019-07-15 04:35:00,-8,1
2019-07-15 04:40:00,-15,1
2019-07-15 04:45:00,-14,1
2019-07-15 04:50:00,-19,1
2019-07-15 04:55:00,-14,1
2019-07-15 05:00:00,-13,1
2019-07-15 05:05:00,-19,1
2019-07-15 05:10:00,-18,1
2019-07-15 05:15:00,-23,1
2019-07-15 05:20:00,-27,1
2019-07-15 05:25:00,-27,1
2019-07-15 05:30:00,-23,1
2019-07-15 05:35:00,-25,1
2019-07-15 05:40:00,-27,1
2019-07-15 05:45:00,-31,1
2019-07-15 05:50:00,-29,1
2019-07-15 05:55:00,-30,1
2019-07-15 06:00:00,-33,1
2019-07-15 06:05:00,-32,1
2019-07-15 06:10:00,-34,1
2019-07-15 06:15:00,-33,1
2019-07-15 06:20:00,-33,1
2019-07-15 06:25:00,-30,1
2019-07-15 06:30:00,-33,1
2019-07-15 06:35:00,-34,1
2019-07-15 06:40:00,-31,1
2019-07-15 06:45:00,-29,1
2019-07-15 20:20:00,225,1
2019-07-15 20:25:00,221,1
2019-07-15 20:30:00,217,1
2019-07-15 20:35:00,211,1
2019-07-15 20:40:00,213,1
2019-07-15 20:45:00,208,1
2019-07-15 20:50:00,209,1
2019-07-15 20:55:00,205,1
2019-07-15 21:00:00,195,1
2019-07-15 21:05:00,200,1
2019-07-15 21:10:00,194,1
2019-07-15 21:15:00,192,1
2019-07-15 21:20:00,191,1
2019-07-15 21:25:00,186,1
2019-07-15 21:30:00,183,1
2019-07-15 21:35:00,179,1
2019-07-15 21:40:00,179,1
2019-07-15 21:45:00,178,1
2019-07-15 21:50:00,178,1
2019-07-15 21:55:00,173,1
2019-07-15 22:00:00,173,1
2019-07-15 22:05:00,175,1
2019-07-15 22:10:00,166,1
2019-07-15 22:15:00,158,1
2019-07-15 22:20:00,152,1
2019-07-15 22:25:00,153,1
2019-07-15 22:30:00,148,1
2019-07-15 22:35:00,143,1
2019-07-15 22:40:00,143,1
2019-07-15 22:45:00,139,1
2019-07-15 22:50:00,136,1
2019-07-15 22:55:00,136,1
2019-07-15 23:00:00,137,1
2019-07-15 23:05:00,136,1
2019-07-15 23:10:00,137,1
2019-07-15 23:15:00,133,1
2019-07-15 23:20:00,129,1
2019-07-15 23:25:00,129,1
2019-07-15 23:30:00,129,1
2019-07-15 23:35:00,125,1
2019-07-15 23:40:00,127,1
2019-07-15 23:45:00,127,1
2019-07-15 23:50:00,121,1
2019-07-15 23:55:00,118,1
2019-07-16 00:00:00,118,1
