Date,Total Demand (W)
3/1/2019 0:00,7002.50
3/1/2019 0:01,6945.10
3/1/2019 0:02,6988.30
3/1/2019 0:03,7503.10
3/1/2019 0:04,7425.10
3/1/2019 0:05,7321.60
3/1/2019 0:06,7369.90
3/1/2019 0:07,7358.90
3/1/2019 0:08,7322.00
3/1/2019 0:09,7402.76
3/1/2019 0:10,7456.23
3/1/2019 0:11,7463.57
3/1/2019 0:12,7400.50
3/1/2019 0:13,7493.48
3/1/2019 0:14,7403.70
3/1/2019 0:15,7315.80
3/1/2019 0:16,7307.20
3/1/2019 0:17,7199.40
3/1/2019 0:18,7251.80
3/1/2019 0:19,7192.50
3/1/2019 0:20,7216.40
3/1/2019 0:21,7161.50
3/1/2019 0:22,7181.60
3/1/2019 0:23,7228.60
3/1/2019 0:24,7321.40
3/1/2019 0:25,7215.60
3/1/2019 0:26,7401.07
3/1/2019 0:27,7407.71
3/1/2019 0:28,7412.29
3/1/2019 0:29,7392.86
3/1/2019 0:30,7353.38
3/1/2019 0:31,7126.97
3/1/2019 0:32,7167.82
3/1/2019 0:33,6811.54
3/1/2019 0:34,6741.86
3/1/2019 0:35,6753.78
3/1/2019 0:36,6777.53
3/1/2019 0:37,6783.40
3/1/2019 0:38,6713.75
3/1/2019 0:39,6721.71
3/1/2019 0:40,6708.29
3/1/2019 0:41,6673.12
3/1/2019 0:42,6751.30
3/1/2019 0:43,6796.84
3/1/2019 0:44,6756.15
3/1/2019 0:45,6848.74
3/1/2019 0:46,6768.72
3/1/2019 0:47,6708.98
3/1/2019 0:48,6698.40
3/1/2019 0:49,6648.80
3/1/2019 0:50,6710.10
3/1/2019 0:51,6707.90
3/1/2019 0:52,6699.40
3/1/2019 0:53,6721.50
3/1/2019 0:54,6718.70
3/1/2019 0:55,6684.70
3/1/2019 0:56,6753.72
3/1/2019 0:57,6745.11
3/1/2019 0:58,6686.62
3/1/2019 0:59,6647.70
3/1/2019 1:00,6667.60
3/1/2019 1:01,6729.70
3/1/2019 1:02,6795.60
3/1/2019 1:03,6789.10
3/1/2019 1:04,6766.00
3/1/2019 1:05,6754.70
3/1/2019 1:06,6721.30
3/1/2019 1:07,6706.50
3/1/2019 1:08,6733.80
3/1/2019 1:09,6694.00
3/1/2019 1:10,6778.70
3/1/2019 1:11,6781.80
3/1/2019 1:12,6830.70
3/1/2019 1:13,6818.20
3/1/2019 1:14,6783.70
3/1/2019 1:15,6787.70
3/1/2019 1:16,6775.00
3/1/2019 1:17,6747.80
3/1/2019 1:18,6753.30
3/1/2019 1:19,6722.90
3/1/2019 1:20,6738.40
3/1/2019 1:21,6798.60
3/1/2019 1:22,6801.90
3/1/2019 1:23,6786.60
3/1/2019 1:24,6727.40
3/1/2019 1:25,6754.10
3/1/2019 1:26,6701.00
3/1/2019 1:27,6796.90
3/1/2019 1:28,6859.90
3/1/2019 1:29,6929.10
3/1/2019 1:30,7001.20
3/1/2019 1:31,7056.10
3/1/2019 1:32,7108.72
3/1/2019 1:33,7065.89
3/1/2019 1:34,6733.26
3/1/2019 1:35,6723.43
3/1/2019 1:36,6709.14
3/1/2019 1:37,6778.41
3/1/2019 1:38,6776.19
3/1/2019 1:39,6818.51
3/1/2019 1:40,6846.26
3/1/2019 1:41,6949.95
3/1/2019 1:42,6912.21
3/1/2019 1:43,6987.68
3/1/2019 1:44,6938.15
3/1/2019 1:45,6914.62
3/1/2019 1:46,6913.15
3/1/2019 1:47,6874.20
3/1/2019 1:48,6882.27
3/1/2019 1:49,6886.75
3/1/2019 1:50,6926.44
3/1/2019 1:51,6861.68
3/1/2019 1:52,6797.32
3/1/2019 1:53,6789.27
3/1/2019 1:54,6801.04
3/1/2019 1:55,6805.40
3/1/2019 1:56,6842.50
3/1/2019 1:57,6883.80
3/1/2019 1:58,7019.71
3/1/2019 1:59,6804.50
3/1/2019 2:00,6864.43
3/1/2019 2:01,6770.20
3/1/2019 2:02,6733.00
3/1/2019 2:03,6732.40
3/1/2019 2:04,6894.90
3/1/2019 2:05,6773.80
3/1/2019 2:06,6800.50
3/1/2019 2:07,6810.20
3/1/2019 2:08,6842.50
3/1/2019 2:09,6694.90
3/1/2019 2:10,6739.70
3/1/2019 2:11,6813.60
3/1/2019 2:12,6864.20
3/1/2019 2:13,6814.20
3/1/2019 2:14,6791.70
3/1/2019 2:15,6759.30
3/1/2019 2:16,6749.60
3/1/2019 2:17,7048.30
3/1/2019 2:18,7090.30
3/1/2019 2:19,7101.10
3/1/2019 2:20,7090.10
3/1/2019 2:21,7160.00
3/1/2019 2:22,7126.50
3/1/2019 2:23,7215.93
3/1/2019 2:24,7056.70
3/1/2019 2:25,7113.79
3/1/2019 2:26,7096.90
3/1/2019 2:27,7121.60
3/1/2019 2:28,7158.40
3/1/2019 2:29,7062.70
3/1/2019 2:30,7088.40
3/1/2019 2:31,7163.30
3/1/2019 2:32,7289.73
3/1/2019 2:33,7365.41
3/1/2019 2:34,7310.00
3/1/2019 2:35,7380.70
3/1/2019 2:36,7386.50
3/1/2019 2:37,7223.73
3/1/2019 2:38,7094.30
3/1/2019 2:39,7144.73
3/1/2019 2:40,7034.98
3/1/2019 2:41,6971.46
3/1/2019 2:42,6981.84
3/1/2019 2:43,7068.18
3/1/2019 2:44,7035.30
3/1/2019 2:45,7105.61
3/1/2019 2:46,7091.03
3/1/2019 2:47,6706.09
3/1/2019 2:48,6700.73
3/1/2019 2:49,6668.76
3/1/2019 2:50,6609.45
3/1/2019 2:51,6668.43
3/1/2019 2:52,6729.03
3/1/2019 2:53,6700.67
3/1/2019 2:54,6673.85
3/1/2019 2:55,6698.78
3/1/2019 2:56,6715.77
3/1/2019 2:57,6595.71
3/1/2019 2:58,6603.11
3/1/2019 2:59,6608.83
3/1/2019 3:00,6679.32
3/1/2019 3:01,6699.80
3/1/2019 3:02,6787.17
3/1/2019 3:03,6739.00
3/1/2019 3:04,6727.90
3/1/2019 3:05,6728.30
3/1/2019 3:06,6744.50
3/1/2019 3:07,6788.20
3/1/2019 3:08,6805.60
3/1/2019 3:09,6819.60
3/1/2019 3:10,6906.60
3/1/2019 3:11,6858.50
3/1/2019 3:12,6856.60
3/1/2019 3:13,6836.90
3/1/2019 3:14,6694.60
3/1/2019 3:15,6714.00
3/1/2019 3:16,6760.20
3/1/2019 3:17,6758.60
3/1/2019 3:18,6848.60
3/1/2019 3:19,6802.30
3/1/2019 3:20,6788.10
3/1/2019 3:21,6791.76
3/1/2019 3:22,6847.93
3/1/2019 3:23,6706.80
3/1/2019 3:24,6814.40
3/1/2019 3:25,6841.10
3/1/2019 3:26,6847.80
3/1/2019 3:27,6920.20
3/1/2019 3:28,6923.00
3/1/2019 3:29,6946.15
3/1/2019 3:30,6827.70
3/1/2019 3:31,6928.47
3/1/2019 3:32,6888.70
3/1/2019 3:33,6985.80
3/1/2019 3:34,7115.20
3/1/2019 3:35,7135.00
3/1/2019 3:36,7020.80
3/1/2019 3:37,7132.50
3/1/2019 3:38,7139.90
3/1/2019 3:39,6771.20
3/1/2019 3:40,6847.60
3/1/2019 3:41,6823.70
3/1/2019 3:42,6861.20
3/1/2019 3:43,6887.40
3/1/2019 3:44,6752.30
3/1/2019 3:45,6798.30
3/1/2019 3:46,6751.84
3/1/2019 3:47,6717.88
3/1/2019 3:48,6877.16
3/1/2019 3:49,6812.28
3/1/2019 3:50,6781.88
3/1/2019 3:51,6744.46
3/1/2019 3:52,6750.13
3/1/2019 3:53,6764.26
3/1/2019 3:54,6749.35
3/1/2019 3:55,6642.72
3/1/2019 3:56,6758.94
3/1/2019 3:57,6724.29
3/1/2019 3:58,6776.59
3/1/2019 3:59,6692.91
3/1/2019 4:00,6799.08
3/1/2019 4:01,6736.27
3/1/2019 4:02,6641.41
3/1/2019 4:03,6735.44
3/1/2019 4:04,6703.93
3/1/2019 4:05,6739.15
3/1/2019 4:06,6746.02
3/1/2019 4:07,6716.57
3/1/2019 4:08,6681.90
3/1/2019 4:09,6707.09
3/1/2019 4:10,6739.74
3/1/2019 4:11,6679.70
3/1/2019 4:12,6650.40
3/1/2019 4:13,6729.60
3/1/2019 4:14,6685.40
3/1/2019 4:15,6617.10
3/1/2019 4:16,6594.80
3/1/2019 4:17,6724.17
3/1/2019 4:18,6621.80
3/1/2019 4:19,6672.80
3/1/2019 4:20,6697.10
3/1/2019 4:21,6686.30
3/1/2019 4:22,6697.30
3/1/2019 4:23,6621.70
3/1/2019 4:24,6604.30
3/1/2019 4:25,6583.90
3/1/2019 4:26,6646.70
3/1/2019 4:27,6732.70
3/1/2019 4:28,6791.10
3/1/2019 4:29,6828.56
3/1/2019 4:30,6669.90
3/1/2019 4:31,7216.99
3/1/2019 4:32,7031.90
3/1/2019 4:33,6949.20
3/1/2019 4:34,7008.50
3/1/2019 4:35,7043.90
3/1/2019 4:36,7040.50
3/1/2019 4:37,7149.90
3/1/2019 4:38,7288.70
3/1/2019 4:39,7359.20
3/1/2019 4:40,7274.80
3/1/2019 4:41,7306.10
3/1/2019 4:42,7314.90
3/1/2019 4:43,7074.00
3/1/2019 4:44,7032.90
3/1/2019 4:45,7096.80
3/1/2019 4:46,7068.00
3/1/2019 4:47,7100.30
3/1/2019 4:48,7071.80
3/1/2019 4:49,7011.60
3/1/2019 4:50,7081.50
3/1/2019 4:51,7108.40
3/1/2019 4:52,7619.14
3/1/2019 4:53,9594.87
3/1/2019 4:54,11262.07
3/1/2019 4:55,13156.08
3/1/2019 4:56,14304.84
3/1/2019 4:57,15823.61
3/1/2019 4:58,14694.88
3/1/2019 4:59,15462.58
3/1/2019 5:00,11697.93
3/1/2019 5:01,11902.38
3/1/2019 5:02,14817.38
3/1/2019 5:03,16130.39
3/1/2019 5:04,16177.18
3/1/2019 5:05,15828.73
3/1/2019 5:06,15728.07
3/1/2019 5:07,17479.43
3/1/2019 5:08,18830.49
3/1/2019 5:09,18130.32
3/1/2019 5:10,21025.80
3/1/2019 5:11,21657.98
3/1/2019 5:12,22180.22
3/1/2019 5:13,21819.77
3/1/2019 5:14,22133.40
3/1/2019 5:15,22324.20
3/1/2019 5:16,22300.30
3/1/2019 5:17,22280.80
3/1/2019 5:18,22264.80
3/1/2019 5:19,22687.50
3/1/2019 5:20,22383.30
3/1/2019 5:21,22410.40
3/1/2019 5:22,22224.30
3/1/2019 5:23,22288.30
3/1/2019 5:24,22106.90
3/1/2019 5:25,22216.50
3/1/2019 5:26,22294.70
3/1/2019 5:27,22785.30
3/1/2019 5:28,22524.70
3/1/2019 5:29,23755.80
3/1/2019 5:30,26003.70
3/1/2019 5:31,25751.70
3/1/2019 5:32,24131.30
3/1/2019 5:33,24305.60
3/1/2019 5:34,26719.60
3/1/2019 5:35,24631.40
3/1/2019 5:36,25000.00
3/1/2019 5:37,24874.20
3/1/2019 5:38,25248.30
3/1/2019 5:39,25413.10
3/1/2019 5:40,25355.84
3/1/2019 5:41,25178.00
3/1/2019 5:42,25220.20
3/1/2019 5:43,25095.30
3/1/2019 5:44,25440.10
3/1/2019 5:45,24738.80
3/1/2019 5:46,24418.70
3/1/2019 5:47,24622.80
3/1/2019 5:48,24811.50
3/1/2019 5:49,24643.47
3/1/2019 5:50,24724.09
3/1/2019 5:51,24794.81
3/1/2019 5:52,17160.84
3/1/2019 5:53,17101.25
3/1/2019 5:54,21170.91
3/1/2019 5:55,22779.12
3/1/2019 5:56,24138.17
3/1/2019 5:57,24194.07
3/1/2019 5:58,24199.69
3/1/2019 5:59,24159.05
3/1/2019 6:00,25438.52
3/1/2019 6:01,27670.33
3/1/2019 6:02,22919.68
3/1/2019 6:03,18670.53
3/1/2019 6:04,18750.98
3/1/2019 6:05,18785.25
3/1/2019 6:06,18787.60
3/1/2019 6:07,18761.26
3/1/2019 6:08,18617.10
3/1/2019 6:09,17729.07
3/1/2019 6:10,17041.36
3/1/2019 6:11,17180.64
3/1/2019 6:12,17362.65
3/1/2019 6:13,17758.37
3/1/2019 6:14,17304.17
3/1/2019 6:15,17292.77
3/1/2019 6:16,17697.44
3/1/2019 6:17,17596.20
3/1/2019 6:18,17505.23
3/1/2019 6:19,17131.30
3/1/2019 6:20,17231.00
3/1/2019 6:21,17033.70
3/1/2019 6:22,17444.00
3/1/2019 6:23,17532.20
3/1/2019 6:24,17465.50
3/1/2019 6:25,17588.74
3/1/2019 6:26,17845.94
3/1/2019 6:27,17756.30
3/1/2019 6:28,17952.60
3/1/2019 6:29,17666.20
3/1/2019 6:30,17840.20
3/1/2019 6:31,17988.10
3/1/2019 6:32,18413.40
3/1/2019 6:33,18661.30
3/1/2019 6:34,18772.10
3/1/2019 6:35,18377.20
3/1/2019 6:36,18652.40
3/1/2019 6:37,18859.07
3/1/2019 6:38,18441.80
3/1/2019 6:39,18662.50
3/1/2019 6:40,18744.20
3/1/2019 6:41,18816.50
3/1/2019 6:42,18881.90
3/1/2019 6:43,18705.20
3/1/2019 6:44,18857.60
3/1/2019 6:45,18798.20
3/1/2019 6:46,19324.60
3/1/2019 6:47,19396.90
3/1/2019 6:48,19297.60
3/1/2019 6:49,19263.80
3/1/2019 6:50,19738.00
3/1/2019 6:51,19500.30
3/1/2019 6:52,19938.20
3/1/2019 6:53,20098.10
3/1/2019 6:54,19921.70
3/1/2019 6:55,20292.80
3/1/2019 6:56,19846.50
3/1/2019 6:57,19857.10
3/1/2019 6:58,16539.40
3/1/2019 6:59,22069.30
3/1/2019 7:00,14573.20
3/1/2019 7:01,16173.10
3/1/2019 7:02,13070.20
3/1/2019 7:03,14159.20
3/1/2019 7:04,20538.84
3/1/2019 7:05,25927.78
3/1/2019 7:06,26459.13
3/1/2019 7:07,17480.52
3/1/2019 7:08,26634.13
3/1/2019 7:09,27370.39
3/1/2019 7:10,13735.26
3/1/2019 7:11,16748.76
3/1/2019 7:12,18164.96
3/1/2019 7:13,20929.89
3/1/2019 7:14,22164.19
3/1/2019 7:15,21017.98
3/1/2019 7:16,20249.19
3/1/2019 7:17,18857.31
3/1/2019 7:18,18924.94
3/1/2019 7:19,18772.47
3/1/2019 7:20,19396.63
3/1/2019 7:21,20838.58
3/1/2019 7:22,20523.82
3/1/2019 7:23,20526.69
3/1/2019 7:24,20445.14
3/1/2019 7:25,20834.60
3/1/2019 7:26,20289.17
3/1/2019 7:27,20586.61
3/1/2019 7:28,20564.37
3/1/2019 7:29,21145.16
3/1/2019 7:30,21342.40
3/1/2019 7:31,21365.80
3/1/2019 7:32,21097.40
3/1/2019 7:33,21107.30
3/1/2019 7:34,20843.50
3/1/2019 7:35,20897.93
3/1/2019 7:36,20708.00
3/1/2019 7:37,20810.20
3/1/2019 7:38,20384.60
3/1/2019 7:39,20347.10
3/1/2019 7:40,20258.10
3/1/2019 7:41,20041.30
3/1/2019 7:42,20014.10
3/1/2019 7:43,19989.40
3/1/2019 7:44,20178.80
3/1/2019 7:45,20135.01
3/1/2019 7:46,19930.37
3/1/2019 7:47,19727.30
3/1/2019 7:48,19792.50
3/1/2019 7:49,19242.80
3/1/2019 7:50,19062.30
3/1/2019 7:51,19024.10
3/1/2019 7:52,18826.70
3/1/2019 7:53,18923.90
3/1/2019 7:54,18717.60
3/1/2019 7:55,18764.30
3/1/2019 7:56,19018.20
3/1/2019 7:57,19155.30
3/1/2019 7:58,19111.60
3/1/2019 7:59,18594.00
3/1/2019 8:00,18520.10
3/1/2019 8:01,18461.10
3/1/2019 8:02,18359.60
3/1/2019 8:03,18332.50
3/1/2019 8:04,17915.90
3/1/2019 8:05,17835.60
3/1/2019 8:06,17824.30
3/1/2019 8:07,17765.80
3/1/2019 8:08,17851.80
3/1/2019 8:09,17701.70
3/1/2019 8:10,17629.30
3/1/2019 8:11,17801.20
3/1/2019 8:12,17779.00
3/1/2019 8:13,18192.10
3/1/2019 8:14,18051.10
3/1/2019 8:15,17738.70
3/1/2019 8:16,17419.60
3/1/2019 8:17,17397.40
3/1/2019 8:18,17300.90
3/1/2019 8:19,17404.80
3/1/2019 8:20,17034.39
3/1/2019 8:21,17204.96
3/1/2019 8:22,17114.68
3/1/2019 8:23,17125.94
3/1/2019 8:24,16569.59
3/1/2019 8:25,16583.26
3/1/2019 8:26,16484.85
3/1/2019 8:27,16117.96
3/1/2019 8:28,15881.00
3/1/2019 8:29,16424.49
3/1/2019 8:30,16459.89
3/1/2019 8:31,15482.61
3/1/2019 8:32,16064.19
3/1/2019 8:33,16145.85
3/1/2019 8:34,17893.68
3/1/2019 8:35,18368.73
3/1/2019 8:36,19854.55
3/1/2019 8:37,19874.95
3/1/2019 8:38,19902.01
3/1/2019 8:39,21413.76
3/1/2019 8:40,21223.71
3/1/2019 8:41,21284.87
3/1/2019 8:42,20808.35
3/1/2019 8:43,21057.02
3/1/2019 8:44,21287.85
3/1/2019 8:45,19815.60
3/1/2019 8:46,19441.77
3/1/2019 8:47,19573.52
3/1/2019 8:48,19983.37
3/1/2019 8:49,20834.57
3/1/2019 8:50,21552.34
3/1/2019 8:51,21558.50
3/1/2019 8:52,21313.71
3/1/2019 8:53,21219.67
3/1/2019 8:54,21179.62
3/1/2019 8:55,21171.37
3/1/2019 8:56,20224.59
3/1/2019 8:57,20263.90
3/1/2019 8:58,19647.38
3/1/2019 8:59,19592.70
3/1/2019 9:00,18083.09
3/1/2019 9:01,18389.60
3/1/2019 9:02,18877.40
3/1/2019 9:03,17076.00
3/1/2019 9:04,16791.60
3/1/2019 9:05,16249.00
3/1/2019 9:06,16168.90
3/1/2019 9:07,15391.40
3/1/2019 9:08,14390.90
3/1/2019 9:09,15339.10
3/1/2019 9:10,16763.90
3/1/2019 9:11,16248.40
3/1/2019 9:12,16200.60
3/1/2019 9:13,16560.20
3/1/2019 9:14,16290.49
3/1/2019 9:15,16767.44
3/1/2019 9:16,16425.87
3/1/2019 9:17,16937.67
3/1/2019 9:18,16671.87
3/1/2019 9:19,16621.13
3/1/2019 9:20,17182.90
3/1/2019 9:21,16765.73
3/1/2019 9:22,17435.50
3/1/2019 9:23,17237.26
3/1/2019 9:24,16849.65
3/1/2019 9:25,16974.09
3/1/2019 9:26,17215.79
3/1/2019 9:27,17669.57
3/1/2019 9:28,17824.89
3/1/2019 9:29,17535.07
3/1/2019 9:30,17284.19
3/1/2019 9:31,18451.59
3/1/2019 9:32,19145.36
3/1/2019 9:33,19280.62
3/1/2019 9:34,19230.06
3/1/2019 9:35,18885.60
3/1/2019 9:36,18437.00
3/1/2019 9:37,18362.60
3/1/2019 9:38,18371.60
3/1/2019 9:39,18283.10
3/1/2019 9:40,17791.90
3/1/2019 9:41,17018.80
3/1/2019 9:42,16396.10
3/1/2019 9:43,16808.70
3/1/2019 9:44,16751.13
3/1/2019 9:45,17759.03
3/1/2019 9:46,17862.00
3/1/2019 9:47,16387.57
3/1/2019 9:48,17568.10
3/1/2019 9:49,17515.30
3/1/2019 9:50,16915.20
3/1/2019 9:51,16848.70
3/1/2019 9:52,17148.30
3/1/2019 9:53,17393.35
3/1/2019 9:54,18824.17
3/1/2019 9:55,18700.70
3/1/2019 9:56,19191.76
3/1/2019 9:57,19611.05
3/1/2019 9:58,18912.09
3/1/2019 9:59,18981.70
3/1/2019 10:00,19655.53
3/1/2019 10:01,19757.27
3/1/2019 10:02,19564.79
3/1/2019 10:03,19451.59
3/1/2019 10:04,21425.78
3/1/2019 10:05,21490.78
3/1/2019 10:06,21043.57
3/1/2019 10:07,21117.52
3/1/2019 10:08,20813.61
3/1/2019 10:09,20672.11
3/1/2019 10:10,20341.41
3/1/2019 10:11,19900.77
3/1/2019 10:12,20257.85
3/1/2019 10:13,20505.78
3/1/2019 10:14,20859.59
3/1/2019 10:15,19748.22
3/1/2019 10:16,19423.29
3/1/2019 10:17,19148.63
3/1/2019 10:18,19423.14
3/1/2019 10:19,19288.37
3/1/2019 10:20,18863.38
3/1/2019 10:21,18825.40
3/1/2019 10:22,18802.97
3/1/2019 10:23,19554.50
3/1/2019 10:24,19287.73
3/1/2019 10:25,19694.28
3/1/2019 10:26,19199.93
3/1/2019 10:27,20533.11
3/1/2019 10:28,20416.45
3/1/2019 10:29,20470.55
3/1/2019 10:30,20788.79
3/1/2019 10:31,21083.92
3/1/2019 10:32,21387.51
3/1/2019 10:33,20909.01
3/1/2019 10:34,20940.83
3/1/2019 10:35,20692.02
3/1/2019 10:36,20617.33
3/1/2019 10:37,20538.22
3/1/2019 10:38,19556.98
3/1/2019 10:39,19368.40
3/1/2019 10:40,19225.47
3/1/2019 10:41,20442.00
3/1/2019 10:42,20610.44
3/1/2019 10:43,19991.06
3/1/2019 10:44,20307.06
3/1/2019 10:45,20534.71
3/1/2019 10:46,19921.40
3/1/2019 10:47,19812.83
3/1/2019 10:48,19791.72
3/1/2019 10:49,19361.60
3/1/2019 10:50,18621.36
3/1/2019 10:51,18649.16
3/1/2019 10:52,19043.93
3/1/2019 10:53,19849.93
3/1/2019 10:54,18993.20
3/1/2019 10:55,19017.44
3/1/2019 10:56,18991.16
3/1/2019 10:57,19023.60
3/1/2019 10:58,20142.60
3/1/2019 10:59,18739.70
3/1/2019 11:00,19097.40
3/1/2019 11:01,18908.40
3/1/2019 11:02,18256.50
3/1/2019 11:03,18872.30
3/1/2019 11:04,18813.70
3/1/2019 11:05,20035.10
3/1/2019 11:06,19898.80
3/1/2019 11:07,18604.00
3/1/2019 11:08,19644.40
3/1/2019 11:09,19437.00
3/1/2019 11:10,19359.70
3/1/2019 11:11,18565.19
3/1/2019 11:12,18279.94
3/1/2019 11:13,18854.53
3/1/2019 11:14,18880.84
3/1/2019 11:15,19114.44
3/1/2019 11:16,17826.90
3/1/2019 11:17,17902.30
3/1/2019 11:18,18808.62
3/1/2019 11:19,18658.40
3/1/2019 11:20,18737.80
3/1/2019 11:21,18603.80
3/1/2019 11:22,18663.90
3/1/2019 11:23,19337.70
3/1/2019 11:24,19209.80
3/1/2019 11:25,19217.00
3/1/2019 11:26,18882.30
3/1/2019 11:27,19099.20
3/1/2019 11:28,18328.60
3/1/2019 11:29,18248.09
3/1/2019 11:30,18678.52
3/1/2019 11:31,18204.46
3/1/2019 11:32,17817.13
3/1/2019 11:33,17420.36
3/1/2019 11:34,17540.49
3/1/2019 11:35,17697.22
3/1/2019 11:36,17449.82
3/1/2019 11:37,17472.88
3/1/2019 11:38,17800.84
3/1/2019 11:39,17735.55
3/1/2019 11:40,17749.43
3/1/2019 11:41,17829.29
3/1/2019 11:42,17944.52
3/1/2019 11:43,18026.94
3/1/2019 11:44,17683.50
3/1/2019 11:45,17463.00
3/1/2019 11:46,17704.00
3/1/2019 11:47,17725.20
3/1/2019 11:48,17725.80
3/1/2019 11:49,18132.18
3/1/2019 11:50,18256.17
3/1/2019 11:51,17652.97
3/1/2019 11:52,18152.19
3/1/2019 11:53,18619.17
3/1/2019 11:54,18878.16
3/1/2019 11:55,18852.24
3/1/2019 11:56,18781.75
3/1/2019 11:57,18900.00
3/1/2019 11:58,19860.95
3/1/2019 11:59,19456.35
3/1/2019 12:00,19599.77
3/1/2019 12:01,19183.18
3/1/2019 12:02,19412.24
3/1/2019 12:03,19589.34
3/1/2019 12:04,19490.83
3/1/2019 12:05,18322.11
3/1/2019 12:06,18659.24
3/1/2019 12:07,18567.39
3/1/2019 12:08,18023.00
3/1/2019 12:09,18797.76
3/1/2019 12:10,18473.71
3/1/2019 12:11,18550.11
3/1/2019 12:12,17566.83
3/1/2019 12:13,17830.39
3/1/2019 12:14,20288.31
3/1/2019 12:15,20167.75
3/1/2019 12:16,18083.07
3/1/2019 12:17,18333.14
3/1/2019 12:18,18212.78
3/1/2019 12:19,17841.68
3/1/2019 12:20,17577.05
3/1/2019 12:21,17520.45
3/1/2019 12:22,18218.21
3/1/2019 12:23,17639.94
3/1/2019 12:24,18196.35
3/1/2019 12:25,17948.96
3/1/2019 12:26,18761.23
3/1/2019 12:27,18883.57
3/1/2019 12:28,18631.66
3/1/2019 12:29,18878.30
3/1/2019 12:30,19395.47
3/1/2019 12:31,19462.01
3/1/2019 12:32,19014.53
3/1/2019 12:33,19481.48
3/1/2019 12:34,20036.79
3/1/2019 12:35,20042.16
3/1/2019 12:36,20173.18
3/1/2019 12:37,19257.54
3/1/2019 12:38,20099.23
3/1/2019 12:39,21615.33
3/1/2019 12:40,21653.73
3/1/2019 12:41,21391.91
3/1/2019 12:42,21346.69
3/1/2019 12:43,20826.40
3/1/2019 12:44,21203.17
3/1/2019 12:45,21391.18
3/1/2019 12:46,21058.57
3/1/2019 12:47,21273.54
3/1/2019 12:48,19647.88
3/1/2019 12:49,19735.35
3/1/2019 12:50,19787.02
3/1/2019 12:51,20059.52
3/1/2019 12:52,21451.21
3/1/2019 12:53,20896.61
3/1/2019 12:54,20870.34
3/1/2019 12:55,20305.46
3/1/2019 12:56,21139.07
3/1/2019 12:57,21212.26
3/1/2019 12:58,21157.61
3/1/2019 12:59,21536.76
3/1/2019 13:00,21319.27
3/1/2019 13:01,20783.89
3/1/2019 13:02,21317.86
3/1/2019 13:03,20946.99
3/1/2019 13:04,21144.22
3/1/2019 13:05,21246.12
3/1/2019 13:06,20827.88
3/1/2019 13:07,21387.97
3/1/2019 13:08,19508.00
3/1/2019 13:09,19100.94
3/1/2019 13:10,18628.86
3/1/2019 13:11,18708.97
3/1/2019 13:12,18830.97
3/1/2019 13:13,19042.33
3/1/2019 13:14,19118.86
3/1/2019 13:15,18623.06
3/1/2019 13:16,18406.90
3/1/2019 13:17,18102.20
3/1/2019 13:18,17235.30
3/1/2019 13:19,16880.80
3/1/2019 13:20,16693.10
3/1/2019 13:21,16731.10
3/1/2019 13:22,17005.20
3/1/2019 13:23,16895.90
3/1/2019 13:24,18016.90
3/1/2019 13:25,17934.60
3/1/2019 13:26,18372.95
3/1/2019 13:27,18551.00
3/1/2019 13:28,18327.20
3/1/2019 13:29,17946.00
3/1/2019 13:30,18385.90
3/1/2019 13:31,18163.90
3/1/2019 13:32,18194.20
3/1/2019 13:33,18515.50
3/1/2019 13:34,17989.60
3/1/2019 13:35,19106.40
3/1/2019 13:36,19168.20
3/1/2019 13:37,19104.10
3/1/2019 13:38,19105.40
3/1/2019 13:39,21222.15
3/1/2019 13:40,21594.36
3/1/2019 13:41,21641.12
3/1/2019 13:42,21591.48
3/1/2019 13:43,21918.15
3/1/2019 13:44,23182.85
3/1/2019 13:45,23334.27
3/1/2019 13:46,23293.44
3/1/2019 13:47,22911.78
3/1/2019 13:48,22509.69
3/1/2019 13:49,21851.85
3/1/2019 13:50,21093.99
3/1/2019 13:51,20616.13
3/1/2019 13:52,20642.21
3/1/2019 13:53,20904.08
3/1/2019 13:54,20835.32
3/1/2019 13:55,19675.25
3/1/2019 13:56,18285.01
3/1/2019 13:57,19666.13
3/1/2019 13:58,20061.77
3/1/2019 13:59,21309.60
3/1/2019 14:00,21382.78
3/1/2019 14:01,21949.73
3/1/2019 14:02,22335.80
3/1/2019 14:03,22078.66
3/1/2019 14:04,23625.36
3/1/2019 14:05,24038.93
3/1/2019 14:06,24615.96
3/1/2019 14:07,22999.73
3/1/2019 14:08,22238.98
3/1/2019 14:09,24131.00
3/1/2019 14:10,27337.53
3/1/2019 14:11,28691.23
3/1/2019 14:12,31312.55
3/1/2019 14:13,32321.27
3/1/2019 14:14,35936.12
3/1/2019 14:15,37207.23
3/1/2019 14:16,34976.56
3/1/2019 14:17,36890.05
3/1/2019 14:18,36350.97
3/1/2019 14:19,25545.13
3/1/2019 14:20,26517.87
3/1/2019 14:21,23294.56
3/1/2019 14:22,19204.88
3/1/2019 14:23,18551.51
3/1/2019 14:24,18128.76
3/1/2019 14:25,17521.00
3/1/2019 14:26,19407.68
3/1/2019 14:27,19154.74
3/1/2019 14:28,19062.41
3/1/2019 14:29,19636.52
3/1/2019 14:30,20192.49
3/1/2019 14:31,20971.75
3/1/2019 14:32,21371.80
3/1/2019 14:33,22168.04
3/1/2019 14:34,22770.11
3/1/2019 14:35,22952.60
3/1/2019 14:36,23244.50
3/1/2019 14:37,21900.70
3/1/2019 14:38,21939.60
3/1/2019 14:39,22042.50
3/1/2019 14:40,22177.20
3/1/2019 14:41,22528.80
3/1/2019 14:42,22959.50
3/1/2019 14:43,23279.50
3/1/2019 14:44,22992.60
3/1/2019 14:45,22777.00
3/1/2019 14:46,22961.80
3/1/2019 14:47,22772.68
3/1/2019 14:48,20801.66
3/1/2019 14:49,20752.26
3/1/2019 14:50,21292.88
3/1/2019 14:51,21493.44
3/1/2019 14:52,21300.07
3/1/2019 14:53,21640.17
3/1/2019 14:54,20493.60
3/1/2019 14:55,20277.56
3/1/2019 14:56,20376.40
3/1/2019 14:57,20378.80
3/1/2019 14:58,20600.30
3/1/2019 14:59,20573.10
3/1/2019 15:00,20461.40
3/1/2019 15:01,20583.50
3/1/2019 15:02,20649.70
3/1/2019 15:03,20863.40
3/1/2019 15:04,19846.20
3/1/2019 15:05,20295.20
3/1/2019 15:06,20013.70
3/1/2019 15:07,19967.50
3/1/2019 15:08,19292.20
3/1/2019 15:09,19561.70
3/1/2019 15:10,20395.74
3/1/2019 15:11,20187.02
3/1/2019 15:12,20711.33
3/1/2019 15:13,20954.46
3/1/2019 15:14,21388.52
3/1/2019 15:15,21874.13
3/1/2019 15:16,22378.86
3/1/2019 15:17,22626.10
3/1/2019 15:18,22750.50
3/1/2019 15:19,22648.60
3/1/2019 15:20,22898.60
3/1/2019 15:21,23711.40
3/1/2019 15:22,23552.60
3/1/2019 15:23,23975.24
3/1/2019 15:24,23909.00
3/1/2019 15:25,23880.28
3/1/2019 15:26,25370.77
3/1/2019 15:27,25198.50
3/1/2019 15:28,24916.77
3/1/2019 15:29,25122.05
3/1/2019 15:30,25238.45
3/1/2019 15:31,24165.71
3/1/2019 15:32,24224.37
3/1/2019 15:33,23746.90
3/1/2019 15:34,24321.80
3/1/2019 15:35,22736.80
3/1/2019 15:36,21415.90
3/1/2019 15:37,21717.71
3/1/2019 15:38,21005.74
3/1/2019 15:39,21065.95
3/1/2019 15:40,22053.81
3/1/2019 15:41,20609.47
3/1/2019 15:42,20821.66
3/1/2019 15:43,20768.79
3/1/2019 15:44,21977.80
3/1/2019 15:45,22218.76
3/1/2019 15:46,22853.57
3/1/2019 15:47,22807.54
3/1/2019 15:48,22673.79
3/1/2019 15:49,22892.21
3/1/2019 15:50,22870.08
3/1/2019 15:51,24073.35
3/1/2019 15:52,22946.98
3/1/2019 15:53,23311.14
3/1/2019 15:54,23041.30
3/1/2019 15:55,22289.81
3/1/2019 15:56,21956.28
3/1/2019 15:57,21770.93
3/1/2019 15:58,21901.70
3/1/2019 15:59,21862.78
3/1/2019 16:00,21958.63
3/1/2019 16:01,21623.50
3/1/2019 16:02,21573.44
3/1/2019 16:03,22185.02
3/1/2019 16:04,22211.77
3/1/2019 16:05,21904.07
3/1/2019 16:06,21849.82
3/1/2019 16:07,21771.06
3/1/2019 16:08,23281.26
3/1/2019 16:09,23884.38
3/1/2019 16:10,24015.16
3/1/2019 16:11,24047.87
3/1/2019 16:12,24019.51
3/1/2019 16:13,24030.77
3/1/2019 16:14,24060.70
3/1/2019 16:15,24091.13
3/1/2019 16:16,24248.60
3/1/2019 16:17,26150.80
3/1/2019 16:18,24797.00
3/1/2019 16:19,24549.50
3/1/2019 16:20,24448.20
3/1/2019 16:21,24383.80
3/1/2019 16:22,26080.80
3/1/2019 16:23,26305.50
3/1/2019 16:24,22629.70
3/1/2019 16:25,21567.90
3/1/2019 16:26,19749.20
3/1/2019 16:27,19761.31
3/1/2019 16:28,19721.20
3/1/2019 16:29,19846.90
3/1/2019 16:30,19480.50
3/1/2019 16:31,19432.30
3/1/2019 16:32,19287.20
3/1/2019 16:33,19298.70
3/1/2019 16:34,19219.10
3/1/2019 16:35,19294.10
3/1/2019 16:36,18490.50
3/1/2019 16:37,18655.71
3/1/2019 16:38,18645.96
3/1/2019 16:39,18235.96
3/1/2019 16:40,16760.72
3/1/2019 16:41,16085.27
3/1/2019 16:42,16128.92
3/1/2019 16:43,16065.30
3/1/2019 16:44,16309.30
3/1/2019 16:45,16660.50
3/1/2019 16:46,16640.70
3/1/2019 16:47,17139.10
3/1/2019 16:48,17276.90
3/1/2019 16:49,17615.40
3/1/2019 16:50,17149.20
3/1/2019 16:51,17007.70
3/1/2019 16:52,18062.90
3/1/2019 16:53,18567.50
3/1/2019 16:54,16863.30
3/1/2019 16:55,12531.20
3/1/2019 16:56,11915.00
3/1/2019 16:57,12457.10
3/1/2019 16:58,12369.80
3/1/2019 16:59,11072.30
3/1/2019 17:00,10916.00
3/1/2019 17:01,10588.60
3/1/2019 17:02,10780.30
3/1/2019 17:03,11761.80
3/1/2019 17:04,12164.40
3/1/2019 17:05,12008.30
3/1/2019 17:06,12354.40
3/1/2019 17:07,12204.13
3/1/2019 17:08,11968.72
3/1/2019 17:09,11353.55
3/1/2019 17:10,11197.97
3/1/2019 17:11,13065.15
3/1/2019 17:12,13212.08
3/1/2019 17:13,13418.01
3/1/2019 17:14,12086.23
3/1/2019 17:15,12104.59
3/1/2019 17:16,12393.71
3/1/2019 17:17,12256.62
3/1/2019 17:18,11636.24
3/1/2019 17:19,11692.14
3/1/2019 17:20,11664.90
3/1/2019 17:21,12038.93
3/1/2019 17:22,11747.23
3/1/2019 17:23,9827.21
3/1/2019 17:24,9540.39
3/1/2019 17:25,10195.17
3/1/2019 17:26,10436.00
3/1/2019 17:27,10274.85
3/1/2019 17:28,10363.36
3/1/2019 17:29,10488.74
3/1/2019 17:30,10488.67
3/1/2019 17:31,10776.95
3/1/2019 17:32,10519.21
3/1/2019 17:33,10496.61
3/1/2019 17:34,10516.81
3/1/2019 17:35,10532.23
3/1/2019 17:36,11159.77
3/1/2019 17:37,10916.51
3/1/2019 17:38,10934.50
3/1/2019 17:39,10990.40
3/1/2019 17:40,12535.50
3/1/2019 17:41,12583.50
3/1/2019 17:42,12174.00
3/1/2019 17:43,12518.23
3/1/2019 17:44,12996.70
3/1/2019 17:45,13068.67
3/1/2019 17:46,12897.02
3/1/2019 17:47,12586.52
3/1/2019 17:48,12563.67
3/1/2019 17:49,12571.88
3/1/2019 17:50,12573.53
3/1/2019 17:51,11976.13
3/1/2019 17:52,11992.36
3/1/2019 17:53,12008.83
3/1/2019 17:54,11372.91
3/1/2019 17:55,11559.38
3/1/2019 17:56,11563.80
3/1/2019 17:57,11410.90
3/1/2019 17:58,11100.00
3/1/2019 17:59,9752.20
3/1/2019 18:00,10252.70
3/1/2019 18:01,10168.70
3/1/2019 18:02,10650.10
3/1/2019 18:03,10523.90
3/1/2019 18:04,10501.00
3/1/2019 18:05,10342.30
3/1/2019 18:06,10275.60
3/1/2019 18:07,12122.30
3/1/2019 18:08,12177.40
3/1/2019 18:09,12342.70
3/1/2019 18:10,11022.50
3/1/2019 18:11,11644.80
3/1/2019 18:12,11713.22
3/1/2019 18:13,11711.30
3/1/2019 18:14,11440.50
3/1/2019 18:15,9000.30
3/1/2019 18:16,11494.00
3/1/2019 18:17,11601.70
3/1/2019 18:18,11626.30
3/1/2019 18:19,11605.50
3/1/2019 18:20,11667.90
3/1/2019 18:21,13361.10
3/1/2019 18:22,12787.00
3/1/2019 18:23,12191.60
3/1/2019 18:24,12762.20
3/1/2019 18:25,12714.51
3/1/2019 18:26,12147.57
3/1/2019 18:27,9408.69
3/1/2019 18:28,9864.72
3/1/2019 18:29,11291.40
3/1/2019 18:30,10693.63
3/1/2019 18:31,9308.35
3/1/2019 18:32,9632.04
3/1/2019 18:33,11130.54
3/1/2019 18:34,10419.80
3/1/2019 18:35,9042.40
3/1/2019 18:36,9002.60
3/1/2019 18:37,10375.80
3/1/2019 18:38,9679.90
3/1/2019 18:39,8217.90
3/1/2019 18:40,8816.62
3/1/2019 18:41,10306.81
3/1/2019 18:42,10189.38
3/1/2019 18:43,8294.75
3/1/2019 18:44,8267.22
3/1/2019 18:45,9621.83
3/1/2019 18:46,9895.63
3/1/2019 18:47,8284.39
3/1/2019 18:48,8342.50
3/1/2019 18:49,8279.65
3/1/2019 18:50,7936.99
3/1/2019 18:51,7898.16
3/1/2019 18:52,8060.74
3/1/2019 18:53,7910.01
3/1/2019 18:54,7855.71
3/1/2019 18:55,8075.87
3/1/2019 18:56,7876.36
3/1/2019 18:57,8181.57
3/1/2019 18:58,8070.61
3/1/2019 18:59,7938.97
3/1/2019 19:00,7795.96
3/1/2019 19:01,8046.83
3/1/2019 19:02,8682.90
3/1/2019 19:03,8765.87
3/1/2019 19:04,8000.78
3/1/2019 19:05,8323.80
3/1/2019 19:06,8284.96
3/1/2019 19:07,7961.27
3/1/2019 19:08,8054.28
3/1/2019 19:09,8001.63
3/1/2019 19:10,8012.90
3/1/2019 19:11,7962.56
3/1/2019 19:12,7963.39
3/1/2019 19:13,7993.43
3/1/2019 19:14,7926.51
3/1/2019 19:15,7862.61
3/1/2019 19:16,7938.55
3/1/2019 19:17,7927.72
3/1/2019 19:18,8061.27
3/1/2019 19:19,8023.65
3/1/2019 19:20,8163.05
3/1/2019 19:21,8052.17
3/1/2019 19:22,8192.77
3/1/2019 19:23,7894.85
3/1/2019 19:24,7791.58
3/1/2019 19:25,7809.97
3/1/2019 19:26,7763.63
3/1/2019 19:27,7745.36
3/1/2019 19:28,7223.25
3/1/2019 19:29,7100.65
3/1/2019 19:30,7091.33
3/1/2019 19:31,7150.15
3/1/2019 19:32,7137.23
3/1/2019 19:33,7173.50
3/1/2019 19:34,7194.26
3/1/2019 19:35,7170.99
3/1/2019 19:36,7167.66
3/1/2019 19:37,7140.50
3/1/2019 19:38,7170.40
3/1/2019 19:39,7001.30
3/1/2019 19:40,7072.60
3/1/2019 19:41,7057.60
3/1/2019 19:42,6944.10
3/1/2019 19:43,7186.80
3/1/2019 19:44,7084.70
3/1/2019 19:45,7117.95
3/1/2019 19:46,7022.30
3/1/2019 19:47,7053.60
3/1/2019 19:48,6930.40
3/1/2019 19:49,6996.80
3/1/2019 19:50,7004.90
3/1/2019 19:51,6973.70
3/1/2019 19:52,6941.70
3/1/2019 19:53,7173.80
3/1/2019 19:54,7683.10
3/1/2019 19:55,7686.20
3/1/2019 19:56,7802.10
3/1/2019 19:57,7784.00
3/1/2019 19:58,7750.30
3/1/2019 19:59,7310.40
3/1/2019 20:00,7282.40
3/1/2019 20:01,7316.40
3/1/2019 20:02,7289.90
3/1/2019 20:03,7284.20
3/1/2019 20:04,7342.20
3/1/2019 20:05,7299.70
3/1/2019 20:06,7289.80
3/1/2019 20:07,7307.60
3/1/2019 20:08,7452.82
3/1/2019 20:09,7338.80
3/1/2019 20:10,7333.70
3/1/2019 20:11,7341.30
3/1/2019 20:12,7331.20
3/1/2019 20:13,7310.40
3/1/2019 20:14,7331.70
3/1/2019 20:15,7308.70
3/1/2019 20:16,7445.50
3/1/2019 20:17,7383.11
3/1/2019 20:18,7491.40
3/1/2019 20:19,7324.60
3/1/2019 20:20,7411.60
3/1/2019 20:21,7316.60
3/1/2019 20:22,7278.50
3/1/2019 20:23,7557.64
3/1/2019 20:24,7090.36
3/1/2019 20:25,7152.03
3/1/2019 20:26,7196.04
3/1/2019 20:27,7295.90
3/1/2019 20:28,7144.69
3/1/2019 20:29,7215.98
3/1/2019 20:30,7289.48
3/1/2019 20:31,7254.00
3/1/2019 20:32,7281.94
3/1/2019 20:33,7236.85
3/1/2019 20:34,7263.41
3/1/2019 20:35,7264.71
3/1/2019 20:36,7310.78
3/1/2019 20:37,7329.68
3/1/2019 20:38,7276.82
3/1/2019 20:39,7269.56
3/1/2019 20:40,7247.33
3/1/2019 20:41,7230.59
3/1/2019 20:42,7137.64
3/1/2019 20:43,7207.28
3/1/2019 20:44,7164.14
3/1/2019 20:45,7214.70
3/1/2019 20:46,7248.01
3/1/2019 20:47,7375.61
3/1/2019 20:48,7535.56
3/1/2019 20:49,7466.92
3/1/2019 20:50,7406.60
3/1/2019 20:51,7427.60
3/1/2019 20:52,7376.10
3/1/2019 20:53,7064.50
3/1/2019 20:54,7118.20
3/1/2019 20:55,7063.00
3/1/2019 20:56,7042.10
3/1/2019 20:57,7083.90
3/1/2019 20:58,7001.80
3/1/2019 20:59,7139.40
3/1/2019 21:00,6917.50
3/1/2019 21:01,7032.31
3/1/2019 21:02,6966.70
3/1/2019 21:03,7024.40
3/1/2019 21:04,7063.42
3/1/2019 21:05,6968.40
3/1/2019 21:06,6944.40
3/1/2019 21:07,6966.00
3/1/2019 21:08,6916.40
3/1/2019 21:09,6893.50
3/1/2019 21:10,6993.20
3/1/2019 21:11,6977.90
3/1/2019 21:12,6978.10
3/1/2019 21:13,7071.40
3/1/2019 21:14,7120.00
3/1/2019 21:15,7046.50
3/1/2019 21:16,7026.00
3/1/2019 21:17,7041.30
3/1/2019 21:18,6919.70
3/1/2019 21:19,7020.40
3/1/2019 21:20,6944.90
3/1/2019 21:21,6994.10
3/1/2019 21:22,6980.90
3/1/2019 21:23,6967.60
3/1/2019 21:24,7037.60
3/1/2019 21:25,7064.60
3/1/2019 21:26,7039.00
3/1/2019 21:27,7011.50
3/1/2019 21:28,7041.20
3/1/2019 21:29,7051.40
3/1/2019 21:30,7193.90
3/1/2019 21:31,7065.70
3/1/2019 21:32,7074.26
3/1/2019 21:33,7192.97
3/1/2019 21:34,7109.91
3/1/2019 21:35,7253.27
3/1/2019 21:36,7187.29
3/1/2019 21:37,7197.54
3/1/2019 21:38,7223.22
3/1/2019 21:39,7170.46
3/1/2019 21:40,7170.14
3/1/2019 21:41,7145.33
3/1/2019 21:42,7104.14
3/1/2019 21:43,7169.33
3/1/2019 21:44,7312.45
3/1/2019 21:45,7260.93
3/1/2019 21:46,7361.16
3/1/2019 21:47,7442.97
3/1/2019 21:48,7333.75
3/1/2019 21:49,7036.71
3/1/2019 21:50,7068.28
3/1/2019 21:51,7059.64
3/1/2019 21:52,7023.58
3/1/2019 21:53,6965.86
3/1/2019 21:54,6982.82
3/1/2019 21:55,6939.00
3/1/2019 21:56,6940.50
3/1/2019 21:57,6947.40
3/1/2019 21:58,6961.90
3/1/2019 21:59,7025.50
3/1/2019 22:00,7152.86
3/1/2019 22:01,6987.80
3/1/2019 22:02,7211.60
3/1/2019 22:03,7049.00
3/1/2019 22:04,7128.90
3/1/2019 22:05,7427.60
3/1/2019 22:06,7349.10
3/1/2019 22:07,7360.00
3/1/2019 22:08,7452.16
3/1/2019 22:09,7396.30
3/1/2019 22:10,7475.57
3/1/2019 22:11,7412.90
3/1/2019 22:12,7462.80
3/1/2019 22:13,7417.10
3/1/2019 22:14,7369.90
3/1/2019 22:15,7400.50
3/1/2019 22:16,7475.00
3/1/2019 22:17,7407.70
3/1/2019 22:18,7467.90
3/1/2019 22:19,7423.20
3/1/2019 22:20,7436.30
3/1/2019 22:21,7540.80
3/1/2019 22:22,7490.20
3/1/2019 22:23,7486.60
3/1/2019 22:24,7535.60
3/1/2019 22:25,7523.20
3/1/2019 22:26,7574.50
3/1/2019 22:27,7504.20
3/1/2019 22:28,7439.30
3/1/2019 22:29,7623.10
3/1/2019 22:30,7625.80
3/1/2019 22:31,7536.00
3/1/2019 22:32,7591.80
3/1/2019 22:33,7563.90
3/1/2019 22:34,7523.80
3/1/2019 22:35,7175.40
3/1/2019 22:36,7096.10
3/1/2019 22:37,7113.20
3/1/2019 22:38,7109.20
3/1/2019 22:39,7154.37
3/1/2019 22:40,7198.04
3/1/2019 22:41,7277.14
3/1/2019 22:42,7509.51
3/1/2019 22:43,7586.13
3/1/2019 22:44,7532.84
3/1/2019 22:45,7438.43
3/1/2019 22:46,7409.69
3/1/2019 22:47,7357.56
3/1/2019 22:48,7044.53
3/1/2019 22:49,7025.21
3/1/2019 22:50,6989.16
3/1/2019 22:51,7020.36
3/1/2019 22:52,7089.40
3/1/2019 22:53,7083.77
3/1/2019 22:54,7163.11
3/1/2019 22:55,7040.38
3/1/2019 22:56,7021.44
3/1/2019 22:57,7010.80
3/1/2019 22:58,6977.99
3/1/2019 22:59,6993.70
3/1/2019 23:00,7006.60
3/1/2019 23:01,7020.46
3/1/2019 23:02,7058.10
3/1/2019 23:03,7078.90
3/1/2019 23:04,7073.20
3/1/2019 23:05,7087.30
3/1/2019 23:06,7136.90
3/1/2019 23:07,7233.10
3/1/2019 23:08,8982.70
3/1/2019 23:09,9210.90
3/1/2019 23:10,9639.80
3/1/2019 23:11,9721.00
3/1/2019 23:12,12017.10
3/1/2019 23:13,12122.98
3/1/2019 23:14,12521.64
3/1/2019 23:15,12753.60
3/1/2019 23:16,12980.60
3/1/2019 23:17,13043.50
3/1/2019 23:18,13292.43
3/1/2019 23:19,13197.10
3/1/2019 23:20,13256.80
3/1/2019 23:21,13459.60
3/1/2019 23:22,13992.90
3/1/2019 23:23,13211.70
3/1/2019 23:24,13130.20
3/1/2019 23:25,13394.70
3/1/2019 23:26,13333.10
3/1/2019 23:27,13378.80
3/1/2019 23:28,13226.00
3/1/2019 23:29,13225.50
3/1/2019 23:30,12801.90
3/1/2019 23:31,12835.70
3/1/2019 23:32,12255.00
3/1/2019 23:33,12223.30
3/1/2019 23:34,13450.38
3/1/2019 23:35,13942.48
3/1/2019 23:36,14023.65
3/1/2019 23:37,13983.17
3/1/2019 23:38,14069.56
3/1/2019 23:39,15454.13
3/1/2019 23:40,16145.44
3/1/2019 23:41,16252.51
3/1/2019 23:42,15942.31
3/1/2019 23:43,15935.85
3/1/2019 23:44,15962.27
3/1/2019 23:45,16618.71
3/1/2019 23:46,16703.20
3/1/2019 23:47,16171.75
3/1/2019 23:48,15169.90
3/1/2019 23:49,15428.10
3/1/2019 23:50,15213.33
3/1/2019 23:51,14617.01
3/1/2019 23:52,14899.08
3/1/2019 23:53,12681.39
3/1/2019 23:54,12900.79
3/1/2019 23:55,12701.90
3/1/2019 23:56,14124.11
3/1/2019 23:57,14225.41
3/1/2019 23:58,14073.25
3/1/2019 23:59,14014.52
3/2/2019 0:00,14026.64
3/2/2019 0:01,15265.76
3/2/2019 0:02,15803.56
3/2/2019 0:03,15703.59
3/2/2019 0:04,14989.25
3/2/2019 0:05,14998.85
3/2/2019 0:06,16548.34
3/2/2019 0:07,16563.04
3/2/2019 0:08,16490.96
3/2/2019 0:09,16570.87
3/2/2019 0:10,16540.70
3/2/2019 0:11,16479.40
3/2/2019 0:12,16478.70
3/2/2019 0:13,16492.10
3/2/2019 0:14,16351.30
3/2/2019 0:15,16391.60
3/2/2019 0:16,16386.20
3/2/2019 0:17,16862.00
3/2/2019 0:18,16327.10
3/2/2019 0:19,16278.90
3/2/2019 0:20,16248.30
3/2/2019 0:21,16331.80
3/2/2019 0:22,15109.30
3/2/2019 0:23,15849.80
3/2/2019 0:24,15814.40
3/2/2019 0:25,16052.30
3/2/2019 0:26,18850.10
3/2/2019 0:27,18396.60
3/2/2019 0:28,18465.20
3/2/2019 0:29,18135.40
3/2/2019 0:30,17101.70
3/2/2019 0:31,16905.70
3/2/2019 0:32,15336.90
3/2/2019 0:33,11630.30
3/2/2019 0:34,11485.70
3/2/2019 0:35,8696.60
3/2/2019 0:36,9209.80
3/2/2019 0:37,9389.20
3/2/2019 0:38,9472.50
3/2/2019 0:39,9399.70
3/2/2019 0:40,9520.20
3/2/2019 0:41,9627.30
3/2/2019 0:42,9623.90
3/2/2019 0:43,9272.00
3/2/2019 0:44,9373.90
3/2/2019 0:45,9262.02
3/2/2019 0:46,9172.58
3/2/2019 0:47,8791.70
3/2/2019 0:48,8722.20
3/2/2019 0:49,8272.90
3/2/2019 0:50,8162.30
3/2/2019 0:51,8206.60
3/2/2019 0:52,8303.30
3/2/2019 0:53,8366.40
3/2/2019 0:54,7146.50
3/2/2019 0:55,7136.18
3/2/2019 0:56,7087.11
3/2/2019 0:57,7192.63
3/2/2019 0:58,7034.50
3/2/2019 0:59,7103.90
3/2/2019 1:00,7173.44
3/2/2019 1:01,7066.24
3/2/2019 1:02,7083.33
3/2/2019 1:03,7093.69
3/2/2019 1:04,7069.78
3/2/2019 1:05,7309.24
3/2/2019 1:06,7093.25
3/2/2019 1:07,7119.08
3/2/2019 1:08,7190.95
3/2/2019 1:09,7170.51
3/2/2019 1:10,7165.54
3/2/2019 1:11,7245.63
3/2/2019 1:12,7217.73
3/2/2019 1:13,7338.07
3/2/2019 1:14,7129.17
3/2/2019 1:15,7163.95
3/2/2019 1:16,7304.28
3/2/2019 1:17,7133.66
3/2/2019 1:18,7127.50
3/2/2019 1:19,7210.00
3/2/2019 1:20,7169.20
3/2/2019 1:21,7288.90
3/2/2019 1:22,7103.60
3/2/2019 1:23,7230.30
3/2/2019 1:24,7176.20
3/2/2019 1:25,7137.70
3/2/2019 1:26,7113.90
3/2/2019 1:27,7107.90
3/2/2019 1:28,7233.89
3/2/2019 1:29,7312.25
3/2/2019 1:30,7542.90
3/2/2019 1:31,7185.00
3/2/2019 1:32,7217.80
3/2/2019 1:33,7127.00
3/2/2019 1:34,7273.80
3/2/2019 1:35,7271.50
3/2/2019 1:36,7317.80
3/2/2019 1:37,7389.20
3/2/2019 1:38,7409.10
3/2/2019 1:39,7463.70
3/2/2019 1:40,7509.10
3/2/2019 1:41,7236.40
3/2/2019 1:42,7191.20
3/2/2019 1:43,7285.40
3/2/2019 1:44,7104.60
3/2/2019 1:45,7080.50
3/2/2019 1:46,7237.70
3/2/2019 1:47,7301.50
3/2/2019 1:48,7338.56
3/2/2019 1:49,7264.80
3/2/2019 1:50,7306.60
3/2/2019 1:51,7236.40
3/2/2019 1:52,7304.49
3/2/2019 1:53,7286.60
3/2/2019 1:54,7239.76
3/2/2019 1:55,7153.70
3/2/2019 1:56,7222.91
3/2/2019 1:57,7168.70
3/2/2019 1:58,7156.20
3/2/2019 1:59,7168.30
3/2/2019 2:00,7126.60
3/2/2019 2:01,7120.10
3/2/2019 2:02,7215.80
3/2/2019 2:03,7244.11
3/2/2019 2:04,7182.46
3/2/2019 2:05,7245.96
3/2/2019 2:06,7215.29
3/2/2019 2:07,7195.37
3/2/2019 2:08,7275.64
3/2/2019 2:09,7246.81
3/2/2019 2:10,7232.98
3/2/2019 2:11,7253.96
3/2/2019 2:12,7116.59
3/2/2019 2:13,7125.28
3/2/2019 2:14,7124.31
3/2/2019 2:15,7226.62
3/2/2019 2:16,7277.17
3/2/2019 2:17,7277.11
3/2/2019 2:18,7177.30
3/2/2019 2:19,7308.37
3/2/2019 2:20,7166.11
3/2/2019 2:21,7139.33
3/2/2019 2:22,7149.04
3/2/2019 2:23,7141.97
3/2/2019 2:24,7172.51
3/2/2019 2:25,7227.76
3/2/2019 2:26,7341.80
3/2/2019 2:27,7361.52
3/2/2019 2:28,7232.59
3/2/2019 2:29,7312.53
3/2/2019 2:30,7617.89
3/2/2019 2:31,7691.54
3/2/2019 2:32,7577.22
3/2/2019 2:33,7652.61
3/2/2019 2:34,7690.40
3/2/2019 2:35,7678.76
3/2/2019 2:36,7680.19
3/2/2019 2:37,7705.56
3/2/2019 2:38,7517.40
3/2/2019 2:39,7621.80
3/2/2019 2:40,7560.20
3/2/2019 2:41,7728.20
3/2/2019 2:42,7534.70
3/2/2019 2:43,7624.90
3/2/2019 2:44,7604.30
3/2/2019 2:45,7594.10
3/2/2019 2:46,7755.60
3/2/2019 2:47,7504.20
3/2/2019 2:48,7475.10
3/2/2019 2:49,7400.90
3/2/2019 2:50,7379.70
3/2/2019 2:51,7437.90
3/2/2019 2:52,7561.50
3/2/2019 2:53,7547.30
3/2/2019 2:54,7495.50
3/2/2019 2:55,7531.20
3/2/2019 2:56,7540.90
3/2/2019 2:57,7522.00
3/2/2019 2:58,7459.00
3/2/2019 2:59,7580.30
3/2/2019 3:00,7209.00
3/2/2019 3:01,7287.90
3/2/2019 3:02,7413.01
3/2/2019 3:03,7427.76
3/2/2019 3:04,7229.50
3/2/2019 3:05,7226.10
3/2/2019 3:06,7207.60
3/2/2019 3:07,7283.60
3/2/2019 3:08,7223.20
3/2/2019 3:09,7292.84
3/2/2019 3:10,7257.00
3/2/2019 3:11,7227.58
3/2/2019 3:12,7254.38
3/2/2019 3:13,7180.48
3/2/2019 3:14,7220.70
3/2/2019 3:15,7207.48
3/2/2019 3:16,7096.86
3/2/2019 3:17,7236.54
3/2/2019 3:18,7185.43
3/2/2019 3:19,7067.16
3/2/2019 3:20,7181.00
3/2/2019 3:21,7075.38
3/2/2019 3:22,7221.32
3/2/2019 3:23,7089.06
3/2/2019 3:24,7029.40
3/2/2019 3:25,7110.68
3/2/2019 3:26,7059.68
3/2/2019 3:27,7226.20
3/2/2019 3:28,7337.33
3/2/2019 3:29,7260.36
3/2/2019 3:30,7439.77
3/2/2019 3:31,7124.10
3/2/2019 3:32,7154.40
3/2/2019 3:33,7188.70
3/2/2019 3:34,7206.40
3/2/2019 3:35,7198.80
3/2/2019 3:36,7331.10
3/2/2019 3:37,7273.70
3/2/2019 3:38,7286.90
3/2/2019 3:39,7178.60
3/2/2019 3:40,7266.80
3/2/2019 3:41,7295.30
3/2/2019 3:42,7198.50
3/2/2019 3:43,7230.20
3/2/2019 3:44,7371.70
3/2/2019 3:45,7290.10
3/2/2019 3:46,7520.00
3/2/2019 3:47,7537.65
3/2/2019 3:48,7509.22
3/2/2019 3:49,7449.30
3/2/2019 3:50,7380.50
3/2/2019 3:51,7337.20
3/2/2019 3:52,7230.40
3/2/2019 3:53,7248.40
3/2/2019 3:54,7258.30
3/2/2019 3:55,7089.10
3/2/2019 3:56,7093.00
3/2/2019 3:57,7019.40
3/2/2019 3:58,7084.60
3/2/2019 3:59,7074.00
3/2/2019 4:00,7177.70
3/2/2019 4:01,7234.10
3/2/2019 4:02,7252.80
3/2/2019 4:03,7195.10
3/2/2019 4:04,7100.40
3/2/2019 4:05,7092.80
3/2/2019 4:06,7101.20
3/2/2019 4:07,7093.50
3/2/2019 4:08,7093.20
3/2/2019 4:09,7134.80
3/2/2019 4:10,7195.20
3/2/2019 4:11,7193.00
3/2/2019 4:12,7050.80
3/2/2019 4:13,7110.30
3/2/2019 4:14,7035.10
3/2/2019 4:15,7042.90
3/2/2019 4:16,7209.62
3/2/2019 4:17,7142.10
3/2/2019 4:18,7163.26
3/2/2019 4:19,7120.68
3/2/2019 4:20,7130.73
3/2/2019 4:21,7047.44
3/2/2019 4:22,7069.73
3/2/2019 4:23,7185.16
3/2/2019 4:24,7071.66
3/2/2019 4:25,7306.92
3/2/2019 4:26,7248.47
3/2/2019 4:27,7286.02
3/2/2019 4:28,7202.52
3/2/2019 4:29,7132.93
3/2/2019 4:30,7177.29
3/2/2019 4:31,7193.44
3/2/2019 4:32,7235.19
3/2/2019 4:33,7083.52
3/2/2019 4:34,7217.46
3/2/2019 4:35,7182.14
3/2/2019 4:36,7199.35
3/2/2019 4:37,7226.08
3/2/2019 4:38,7126.90
3/2/2019 4:39,7108.90
3/2/2019 4:40,7081.40
3/2/2019 4:41,7149.30
3/2/2019 4:42,7354.60
3/2/2019 4:43,7256.00
3/2/2019 4:44,7663.20
3/2/2019 4:45,7666.60
3/2/2019 4:46,7587.60
3/2/2019 4:47,7723.80
3/2/2019 4:48,7741.90
3/2/2019 4:49,7840.10
3/2/2019 4:50,7841.50
3/2/2019 4:51,7834.40
3/2/2019 4:52,7545.70
3/2/2019 4:53,7648.00
3/2/2019 4:54,7590.80
3/2/2019 4:55,7483.50
3/2/2019 4:56,7542.10
3/2/2019 4:57,7613.90
3/2/2019 4:58,7603.90
3/2/2019 4:59,7608.20
3/2/2019 5:00,7684.00
3/2/2019 5:01,7571.60
3/2/2019 5:02,7648.80
3/2/2019 5:03,7642.40
3/2/2019 5:04,7549.50
3/2/2019 5:05,7570.50
3/2/2019 5:06,7458.30
3/2/2019 5:07,7576.20
3/2/2019 5:08,7615.40
3/2/2019 5:09,7560.30
3/2/2019 5:10,7645.40
3/2/2019 5:11,7623.40
3/2/2019 5:12,7625.00
3/2/2019 5:13,7757.90
3/2/2019 5:14,7312.48
3/2/2019 5:15,7269.30
3/2/2019 5:16,7261.00
3/2/2019 5:17,7295.50
3/2/2019 5:18,7420.09
3/2/2019 5:19,7274.50
3/2/2019 5:20,7494.27
3/2/2019 5:21,7352.60
3/2/2019 5:22,7484.48
3/2/2019 5:23,7370.63
3/2/2019 5:24,7462.59
3/2/2019 5:25,7298.02
3/2/2019 5:26,7415.98
3/2/2019 5:27,7334.20
3/2/2019 5:28,7422.69
3/2/2019 5:29,7378.01
3/2/2019 5:30,7381.36
3/2/2019 5:31,7322.29
3/2/2019 5:32,7275.04
3/2/2019 5:33,7291.75
3/2/2019 5:34,7324.79
3/2/2019 5:35,7307.45
3/2/2019 5:36,7387.85
3/2/2019 5:37,7378.03
3/2/2019 5:38,7427.50
3/2/2019 5:39,7366.08
3/2/2019 5:40,7382.22
3/2/2019 5:41,7243.78
3/2/2019 5:42,7223.63
3/2/2019 5:43,7181.80
3/2/2019 5:44,7176.90
3/2/2019 5:45,7248.56
3/2/2019 5:46,7468.79
3/2/2019 5:47,7324.63
3/2/2019 5:48,7355.50
3/2/2019 5:49,7342.40
3/2/2019 5:50,7300.20
3/2/2019 5:51,7310.30
3/2/2019 5:52,7731.80
3/2/2019 5:53,9648.60
3/2/2019 5:54,10658.48
3/2/2019 5:55,11734.10
3/2/2019 5:56,12500.54
3/2/2019 5:57,13197.30
3/2/2019 5:58,13772.08
3/2/2019 5:59,14711.16
3/2/2019 6:00,16568.13
3/2/2019 6:01,8923.80
3/2/2019 6:02,9570.18
3/2/2019 6:03,9975.30
3/2/2019 6:04,10457.50
3/2/2019 6:05,10533.10
3/2/2019 6:06,10505.60
3/2/2019 6:07,10438.50
3/2/2019 6:08,10599.20
3/2/2019 6:09,10590.50
3/2/2019 6:10,10561.00
3/2/2019 6:11,10713.40
3/2/2019 6:12,10565.70
3/2/2019 6:13,10416.40
3/2/2019 6:14,10443.40
3/2/2019 6:15,10469.90
3/2/2019 6:16,10518.60
3/2/2019 6:17,10487.20
3/2/2019 6:18,10500.80
3/2/2019 6:19,10463.30
3/2/2019 6:20,10568.65
3/2/2019 6:21,10533.70
3/2/2019 6:22,10461.80
3/2/2019 6:23,10325.60
3/2/2019 6:24,10281.30
3/2/2019 6:25,10274.90
3/2/2019 6:26,10450.50
3/2/2019 6:27,10448.70
3/2/2019 6:28,10381.10
3/2/2019 6:29,10263.40
3/2/2019 6:30,10274.96
3/2/2019 6:31,10297.91
3/2/2019 6:32,10325.66
3/2/2019 6:33,10365.43
3/2/2019 6:34,10373.82
3/2/2019 6:35,10330.98
3/2/2019 6:36,10395.66
3/2/2019 6:37,10425.96
3/2/2019 6:38,10236.89
3/2/2019 6:39,10236.54
3/2/2019 6:40,10315.88
3/2/2019 6:41,10287.88
3/2/2019 6:42,10310.57
3/2/2019 6:43,10191.60
3/2/2019 6:44,10263.10
3/2/2019 6:45,10561.86
3/2/2019 6:46,10341.25
3/2/2019 6:47,10377.38
3/2/2019 6:48,10341.30
3/2/2019 6:49,10497.84
3/2/2019 6:50,10583.21
3/2/2019 6:51,10338.70
3/2/2019 6:52,10465.20
3/2/2019 6:53,10265.30
3/2/2019 6:54,10412.41
3/2/2019 6:55,10352.50
3/2/2019 6:56,10323.20
3/2/2019 6:57,10435.20
3/2/2019 6:58,10091.70
3/2/2019 6:59,10253.50
3/2/2019 7:00,10740.80
3/2/2019 7:01,10649.90
3/2/2019 7:02,10732.00
3/2/2019 7:03,10716.80
3/2/2019 7:04,10603.30
3/2/2019 7:05,10649.20
3/2/2019 7:06,10502.70
3/2/2019 7:07,10523.90
3/2/2019 7:08,10555.00
3/2/2019 7:09,10583.50
3/2/2019 7:10,10578.70
3/2/2019 7:11,10523.60
3/2/2019 7:12,10585.20
3/2/2019 7:13,10577.70
3/2/2019 7:14,10605.70
3/2/2019 7:15,10703.50
3/2/2019 7:16,10739.25
3/2/2019 7:17,10737.30
3/2/2019 7:18,10770.00
3/2/2019 7:19,10853.60
3/2/2019 7:20,10669.10
3/2/2019 7:21,10489.50
3/2/2019 7:22,10619.00
3/2/2019 7:23,10463.00
3/2/2019 7:24,10389.40
3/2/2019 7:25,10286.80
3/2/2019 7:26,10378.00
3/2/2019 7:27,10354.10
3/2/2019 7:28,10605.43
3/2/2019 7:29,10194.90
3/2/2019 7:30,10249.50
3/2/2019 7:31,10346.70
3/2/2019 7:32,10245.40
3/2/2019 7:33,10322.90
3/2/2019 7:34,10293.43
3/2/2019 7:35,10212.10
3/2/2019 7:36,10250.94
3/2/2019 7:37,10289.92
3/2/2019 7:38,10261.99
3/2/2019 7:39,10257.94
3/2/2019 7:40,10279.42
3/2/2019 7:41,10255.10
3/2/2019 7:42,10091.14
3/2/2019 7:43,9953.26
3/2/2019 7:44,9965.99
3/2/2019 7:45,9864.34
3/2/2019 7:46,10045.49
3/2/2019 7:47,10073.91
3/2/2019 7:48,10185.91
3/2/2019 7:49,10133.08
3/2/2019 7:50,10136.57
3/2/2019 7:51,10057.50
3/2/2019 7:52,9809.98
3/2/2019 7:53,9535.29
3/2/2019 7:54,9514.60
3/2/2019 7:55,9301.70
3/2/2019 7:56,9277.55
3/2/2019 7:57,9412.50
3/2/2019 7:58,9499.70
3/2/2019 7:59,9686.40
3/2/2019 8:00,9880.10
3/2/2019 8:01,9494.40
3/2/2019 8:02,9795.19
3/2/2019 8:03,9665.30
3/2/2019 8:04,9485.10
3/2/2019 8:05,9417.20
3/2/2019 8:06,9482.94
3/2/2019 8:07,9415.30
3/2/2019 8:08,9597.56
3/2/2019 8:09,9616.80
3/2/2019 8:10,9889.74
3/2/2019 8:11,9899.65
3/2/2019 8:12,10077.27
3/2/2019 8:13,11224.50
3/2/2019 8:14,11369.10
3/2/2019 8:15,6861.10
3/2/2019 8:16,6758.20
3/2/2019 8:17,6618.90
3/2/2019 8:18,6445.10
3/2/2019 8:19,6151.50
3/2/2019 8:20,5939.70
3/2/2019 8:21,5735.30
3/2/2019 8:22,5711.50
3/2/2019 8:23,5606.80
3/2/2019 8:24,5541.40
3/2/2019 8:25,5490.00
3/2/2019 8:26,5346.30
3/2/2019 8:27,5308.30
3/2/2019 8:28,5247.10
3/2/2019 8:29,5164.10
3/2/2019 8:30,5099.30
3/2/2019 8:31,5106.70
3/2/2019 8:32,5125.00
3/2/2019 8:33,5106.90
3/2/2019 8:34,4998.90
3/2/2019 8:35,4849.60
3/2/2019 8:36,4783.70
3/2/2019 8:37,4819.30
3/2/2019 8:38,4455.30
3/2/2019 8:39,4430.80
3/2/2019 8:40,4916.60
3/2/2019 8:41,5424.10
3/2/2019 8:42,5818.18
3/2/2019 8:43,6099.24
3/2/2019 8:44,6458.11
3/2/2019 8:45,6702.76
3/2/2019 8:46,6805.28
3/2/2019 8:47,6751.70
3/2/2019 8:48,6785.33
3/2/2019 8:49,6768.90
3/2/2019 8:50,6863.01
3/2/2019 8:51,6795.72
3/2/2019 8:52,6604.42
3/2/2019 8:53,6497.82
3/2/2019 8:54,6293.92
3/2/2019 8:55,6299.36
3/2/2019 8:56,6089.38
3/2/2019 8:57,5906.42
3/2/2019 8:58,5798.90
3/2/2019 8:59,5715.97
3/2/2019 9:00,5239.42
3/2/2019 9:01,4947.20
3/2/2019 9:02,4860.10
3/2/2019 9:03,4804.79
3/2/2019 9:04,4803.93
3/2/2019 9:05,4770.60
3/2/2019 9:06,4748.60
3/2/2019 9:07,4445.20
3/2/2019 9:08,4346.80
3/2/2019 9:09,4560.50
3/2/2019 9:10,4954.90
3/2/2019 9:11,5034.90
3/2/2019 9:12,5071.30
3/2/2019 9:13,4991.90
3/2/2019 9:14,5192.75
3/2/2019 9:15,5164.30
3/2/2019 9:16,5069.50
3/2/2019 9:17,5524.40
3/2/2019 9:18,5563.60
3/2/2019 9:19,5554.40
3/2/2019 9:20,5368.70
3/2/2019 9:21,5344.50
3/2/2019 9:22,5467.20
3/2/2019 9:23,5645.90
3/2/2019 9:24,5734.30
3/2/2019 9:25,5869.20
3/2/2019 9:26,5982.40
3/2/2019 9:27,5956.70
3/2/2019 9:28,5859.70
3/2/2019 9:29,5913.70
3/2/2019 9:30,5964.10
3/2/2019 9:31,5937.60
3/2/2019 9:32,5790.60
3/2/2019 9:33,5684.10
3/2/2019 9:34,5751.90
3/2/2019 9:35,5700.60
3/2/2019 9:36,5665.20
3/2/2019 9:37,5693.40
3/2/2019 9:38,5456.70
3/2/2019 9:39,5272.50
3/2/2019 9:40,5307.50
3/2/2019 9:41,5281.50
3/2/2019 9:42,5353.00
3/2/2019 9:43,5260.30
3/2/2019 9:44,5221.90
3/2/2019 9:45,5225.35
3/2/2019 9:46,4956.20
3/2/2019 9:47,4922.60
3/2/2019 9:48,4985.81
3/2/2019 9:49,5104.08
3/2/2019 9:50,5034.41
3/2/2019 9:51,4948.33
3/2/2019 9:52,4967.01
3/2/2019 9:53,5100.51
3/2/2019 9:54,5163.83
3/2/2019 9:55,5169.03
3/2/2019 9:56,5402.27
3/2/2019 9:57,5434.15
3/2/2019 9:58,5555.62
3/2/2019 9:59,5416.30
3/2/2019 10:00,5315.45
3/2/2019 10:01,4932.70
3/2/2019 10:02,4888.87
3/2/2019 10:03,4776.34
3/2/2019 10:04,4826.34
3/2/2019 10:05,4929.55
3/2/2019 10:06,5038.00
3/2/2019 10:07,4749.55
3/2/2019 10:08,4873.62
3/2/2019 10:09,4769.75
3/2/2019 10:10,4845.10
3/2/2019 10:11,4811.70
3/2/2019 10:12,4779.90
3/2/2019 10:13,4848.70
3/2/2019 10:14,4739.20
3/2/2019 10:15,4384.90
3/2/2019 10:16,4127.00
3/2/2019 10:17,4100.60
3/2/2019 10:18,4149.00
3/2/2019 10:19,4189.30
3/2/2019 10:20,4130.10
3/2/2019 10:21,4120.70
3/2/2019 10:22,4066.90
3/2/2019 10:23,4167.10
3/2/2019 10:24,4155.80
3/2/2019 10:25,4246.80
3/2/2019 10:26,4309.10
3/2/2019 10:27,4271.70
3/2/2019 10:28,4300.70
3/2/2019 10:29,4532.60
3/2/2019 10:30,4962.80
3/2/2019 10:31,5188.20
3/2/2019 10:32,5149.00
3/2/2019 10:33,5081.50
3/2/2019 10:34,5105.80
3/2/2019 10:35,5066.40
3/2/2019 10:36,5226.40
3/2/2019 10:37,5583.75
3/2/2019 10:38,5464.10
3/2/2019 10:39,5438.70
3/2/2019 10:40,5186.60
3/2/2019 10:41,5245.00
3/2/2019 10:42,5423.50
3/2/2019 10:43,5393.70
3/2/2019 10:44,5628.00
3/2/2019 10:45,5486.90
3/2/2019 10:46,5532.62
3/2/2019 10:47,5537.60
3/2/2019 10:48,5562.09
3/2/2019 10:49,5396.90
3/2/2019 10:50,5468.34
3/2/2019 10:51,5235.20
3/2/2019 10:52,5145.04
3/2/2019 10:53,5054.50
3/2/2019 10:54,4980.10
3/2/2019 10:55,4865.00
3/2/2019 10:56,5001.47
3/2/2019 10:57,4883.19
3/2/2019 10:58,4753.12
3/2/2019 10:59,4641.76
3/2/2019 11:00,4494.43
3/2/2019 11:01,4740.70
3/2/2019 11:02,4821.24
3/2/2019 11:03,4509.94
3/2/2019 11:04,4697.96
3/2/2019 11:05,4528.21
3/2/2019 11:06,4476.39
3/2/2019 11:07,4495.21
3/2/2019 11:08,4182.56
3/2/2019 11:09,4113.67
3/2/2019 11:10,4130.05
3/2/2019 11:11,4231.51
3/2/2019 11:12,4296.44
3/2/2019 11:13,4219.95
3/2/2019 11:14,4306.30
3/2/2019 11:15,4199.04
3/2/2019 11:16,4079.60
3/2/2019 11:17,4035.30
3/2/2019 11:18,4057.70
3/2/2019 11:19,4182.10
3/2/2019 11:20,4273.00
3/2/2019 11:21,4294.30
3/2/2019 11:22,4253.00
3/2/2019 11:23,4236.90
3/2/2019 11:24,4176.70
3/2/2019 11:25,4479.55
3/2/2019 11:26,4392.35
3/2/2019 11:27,4172.70
3/2/2019 11:28,4117.10
3/2/2019 11:29,4056.00
3/2/2019 11:30,4104.50
3/2/2019 11:31,4097.30
3/2/2019 11:32,4136.40
3/2/2019 11:33,4194.30
3/2/2019 11:34,4129.20
3/2/2019 11:35,4299.90
3/2/2019 11:36,4330.30
3/2/2019 11:37,4367.00
3/2/2019 11:38,4370.60
3/2/2019 11:39,4373.30
3/2/2019 11:40,4377.90
3/2/2019 11:41,4401.30
3/2/2019 11:42,4627.40
3/2/2019 11:43,5053.80
3/2/2019 11:44,4897.40
3/2/2019 11:45,4977.70
3/2/2019 11:46,5019.30
3/2/2019 11:47,4602.90
3/2/2019 11:48,5004.30
3/2/2019 11:49,4984.40
3/2/2019 11:50,4745.53
3/2/2019 11:51,4751.50
3/2/2019 11:52,4750.40
3/2/2019 11:53,4566.70
3/2/2019 11:54,4560.40
3/2/2019 11:55,4632.20
3/2/2019 11:56,4648.10
3/2/2019 11:57,4743.40
3/2/2019 11:58,4453.60
3/2/2019 11:59,4399.50
3/2/2019 12:00,4555.10
3/2/2019 12:01,4352.50
3/2/2019 12:02,4333.21
3/2/2019 12:03,4399.07
3/2/2019 12:04,4335.12
3/2/2019 12:05,4256.26
3/2/2019 12:06,4232.30
3/2/2019 12:07,4317.06
3/2/2019 12:08,4303.75
3/2/2019 12:09,4451.56
3/2/2019 12:10,4537.12
3/2/2019 12:11,4664.54
3/2/2019 12:12,4495.82
3/2/2019 12:13,4516.08
3/2/2019 12:14,4174.37
3/2/2019 12:15,4235.02
3/2/2019 12:16,4325.35
3/2/2019 12:17,4101.28
3/2/2019 12:18,4258.75
3/2/2019 12:19,4433.77
3/2/2019 12:20,4400.83
3/2/2019 12:21,4255.65
3/2/2019 12:22,4218.41
3/2/2019 12:23,4186.82
3/2/2019 12:24,4343.54
3/2/2019 12:25,4170.50
3/2/2019 12:26,4323.50
3/2/2019 12:27,4218.20
3/2/2019 12:28,4299.80
3/2/2019 12:29,4234.20
3/2/2019 12:30,4212.70
3/2/2019 12:31,4374.70
3/2/2019 12:32,4327.30
3/2/2019 12:33,4459.40
3/2/2019 12:34,4887.20
3/2/2019 12:35,5003.80
3/2/2019 12:36,4947.00
3/2/2019 12:37,5354.10
3/2/2019 12:38,6110.80
3/2/2019 12:39,5890.00
3/2/2019 12:40,5091.40
3/2/2019 12:41,5626.80
3/2/2019 12:42,5408.70
3/2/2019 12:43,4762.30
3/2/2019 12:44,4653.30
3/2/2019 12:45,4827.50
3/2/2019 12:46,4614.10
3/2/2019 12:47,4448.30
3/2/2019 12:48,4305.40
3/2/2019 12:49,4471.30
3/2/2019 12:50,4265.40
3/2/2019 12:51,4158.60
3/2/2019 12:52,4167.70
3/2/2019 12:53,4145.90
3/2/2019 12:54,4085.00
3/2/2019 12:55,4150.40
3/2/2019 12:56,4157.70
3/2/2019 12:57,4320.89
3/2/2019 12:58,4397.21
3/2/2019 12:59,4299.30
3/2/2019 13:00,4290.20
3/2/2019 13:01,4172.70
3/2/2019 13:02,4097.80
3/2/2019 13:03,4165.30
3/2/2019 13:04,4175.60
3/2/2019 13:05,4188.70
3/2/2019 13:06,4081.10
3/2/2019 13:07,4066.30
3/2/2019 13:08,4214.20
3/2/2019 13:09,4229.20
3/2/2019 13:10,4192.87
3/2/2019 13:11,4464.24
3/2/2019 13:12,4519.23
3/2/2019 13:13,4662.92
3/2/2019 13:14,4851.61
3/2/2019 13:15,4998.65
3/2/2019 13:16,4748.59
3/2/2019 13:17,4285.46
3/2/2019 13:18,4225.05
3/2/2019 13:19,4534.33
3/2/2019 13:20,4505.64
3/2/2019 13:21,4406.93
3/2/2019 13:22,4325.81
3/2/2019 13:23,4095.38
3/2/2019 13:24,4198.35
3/2/2019 13:25,4106.32
3/2/2019 13:26,4259.47
3/2/2019 13:27,4173.12
3/2/2019 13:28,4134.77
3/2/2019 13:29,4139.72
3/2/2019 13:30,4075.61
3/2/2019 13:31,3996.00
3/2/2019 13:32,4110.70
3/2/2019 13:33,4152.30
3/2/2019 13:34,4200.50
3/2/2019 13:35,4185.30
3/2/2019 13:36,4147.50
3/2/2019 13:37,4215.00
3/2/2019 13:38,4218.90
3/2/2019 13:39,4193.40
3/2/2019 13:40,4227.52
3/2/2019 13:41,4201.87
3/2/2019 13:42,4115.80
3/2/2019 13:43,4102.10
3/2/2019 13:44,4140.30
3/2/2019 13:45,4125.40
3/2/2019 13:46,4146.50
3/2/2019 13:47,4188.80
3/2/2019 13:48,4124.90
3/2/2019 13:49,4075.00
3/2/2019 13:50,4108.20
3/2/2019 13:51,4481.12
3/2/2019 13:52,4422.20
3/2/2019 13:53,4472.60
3/2/2019 13:54,4954.40
3/2/2019 13:55,5609.00
3/2/2019 13:56,6544.50
3/2/2019 13:57,6228.50
3/2/2019 13:58,5773.20
3/2/2019 13:59,5569.00
3/2/2019 14:00,5409.40
3/2/2019 14:01,5309.40
3/2/2019 14:02,5179.00
3/2/2019 14:03,5187.80
3/2/2019 14:04,5308.60
3/2/2019 14:05,5564.70
3/2/2019 14:06,5577.30
3/2/2019 14:07,5465.10
3/2/2019 14:08,5311.00
3/2/2019 14:09,5176.80
3/2/2019 14:10,5069.90
3/2/2019 14:11,5056.80
3/2/2019 14:12,5289.10
3/2/2019 14:13,5558.90
3/2/2019 14:14,5640.80
3/2/2019 14:15,5700.80
3/2/2019 14:16,5812.22
3/2/2019 14:17,5888.83
3/2/2019 14:18,5477.28
3/2/2019 14:19,5061.81
3/2/2019 14:20,4924.15
3/2/2019 14:21,4626.29
3/2/2019 14:22,4303.38
3/2/2019 14:23,4323.92
3/2/2019 14:24,4461.59
3/2/2019 14:25,4433.19
3/2/2019 14:26,4465.69
3/2/2019 14:27,4541.98
3/2/2019 14:28,4639.08
3/2/2019 14:29,4677.99
3/2/2019 14:30,4646.52
3/2/2019 14:31,4791.22
3/2/2019 14:32,4829.54
3/2/2019 14:33,4906.34
3/2/2019 14:34,4812.83
3/2/2019 14:35,4826.20
3/2/2019 14:36,4958.08
3/2/2019 14:37,5054.24
3/2/2019 14:38,5119.50
3/2/2019 14:39,5075.30
3/2/2019 14:40,5175.10
3/2/2019 14:41,5241.50
3/2/2019 14:42,5183.30
3/2/2019 14:43,4699.80
3/2/2019 14:44,4227.20
3/2/2019 14:45,4081.20
3/2/2019 14:46,4066.40
3/2/2019 14:47,4190.86
3/2/2019 14:48,4164.10
3/2/2019 14:49,4128.80
3/2/2019 14:50,4057.00
3/2/2019 14:51,4151.27
3/2/2019 14:52,4061.30
3/2/2019 14:53,4138.50
3/2/2019 14:54,4210.50
3/2/2019 14:55,4274.80
3/2/2019 14:56,4284.50
3/2/2019 14:57,4190.70
3/2/2019 14:58,4235.20
3/2/2019 14:59,4393.93
3/2/2019 15:00,4281.60
3/2/2019 15:01,4432.75
3/2/2019 15:02,4241.50
3/2/2019 15:03,4207.67
3/2/2019 15:04,4029.40
3/2/2019 15:05,4134.40
3/2/2019 15:06,4164.90
3/2/2019 15:07,4153.10
3/2/2019 15:08,4252.57
3/2/2019 15:09,4199.10
3/2/2019 15:10,4169.77
3/2/2019 15:11,4142.80
3/2/2019 15:12,4225.10
3/2/2019 15:13,4583.60
3/2/2019 15:14,4588.10
3/2/2019 15:15,4598.30
3/2/2019 15:16,4775.70
3/2/2019 15:17,5053.30
3/2/2019 15:18,5570.20
3/2/2019 15:19,5171.50
3/2/2019 15:20,5012.06
3/2/2019 15:21,5013.98
3/2/2019 15:22,4825.83
3/2/2019 15:23,4745.31
3/2/2019 15:24,4314.92
3/2/2019 15:25,4130.27
3/2/2019 15:26,4221.15
3/2/2019 15:27,4262.58
3/2/2019 15:28,4177.12
3/2/2019 15:29,4145.14
3/2/2019 15:30,4244.59
3/2/2019 15:31,4282.34
3/2/2019 15:32,4234.91
3/2/2019 15:33,4261.58
3/2/2019 15:34,4127.18
3/2/2019 15:35,4109.73
3/2/2019 15:36,4202.95
3/2/2019 15:37,4244.61
3/2/2019 15:38,4653.42
3/2/2019 15:39,4631.44
3/2/2019 15:40,4153.05
3/2/2019 15:41,4216.61
3/2/2019 15:42,4180.81
3/2/2019 15:43,4103.92
3/2/2019 15:44,4113.16
3/2/2019 15:45,4155.40
3/2/2019 15:46,4212.30
3/2/2019 15:47,4194.90
3/2/2019 15:48,4159.60
3/2/2019 15:49,4189.40
3/2/2019 15:50,4233.00
3/2/2019 15:51,4521.80
3/2/2019 15:52,5468.10
3/2/2019 15:53,7749.10
3/2/2019 15:54,6257.40
3/2/2019 15:55,5436.70
3/2/2019 15:56,5352.60
3/2/2019 15:57,5511.70
3/2/2019 15:58,6032.00
3/2/2019 15:59,7368.60
3/2/2019 16:00,6005.11
3/2/2019 16:01,5581.63
3/2/2019 16:02,5174.50
3/2/2019 16:03,4912.80
3/2/2019 16:04,4709.90
3/2/2019 16:05,4567.40
3/2/2019 16:06,4480.02
3/2/2019 16:07,4441.90
3/2/2019 16:08,4424.90
3/2/2019 16:09,4367.80
3/2/2019 16:10,4296.60
3/2/2019 16:11,4341.00
3/2/2019 16:12,4543.20
3/2/2019 16:13,4660.90
3/2/2019 16:14,4680.40
3/2/2019 16:15,4728.40
3/2/2019 16:16,4713.70
3/2/2019 16:17,4761.80
3/2/2019 16:18,4295.90
3/2/2019 16:19,4294.90
3/2/2019 16:20,4253.30
3/2/2019 16:21,4237.10
3/2/2019 16:22,4325.40
3/2/2019 16:23,4284.90
3/2/2019 16:24,4245.10
3/2/2019 16:25,4283.40
3/2/2019 16:26,4284.90
3/2/2019 16:27,4269.00
3/2/2019 16:28,4305.40
3/2/2019 16:29,4776.30
3/2/2019 16:30,6035.64
3/2/2019 16:31,4628.33
3/2/2019 16:32,4905.84
3/2/2019 16:33,5135.36
3/2/2019 16:34,4583.89
3/2/2019 16:35,4279.41
3/2/2019 16:36,4324.59
3/2/2019 16:37,4359.53
3/2/2019 16:38,4423.64
3/2/2019 16:39,4466.05
3/2/2019 16:40,4467.98
3/2/2019 16:41,4670.15
3/2/2019 16:42,4673.93
3/2/2019 16:43,4460.05
3/2/2019 16:44,4080.65
3/2/2019 16:45,4239.90
3/2/2019 16:46,4157.28
3/2/2019 16:47,4327.66
3/2/2019 16:48,4274.66
3/2/2019 16:49,4231.22
3/2/2019 16:50,4134.14
3/2/2019 16:51,4124.30
3/2/2019 16:52,4271.90
3/2/2019 16:53,4532.00
3/2/2019 16:54,5056.90
3/2/2019 16:55,5128.00
3/2/2019 16:56,5137.00
3/2/2019 16:57,5060.70
3/2/2019 16:58,5096.50
3/2/2019 16:59,5306.10
3/2/2019 17:00,5433.40
3/2/2019 17:01,5548.50
3/2/2019 17:02,5571.80
3/2/2019 17:03,5561.40
3/2/2019 17:04,5619.80
3/2/2019 17:05,5655.40
3/2/2019 17:06,5706.50
3/2/2019 17:07,5731.50
3/2/2019 17:08,5732.00
3/2/2019 17:09,5772.70
3/2/2019 17:10,5835.90
3/2/2019 17:11,5937.70
3/2/2019 17:12,6006.30
3/2/2019 17:13,6232.20
3/2/2019 17:14,6122.90
3/2/2019 17:15,6165.50
3/2/2019 17:16,6163.20
3/2/2019 17:17,6224.60
3/2/2019 17:18,6203.40
3/2/2019 17:19,5930.50
3/2/2019 17:20,5943.30
3/2/2019 17:21,6074.70
3/2/2019 17:22,6027.20
3/2/2019 17:23,6143.00
3/2/2019 17:24,6241.80
3/2/2019 17:25,6191.30
3/2/2019 17:26,6151.20
3/2/2019 17:27,6258.90
3/2/2019 17:28,6344.60
3/2/2019 17:29,6397.30
3/2/2019 17:30,6544.60
3/2/2019 17:31,6515.60
3/2/2019 17:32,6702.10
3/2/2019 17:33,6517.16
3/2/2019 17:34,6593.48
3/2/2019 17:35,6602.10
3/2/2019 17:36,6581.70
3/2/2019 17:37,6780.09
3/2/2019 17:38,6905.80
3/2/2019 17:39,6944.83
3/2/2019 17:40,6987.20
3/2/2019 17:41,7077.70
3/2/2019 17:42,6927.62
3/2/2019 17:43,6952.74
3/2/2019 17:44,6992.84
3/2/2019 17:45,7049.46
3/2/2019 17:46,7136.56
3/2/2019 17:47,7148.26
3/2/2019 17:48,7219.58
3/2/2019 17:49,7225.59
3/2/2019 17:50,7162.11
3/2/2019 17:51,7075.66
3/2/2019 17:52,7028.21
3/2/2019 17:53,7069.92
3/2/2019 17:54,7128.60
3/2/2019 17:55,7116.18
3/2/2019 17:56,7066.50
3/2/2019 17:57,7046.10
3/2/2019 17:58,7034.00
3/2/2019 17:59,7143.00
3/2/2019 18:00,7166.80
3/2/2019 18:01,7208.10
3/2/2019 18:02,7108.00
3/2/2019 18:03,7008.80
3/2/2019 18:04,7076.00
3/2/2019 18:05,6998.30
3/2/2019 18:06,6928.30
3/2/2019 18:07,6908.70
3/2/2019 18:08,6898.70
3/2/2019 18:09,6930.60
3/2/2019 18:10,6956.40
3/2/2019 18:11,7003.10
3/2/2019 18:12,7063.55
3/2/2019 18:13,6911.00
3/2/2019 18:14,7163.36
3/2/2019 18:15,7218.60
3/2/2019 18:16,7201.50
3/2/2019 18:17,7283.00
3/2/2019 18:18,7289.60
3/2/2019 18:19,7379.00
3/2/2019 18:20,6899.50
3/2/2019 18:21,6842.90
3/2/2019 18:22,6969.78
3/2/2019 18:23,6909.47
3/2/2019 18:24,6784.10
3/2/2019 18:25,6888.80
3/2/2019 18:26,6916.70
3/2/2019 18:27,6900.50
3/2/2019 18:28,7377.80
3/2/2019 18:29,7317.60
3/2/2019 18:30,7330.50
3/2/2019 18:31,7317.50
3/2/2019 18:32,7294.88
3/2/2019 18:33,7395.44
3/2/2019 18:34,7245.51
3/2/2019 18:35,7363.93
3/2/2019 18:36,7449.35
3/2/2019 18:37,7342.70
3/2/2019 18:38,7362.06
3/2/2019 18:39,7294.74
3/2/2019 18:40,7384.01
3/2/2019 18:41,7288.98
3/2/2019 18:42,7288.43
3/2/2019 18:43,7360.37
3/2/2019 18:44,7365.32
3/2/2019 18:45,7291.98
3/2/2019 18:46,7358.23
3/2/2019 18:47,7282.30
3/2/2019 18:48,7221.03
3/2/2019 18:49,7176.55
3/2/2019 18:50,7258.37
3/2/2019 18:51,7330.02
3/2/2019 18:52,7297.61
3/2/2019 18:53,7399.43
3/2/2019 18:54,7417.51
3/2/2019 18:55,7419.71
3/2/2019 18:56,7471.54
3/2/2019 18:57,7450.41
3/2/2019 18:58,7099.46
3/2/2019 18:59,7176.33
3/2/2019 19:00,7054.45
3/2/2019 19:01,7095.18
3/2/2019 19:02,7201.80
3/2/2019 19:03,7230.10
3/2/2019 19:04,7138.00
3/2/2019 19:05,7108.50
3/2/2019 19:06,7147.70
3/2/2019 19:07,7140.30
3/2/2019 19:08,7070.20
3/2/2019 19:09,7018.60
3/2/2019 19:10,7051.70
3/2/2019 19:11,7169.30
3/2/2019 19:12,7061.40
3/2/2019 19:13,6959.50
3/2/2019 19:14,7150.42
3/2/2019 19:15,7466.60
3/2/2019 19:16,7314.90
3/2/2019 19:17,7398.70
3/2/2019 19:18,7341.20
3/2/2019 19:19,7270.80
3/2/2019 19:20,7358.30
3/2/2019 19:21,7133.10
3/2/2019 19:22,7179.70
3/2/2019 19:23,7040.80
3/2/2019 19:24,7034.90
3/2/2019 19:25,7033.30
3/2/2019 19:26,7014.60
3/2/2019 19:27,7168.40
3/2/2019 19:28,7100.30
3/2/2019 19:29,7059.50
3/2/2019 19:30,7043.20
3/2/2019 19:31,7001.90
3/2/2019 19:32,6903.80
3/2/2019 19:33,6954.50
3/2/2019 19:34,6944.60
3/2/2019 19:35,7067.30
3/2/2019 19:36,7127.60
3/2/2019 19:37,7089.40
3/2/2019 19:38,7067.80
3/2/2019 19:39,6969.90
3/2/2019 19:40,7010.60
3/2/2019 19:41,7031.40
3/2/2019 19:42,7043.60
3/2/2019 19:43,7014.40
3/2/2019 19:44,6998.50
3/2/2019 19:45,7069.46
3/2/2019 19:46,6967.10
3/2/2019 19:47,6813.89
3/2/2019 19:48,6783.01
3/2/2019 19:49,6994.61
3/2/2019 19:50,6930.28
3/2/2019 19:51,7103.11
3/2/2019 19:52,6985.26
3/2/2019 19:53,7153.77
3/2/2019 19:54,6929.03
3/2/2019 19:55,7024.59
3/2/2019 19:56,6950.59
3/2/2019 19:57,6962.18
3/2/2019 19:58,7033.11
3/2/2019 19:59,6971.50
3/2/2019 20:00,7075.09
3/2/2019 20:01,7103.43
3/2/2019 20:02,7019.32
3/2/2019 20:03,6967.84
3/2/2019 20:04,7066.79
3/2/2019 20:05,7023.05
3/2/2019 20:06,7043.78
3/2/2019 20:07,7064.93
3/2/2019 20:08,7017.10
3/2/2019 20:09,7140.26
3/2/2019 20:10,7024.30
3/2/2019 20:11,7074.22
3/2/2019 20:12,6887.80
3/2/2019 20:13,6969.80
3/2/2019 20:14,6953.30
3/2/2019 20:15,7002.80
3/2/2019 20:16,7148.10
3/2/2019 20:17,7311.90
3/2/2019 20:18,7303.60
3/2/2019 20:19,7428.00
3/2/2019 20:20,7352.30
3/2/2019 20:21,7422.80
3/2/2019 20:22,7069.90
3/2/2019 20:23,7037.10
3/2/2019 20:24,7041.50
3/2/2019 20:25,6929.10
3/2/2019 20:26,6922.90
3/2/2019 20:27,6852.30
3/2/2019 20:28,6903.90
3/2/2019 20:29,7231.53
3/2/2019 20:30,6979.40
3/2/2019 20:31,6928.20
3/2/2019 20:32,6953.70
3/2/2019 20:33,6895.60
3/2/2019 20:34,6960.20
3/2/2019 20:35,7023.20
3/2/2019 20:36,6975.60
3/2/2019 20:37,7001.70
3/2/2019 20:38,7064.60
3/2/2019 20:39,6984.20
3/2/2019 20:40,7016.90
3/2/2019 20:41,6875.90
3/2/2019 20:42,6865.20
3/2/2019 20:43,6833.40
3/2/2019 20:44,6989.10
3/2/2019 20:45,7079.60
3/2/2019 20:46,7491.50
3/2/2019 20:47,7393.80
3/2/2019 20:48,7349.70
3/2/2019 20:49,7281.30
3/2/2019 20:50,7346.85
3/2/2019 20:51,7384.66
3/2/2019 20:52,7362.02
3/2/2019 20:53,7405.91
3/2/2019 20:54,7491.85
3/2/2019 20:55,7328.40
3/2/2019 20:56,7404.30
3/2/2019 20:57,7332.81
3/2/2019 20:58,7281.77
3/2/2019 20:59,7306.10
3/2/2019 21:00,7348.22
3/2/2019 21:01,7249.01
3/2/2019 21:02,7368.61
3/2/2019 21:03,7344.42
3/2/2019 21:04,7323.01
3/2/2019 21:05,7351.13
3/2/2019 21:06,7360.67
3/2/2019 21:07,7413.14
3/2/2019 21:08,7354.15
3/2/2019 21:09,7375.80
3/2/2019 21:10,7396.31
3/2/2019 21:11,7375.80
3/2/2019 21:12,7379.39
3/2/2019 21:13,7402.37
3/2/2019 21:14,7385.40
3/2/2019 21:15,7091.30
3/2/2019 21:16,7049.10
3/2/2019 21:17,7222.80
3/2/2019 21:18,7382.60
3/2/2019 21:19,7409.40
3/2/2019 21:20,7327.40
3/2/2019 21:21,7325.90
3/2/2019 21:22,7352.10
3/2/2019 21:23,7005.00
3/2/2019 21:24,7115.80
3/2/2019 21:25,7033.90
3/2/2019 21:26,7053.50
3/2/2019 21:27,6978.50
3/2/2019 21:28,6995.00
3/2/2019 21:29,6954.50
3/2/2019 21:30,6814.80
3/2/2019 21:31,6841.30
3/2/2019 21:32,6858.60
3/2/2019 21:33,6961.70
3/2/2019 21:34,6971.00
3/2/2019 21:35,6923.60
3/2/2019 21:36,7052.85
3/2/2019 21:37,7012.03
3/2/2019 21:38,6965.50
3/2/2019 21:39,6942.20
3/2/2019 21:40,6895.10
3/2/2019 21:41,7054.66
3/2/2019 21:42,7124.10
3/2/2019 21:43,7025.10
3/2/2019 21:44,7005.80
3/2/2019 21:45,6964.70
3/2/2019 21:46,7102.40
3/2/2019 21:47,6913.50
3/2/2019 21:48,6949.20
3/2/2019 21:49,6873.10
3/2/2019 21:50,6900.00
3/2/2019 21:51,6949.86
3/2/2019 21:52,7030.07
3/2/2019 21:53,7061.95
3/2/2019 21:54,7018.61
3/2/2019 21:55,6963.82
3/2/2019 21:56,6995.73
3/2/2019 21:57,6915.26
3/2/2019 21:58,7025.40
3/2/2019 21:59,7049.56
3/2/2019 22:00,7130.20
3/2/2019 22:01,7092.96
3/2/2019 22:02,7072.32
3/2/2019 22:03,7079.67
3/2/2019 22:04,6993.34
3/2/2019 22:05,7010.96
3/2/2019 22:06,7009.27
3/2/2019 22:07,7050.84
3/2/2019 22:08,7056.98
3/2/2019 22:09,7000.34
3/2/2019 22:10,7076.29
3/2/2019 22:11,7132.43
3/2/2019 22:12,7089.87
3/2/2019 22:13,7074.35
3/2/2019 22:14,7063.73
3/2/2019 22:15,7058.71
3/2/2019 22:16,6993.91
3/2/2019 22:17,7035.57
3/2/2019 22:18,7103.85
3/2/2019 22:19,7244.90
3/2/2019 22:20,7416.40
3/2/2019 22:21,7385.30
3/2/2019 22:22,7423.80
3/2/2019 22:23,7349.10
3/2/2019 22:24,7459.02
3/2/2019 22:25,7544.62
3/2/2019 22:26,7000.70
3/2/2019 22:27,7485.70
3/2/2019 22:28,9389.60
3/2/2019 22:29,10585.40
3/2/2019 22:30,11402.40
3/2/2019 22:31,11998.00
3/2/2019 22:32,12843.40
3/2/2019 22:33,12799.30
3/2/2019 22:34,13940.90
3/2/2019 22:35,16145.90
3/2/2019 22:36,9806.10
3/2/2019 22:37,9456.00
3/2/2019 22:38,9811.30
3/2/2019 22:39,10072.20
3/2/2019 22:40,10164.00
3/2/2019 22:41,9941.50
3/2/2019 22:42,9827.60
3/2/2019 22:43,9700.10
3/2/2019 22:44,9634.40
3/2/2019 22:45,9845.80
3/2/2019 22:46,9720.00
3/2/2019 22:47,9635.70
3/2/2019 22:48,9606.10
3/2/2019 22:49,9484.00
3/2/2019 22:50,9510.70
3/2/2019 22:51,9440.80
3/2/2019 22:52,9432.40
3/2/2019 22:53,9546.30
3/2/2019 22:54,9621.20
3/2/2019 22:55,9804.50
3/2/2019 22:56,9917.70
3/2/2019 22:57,9707.90
3/2/2019 22:58,9712.30
3/2/2019 22:59,9579.00
3/2/2019 23:00,9596.40
3/2/2019 23:01,9725.40
3/2/2019 23:02,9659.50
3/2/2019 23:03,9932.70
3/2/2019 23:04,10311.30
3/2/2019 23:05,10359.81
3/2/2019 23:06,10344.51
3/2/2019 23:07,10348.75
3/2/2019 23:08,10516.89
3/2/2019 23:09,10439.91
3/2/2019 23:10,10466.39
3/2/2019 23:11,10387.26
3/2/2019 23:12,10450.57
3/2/2019 23:13,10378.01
3/2/2019 23:14,10438.78
3/2/2019 23:15,10630.63
3/2/2019 23:16,10510.93
3/2/2019 23:17,10452.40
3/2/2019 23:18,10534.30
3/2/2019 23:19,10513.28
3/2/2019 23:20,10493.60
3/2/2019 23:21,10325.66
3/2/2019 23:22,10344.96
3/2/2019 23:23,10237.54
3/2/2019 23:24,10590.52
3/2/2019 23:25,10566.11
3/2/2019 23:26,10505.00
3/2/2019 23:27,10543.50
3/2/2019 23:28,10586.20
3/2/2019 23:29,10594.60
3/2/2019 23:30,10141.60
3/2/2019 23:31,10130.40
3/2/2019 23:32,10147.00
3/2/2019 23:33,9897.70
3/2/2019 23:34,9889.10
3/2/2019 23:35,9788.20
3/2/2019 23:36,9717.20
3/2/2019 23:37,9599.80
3/2/2019 23:38,9550.30
3/2/2019 23:39,9536.80
3/2/2019 23:40,9698.60
3/2/2019 23:41,9757.10
3/2/2019 23:42,9726.30
3/2/2019 23:43,9766.60
3/2/2019 23:44,9811.20
3/2/2019 23:45,9727.50
3/2/2019 23:46,9744.10
3/2/2019 23:47,9781.80
3/2/2019 23:48,9821.90
3/2/2019 23:49,9786.88
3/2/2019 23:50,9801.70
3/2/2019 23:51,10019.40
3/2/2019 23:52,10059.50
3/2/2019 23:53,10031.89
3/2/2019 23:54,10046.25
3/2/2019 23:55,9836.30
3/2/2019 23:56,9788.40
3/2/2019 23:57,9838.80
3/2/2019 23:58,9734.70
3/2/2019 23:59,9731.40
3/3/2019 0:00,9734.20
3/3/2019 0:01,9692.70
3/3/2019 0:02,9698.30
3/3/2019 0:03,9657.20
3/3/2019 0:04,9662.00
3/3/2019 0:05,9712.20
3/3/2019 0:06,9719.20
3/3/2019 0:07,9724.50
3/3/2019 0:08,9649.90
3/3/2019 0:09,9670.30
3/3/2019 0:10,9670.57
3/3/2019 0:11,10939.67
3/3/2019 0:12,11509.47
3/3/2019 0:13,11808.13
3/3/2019 0:14,7098.57
3/3/2019 0:15,7063.90
3/3/2019 0:16,7120.82
3/3/2019 0:17,7098.87
3/3/2019 0:18,7086.28
3/3/2019 0:19,7005.96
3/3/2019 0:20,7008.21
3/3/2019 0:21,7129.63
3/3/2019 0:22,7045.37
3/3/2019 0:23,7122.90
3/3/2019 0:24,7030.03
3/3/2019 0:25,7140.08
3/3/2019 0:26,7443.41
3/3/2019 0:27,7373.88
3/3/2019 0:28,7411.41
3/3/2019 0:29,7484.60
3/3/2019 0:30,7401.93
3/3/2019 0:31,7463.67
3/3/2019 0:32,7470.10
3/3/2019 0:33,7061.90
3/3/2019 0:34,7051.60
3/3/2019 0:35,7248.87
3/3/2019 0:36,7210.01
3/3/2019 0:37,7188.83
3/3/2019 0:38,7212.20
3/3/2019 0:39,7146.40
3/3/2019 0:40,7102.30
3/3/2019 0:41,7157.50
3/3/2019 0:42,7145.00
3/3/2019 0:43,7193.90
3/3/2019 0:44,7155.90
3/3/2019 0:45,7180.00
3/3/2019 0:46,7165.90
3/3/2019 0:47,7066.30
3/3/2019 0:48,7063.60
3/3/2019 0:49,7176.90
3/3/2019 0:50,7197.40
3/3/2019 0:51,7067.50
3/3/2019 0:52,7130.60
3/3/2019 0:53,7213.50
3/3/2019 0:54,7210.60
3/3/2019 0:55,7195.40
3/3/2019 0:56,7180.10
3/3/2019 0:57,7069.40
3/3/2019 0:58,7072.80
3/3/2019 0:59,7118.70
3/3/2019 1:00,7129.40
3/3/2019 1:01,7063.60
3/3/2019 1:02,7099.00
3/3/2019 1:03,6976.50
3/3/2019 1:04,7091.10
3/3/2019 1:05,7172.40
3/3/2019 1:06,7107.30
3/3/2019 1:07,7124.90
3/3/2019 1:08,7049.60
3/3/2019 1:09,7102.10
3/3/2019 1:10,7068.80
3/3/2019 1:11,7135.65
3/3/2019 1:12,7167.58
3/3/2019 1:13,7217.05
3/3/2019 1:14,7213.49
3/3/2019 1:15,7254.57
3/3/2019 1:16,7187.83
3/3/2019 1:17,7151.58
3/3/2019 1:18,7147.46
3/3/2019 1:19,7069.70
3/3/2019 1:20,7076.32
3/3/2019 1:21,7128.40
3/3/2019 1:22,7233.25
3/3/2019 1:23,7609.77
3/3/2019 1:24,7610.20
3/3/2019 1:25,7549.28
3/3/2019 1:26,7401.90
3/3/2019 1:27,7478.85
3/3/2019 1:28,7429.11
3/3/2019 1:29,7430.08
3/3/2019 1:30,7508.09
3/3/2019 1:31,7526.01
3/3/2019 1:32,7625.36
3/3/2019 1:33,7864.55
3/3/2019 1:34,7871.72
3/3/2019 1:35,7910.01
3/3/2019 1:36,7774.70
3/3/2019 1:37,7823.80
3/3/2019 1:38,7845.90
3/3/2019 1:39,7391.90
3/3/2019 1:40,7534.90
3/3/2019 1:41,7420.20
3/3/2019 1:42,7522.20
3/3/2019 1:43,7511.20
3/3/2019 1:44,7522.30
3/3/2019 1:45,7482.20
3/3/2019 1:46,7419.50
3/3/2019 1:47,7406.70
3/3/2019 1:48,7416.30
3/3/2019 1:49,7415.60
3/3/2019 1:50,7405.90
3/3/2019 1:51,7591.50
3/3/2019 1:52,7129.20
3/3/2019 1:53,7194.90
3/3/2019 1:54,7112.90
3/3/2019 1:55,7081.90
3/3/2019 1:56,7218.30
3/3/2019 1:57,7090.70
3/3/2019 1:58,7180.70
3/3/2019 1:59,7236.70
3/3/2019 2:00,7124.00
3/3/2019 2:01,7266.40
3/3/2019 2:02,7264.80
3/3/2019 2:03,7178.80
3/3/2019 2:04,7277.10
3/3/2019 2:05,7194.20
3/3/2019 2:06,7169.30
3/3/2019 2:07,7131.24
3/3/2019 2:08,7204.44
3/3/2019 2:09,7242.10
3/3/2019 2:10,7149.30
3/3/2019 2:11,7219.40
3/3/2019 2:12,7194.40
3/3/2019 2:13,7118.70
3/3/2019 2:14,7215.70
3/3/2019 2:15,7059.70
3/3/2019 2:16,7143.90
3/3/2019 2:17,7236.10
3/3/2019 2:18,7158.20
3/3/2019 2:19,7117.10
3/3/2019 2:20,7146.20
3/3/2019 2:21,7143.00
3/3/2019 2:22,7292.29
3/3/2019 2:23,7174.14
3/3/2019 2:24,7260.41
3/3/2019 2:25,7263.71
3/3/2019 2:26,7319.18
3/3/2019 2:27,7293.78
3/3/2019 2:28,7319.40
3/3/2019 2:29,7328.40
3/3/2019 2:30,7245.73
3/3/2019 2:31,7235.10
3/3/2019 2:32,7212.22
3/3/2019 2:33,7270.05
3/3/2019 2:34,7192.00
3/3/2019 2:35,7204.42
3/3/2019 2:36,7295.49
3/3/2019 2:37,7257.06
3/3/2019 2:38,7502.69
3/3/2019 2:39,7465.17
3/3/2019 2:40,7432.72
3/3/2019 2:41,7455.27
3/3/2019 2:42,7418.51
3/3/2019 2:43,7411.80
3/3/2019 2:44,7220.70
3/3/2019 2:45,7092.40
3/3/2019 2:46,7218.70
3/3/2019 2:47,7143.10
3/3/2019 2:48,7125.00
3/3/2019 2:49,7241.05
3/3/2019 2:50,6971.00
3/3/2019 2:51,7027.20
3/3/2019 2:52,7134.60
3/3/2019 2:53,7084.70
3/3/2019 2:54,7156.90
3/3/2019 2:55,7202.90
3/3/2019 2:56,7084.50
3/3/2019 2:57,7191.20
3/3/2019 2:58,7093.20
3/3/2019 2:59,7178.00
3/3/2019 3:00,7235.10
3/3/2019 3:01,7228.40
3/3/2019 3:02,7253.60
3/3/2019 3:03,7337.88
3/3/2019 3:04,7284.20
3/3/2019 3:05,7285.20
3/3/2019 3:06,7147.90
3/3/2019 3:07,7270.50
3/3/2019 3:08,7360.70
3/3/2019 3:09,7218.80
3/3/2019 3:10,7258.30
3/3/2019 3:11,7243.10
3/3/2019 3:12,7300.20
3/3/2019 3:13,7279.40
3/3/2019 3:14,7286.10
3/3/2019 3:15,7266.70
3/3/2019 3:16,7283.10
3/3/2019 3:17,7184.00
3/3/2019 3:18,7268.20
3/3/2019 3:19,7297.20
3/3/2019 3:20,7328.70
3/3/2019 3:21,7313.30
3/3/2019 3:22,7265.70
3/3/2019 3:23,7247.50
3/3/2019 3:24,7256.10
3/3/2019 3:25,7223.70
3/3/2019 3:26,7222.60
3/3/2019 3:27,7295.10
3/3/2019 3:28,7352.05
3/3/2019 3:29,7252.41
3/3/2019 3:30,7258.36
3/3/2019 3:31,7177.84
3/3/2019 3:32,7351.99
3/3/2019 3:33,7270.24
3/3/2019 3:34,7199.26
3/3/2019 3:35,7225.33
3/3/2019 3:36,7180.37
3/3/2019 3:37,7250.76
3/3/2019 3:38,7321.29
3/3/2019 3:39,7270.71
3/3/2019 3:40,7272.43
3/3/2019 3:41,7170.26
3/3/2019 3:42,7946.97
3/3/2019 3:43,7880.01
3/3/2019 3:44,7887.01
3/3/2019 3:45,7998.19
3/3/2019 3:46,7937.91
3/3/2019 3:47,7954.55
3/3/2019 3:48,7600.52
3/3/2019 3:49,7501.57
3/3/2019 3:50,7527.90
3/3/2019 3:51,7465.30
3/3/2019 3:52,7470.40
3/3/2019 3:53,7547.40
3/3/2019 3:54,7481.20
3/3/2019 3:55,7558.00
3/3/2019 3:56,7517.40
3/3/2019 3:57,7527.40
3/3/2019 3:58,7550.70
3/3/2019 3:59,7513.30
3/3/2019 4:00,7487.90
3/3/2019 4:01,7543.90
3/3/2019 4:02,7530.10
3/3/2019 4:03,7453.60
3/3/2019 4:04,7394.80
3/3/2019 4:05,7488.10
3/3/2019 4:06,7439.24
3/3/2019 4:07,7438.50
3/3/2019 4:08,7518.00
3/3/2019 4:09,7545.70
3/3/2019 4:10,7536.30
3/3/2019 4:11,7235.60
3/3/2019 4:12,7114.30
3/3/2019 4:13,7068.00
3/3/2019 4:14,7139.01
3/3/2019 4:15,7117.40
3/3/2019 4:16,7179.20
3/3/2019 4:17,7145.00
3/3/2019 4:18,7096.30
3/3/2019 4:19,7193.40
3/3/2019 4:20,7120.80
3/3/2019 4:21,7071.40
3/3/2019 4:22,7082.40
3/3/2019 4:23,7129.00
3/3/2019 4:24,7136.30
3/3/2019 4:25,7229.30
3/3/2019 4:26,7161.60
3/3/2019 4:27,7157.80
3/3/2019 4:28,7093.60
3/3/2019 4:29,7137.60
3/3/2019 4:30,7216.64
3/3/2019 4:31,7206.94
3/3/2019 4:32,7202.60
3/3/2019 4:33,7395.44
3/3/2019 4:34,7348.87
3/3/2019 4:35,7207.06
3/3/2019 4:36,7268.61
3/3/2019 4:37,7241.61
3/3/2019 4:38,7223.60
3/3/2019 4:39,7148.08
3/3/2019 4:40,7222.61
3/3/2019 4:41,7214.98
3/3/2019 4:42,7214.10
3/3/2019 4:43,7204.78
3/3/2019 4:44,7226.86
3/3/2019 4:45,7071.16
3/3/2019 4:46,7154.80
3/3/2019 4:47,7130.16
3/3/2019 4:48,7048.05
3/3/2019 4:49,7360.35
3/3/2019 4:50,7359.90
3/3/2019 4:51,7412.47
3/3/2019 4:52,7378.88
3/3/2019 4:53,7453.81
3/3/2019 4:54,7452.15
3/3/2019 4:55,7034.75
3/3/2019 4:56,7115.60
3/3/2019 4:57,7092.10
3/3/2019 4:58,7213.70
3/3/2019 4:59,7226.50
3/3/2019 5:00,7154.20
3/3/2019 5:01,7149.80
3/3/2019 5:02,7117.60
3/3/2019 5:03,7151.00
3/3/2019 5:04,7032.30
3/3/2019 5:05,7078.50
3/3/2019 5:06,7088.50
3/3/2019 5:07,7160.20
3/3/2019 5:08,7265.50
3/3/2019 5:09,7235.80
3/3/2019 5:10,7175.10
3/3/2019 5:11,7202.70
3/3/2019 5:12,7142.50
3/3/2019 5:13,7182.10
3/3/2019 5:14,7185.90
3/3/2019 5:15,7136.20
3/3/2019 5:16,7190.50
3/3/2019 5:17,7177.30
3/3/2019 5:18,7189.80
3/3/2019 5:19,7312.91
3/3/2019 5:20,7090.10
3/3/2019 5:21,7119.40
3/3/2019 5:22,7076.10
3/3/2019 5:23,7045.50
3/3/2019 5:24,7436.80
3/3/2019 5:25,9488.10
3/3/2019 5:26,10367.20
3/3/2019 5:27,11259.30
3/3/2019 5:28,12122.60
3/3/2019 5:29,12928.00
3/3/2019 5:30,13258.20
3/3/2019 5:31,14414.00
3/3/2019 5:32,17196.80
3/3/2019 5:33,10185.20
3/3/2019 5:34,9994.80
3/3/2019 5:35,10458.20
3/3/2019 5:36,10419.80
3/3/2019 5:37,10540.50
3/3/2019 5:38,10522.50
3/3/2019 5:39,10454.80
3/3/2019 5:40,10572.47
3/3/2019 5:41,10487.44
3/3/2019 5:42,10493.07
3/3/2019 5:43,10440.23
3/3/2019 5:44,10311.93
3/3/2019 5:45,10157.57
3/3/2019 5:46,10043.60
3/3/2019 5:47,10072.83
3/3/2019 5:48,10356.57
3/3/2019 5:49,10898.33
3/3/2019 5:50,11720.39
3/3/2019 5:51,12930.44
3/3/2019 5:52,13431.63
3/3/2019 5:53,14000.07
3/3/2019 5:54,15697.30
3/3/2019 5:55,17973.67
3/3/2019 5:56,16774.97
3/3/2019 5:57,15771.23
3/3/2019 5:58,15788.02
3/3/2019 5:59,16677.07
3/3/2019 6:00,13502.58
3/3/2019 6:01,11124.59
3/3/2019 6:02,11438.30
3/3/2019 6:03,11276.10
3/3/2019 6:04,11075.20
3/3/2019 6:05,11056.50
3/3/2019 6:06,11086.00
3/3/2019 6:07,11037.30
3/3/2019 6:08,10948.30
3/3/2019 6:09,10952.60
3/3/2019 6:10,11001.20
3/3/2019 6:11,10961.60
3/3/2019 6:12,10915.20
3/3/2019 6:13,10942.00
3/3/2019 6:14,10847.40
3/3/2019 6:15,10796.50
3/3/2019 6:16,10983.70
3/3/2019 6:17,11043.90
3/3/2019 6:18,11047.80
3/3/2019 6:19,11037.70
3/3/2019 6:20,11117.50
3/3/2019 6:21,11144.66
3/3/2019 6:22,11073.72
3/3/2019 6:23,10942.70
3/3/2019 6:24,10963.60
3/3/2019 6:25,10978.00
3/3/2019 6:26,11680.10
3/3/2019 6:27,23051.90
3/3/2019 6:28,23420.30
3/3/2019 6:29,24020.40
3/3/2019 6:30,26724.90
3/3/2019 6:31,16063.20
3/3/2019 6:32,16145.20
3/3/2019 6:33,16409.30
3/3/2019 6:34,16369.70
3/3/2019 6:35,10024.30
3/3/2019 6:36,9980.80
3/3/2019 6:37,9857.30
3/3/2019 6:38,10070.70
3/3/2019 6:39,10187.50
3/3/2019 6:40,10211.30
3/3/2019 6:41,10067.45
3/3/2019 6:42,10196.80
3/3/2019 6:43,10236.20
3/3/2019 6:44,9978.90
3/3/2019 6:45,9907.30
3/3/2019 6:46,10164.60
3/3/2019 6:47,10164.80
3/3/2019 6:48,10179.90
3/3/2019 6:49,10188.80
3/3/2019 6:50,10088.40
3/3/2019 6:51,10158.70
3/3/2019 6:52,10083.20
3/3/2019 6:53,10045.50
3/3/2019 6:54,10070.90
3/3/2019 6:55,9827.90
3/3/2019 6:56,10228.12
3/3/2019 6:57,10158.80
3/3/2019 6:58,10230.65
3/3/2019 6:59,10098.50
3/3/2019 7:00,10104.68
3/3/2019 7:01,10400.65
3/3/2019 7:02,10459.69
3/3/2019 7:03,11751.30
3/3/2019 7:04,12011.30
3/3/2019 7:05,12256.40
3/3/2019 7:06,7555.52
3/3/2019 7:07,7142.74
3/3/2019 7:08,7095.93
3/3/2019 7:09,7169.43
3/3/2019 7:10,7184.30
3/3/2019 7:11,7176.64
3/3/2019 7:12,6993.14
3/3/2019 7:13,6959.54
3/3/2019 7:14,6909.81
3/3/2019 7:15,6763.70
3/3/2019 7:16,6735.30
3/3/2019 7:17,6712.70
3/3/2019 7:18,6596.00
3/3/2019 7:19,6616.70
3/3/2019 7:20,6529.70
3/3/2019 7:21,6436.92
3/3/2019 7:22,6372.09
3/3/2019 7:23,6287.52
3/3/2019 7:24,6314.47
3/3/2019 7:25,6221.48
3/3/2019 7:26,6212.47
3/3/2019 7:27,6230.03
3/3/2019 7:28,6224.46
3/3/2019 7:29,6297.95
3/3/2019 7:30,6311.45
3/3/2019 7:31,6422.27
3/3/2019 7:32,6640.63
3/3/2019 7:33,6486.26
3/3/2019 7:34,6420.74
3/3/2019 7:35,6221.79
3/3/2019 7:36,6142.00
3/3/2019 7:37,6163.65
3/3/2019 7:38,6145.46
3/3/2019 7:39,6274.01
3/3/2019 7:40,6278.36
3/3/2019 7:41,6296.68
3/3/2019 7:42,6318.65
3/3/2019 7:43,6150.57
3/3/2019 7:44,5923.48
3/3/2019 7:45,5735.85
3/3/2019 7:46,5584.93
3/3/2019 7:47,5414.63
3/3/2019 7:48,5192.76
3/3/2019 7:49,4988.86
3/3/2019 7:50,5097.56
3/3/2019 7:51,5040.38
3/3/2019 7:52,5191.37
3/3/2019 7:53,5054.78
3/3/2019 7:54,5157.64
3/3/2019 7:55,5375.64
3/3/2019 7:56,5478.54
3/3/2019 7:57,5605.66
3/3/2019 7:58,5684.24
3/3/2019 7:59,5746.04
3/3/2019 8:00,5769.53
3/3/2019 8:01,5820.14
3/3/2019 8:02,5841.48
3/3/2019 8:03,5796.24
3/3/2019 8:04,5723.00
3/3/2019 8:05,5691.60
3/3/2019 8:06,5544.80
3/3/2019 8:07,5853.80
3/3/2019 8:08,5161.00
3/3/2019 8:09,4828.40
3/3/2019 8:10,4753.95
3/3/2019 8:11,4170.70
3/3/2019 8:12,4186.20
3/3/2019 8:13,4287.40
3/3/2019 8:14,4259.60
3/3/2019 8:15,4515.20
3/3/2019 8:16,4365.40
3/3/2019 8:17,7968.50
3/3/2019 8:18,6539.10
3/3/2019 8:19,6751.40
3/3/2019 8:20,5251.20
3/3/2019 8:21,4362.00
3/3/2019 8:22,4462.30
3/3/2019 8:23,4502.60
3/3/2019 8:24,4509.20
3/3/2019 8:25,4715.10
3/3/2019 8:26,4769.60
3/3/2019 8:27,4834.70
3/3/2019 8:28,4825.54
3/3/2019 8:29,4586.30
3/3/2019 8:30,4488.70
3/3/2019 8:31,4359.00
3/3/2019 8:32,6739.30
3/3/2019 8:33,7630.10
3/3/2019 8:34,4550.40
3/3/2019 8:35,5202.70
3/3/2019 8:36,4247.90
3/3/2019 8:37,5887.70
3/3/2019 8:38,6413.20
3/3/2019 8:39,5280.60
3/3/2019 8:40,7958.80
3/3/2019 8:41,7368.20
3/3/2019 8:42,9333.60
3/3/2019 8:43,11639.90
3/3/2019 8:44,10356.20
3/3/2019 8:45,11771.10
3/3/2019 8:46,9338.90
3/3/2019 8:47,11489.29
3/3/2019 8:48,14268.21
3/3/2019 8:49,7880.43
3/3/2019 8:50,7354.65
3/3/2019 8:51,6561.91
3/3/2019 8:52,7245.77
3/3/2019 8:53,8040.05
3/3/2019 8:54,9241.20
3/3/2019 8:55,9344.68
3/3/2019 8:56,16891.04
3/3/2019 8:57,12190.20
3/3/2019 8:58,13321.92
3/3/2019 8:59,13121.56
3/3/2019 9:00,13843.42
3/3/2019 9:01,11908.56
3/3/2019 9:02,12632.26
3/3/2019 9:03,16321.18
3/3/2019 9:04,12659.53
3/3/2019 9:05,13091.49
3/3/2019 9:06,11248.07
3/3/2019 9:07,11771.12
3/3/2019 9:08,13141.48
3/3/2019 9:09,11134.45
3/3/2019 9:10,10544.89
3/3/2019 9:11,11263.80
3/3/2019 9:12,15324.20
3/3/2019 9:13,10703.60
3/3/2019 9:14,11159.20
3/3/2019 9:15,7489.50
3/3/2019 9:16,8851.00
3/3/2019 9:17,8491.60
3/3/2019 9:18,8092.00
3/3/2019 9:19,8338.51
3/3/2019 9:20,9400.80
3/3/2019 9:21,10985.15
3/3/2019 9:22,12851.40
3/3/2019 9:23,13453.60
3/3/2019 9:24,10323.80
3/3/2019 9:25,10005.00
3/3/2019 9:26,9204.90
3/3/2019 9:27,8671.00
3/3/2019 9:28,8636.90
3/3/2019 9:29,8344.60
3/3/2019 9:30,7995.90
3/3/2019 9:31,7742.50
3/3/2019 9:32,7312.60
3/3/2019 9:33,7168.60
3/3/2019 9:34,6949.50
3/3/2019 9:35,7078.20
3/3/2019 9:36,7205.20
3/3/2019 9:37,7249.10
3/3/2019 9:38,7417.00
3/3/2019 9:39,7278.50
3/3/2019 9:40,7330.70
3/3/2019 9:41,7463.10
3/3/2019 9:42,7496.00
3/3/2019 9:43,7365.10
3/3/2019 9:44,7237.40
3/3/2019 9:45,7146.00
3/3/2019 9:46,7457.99
3/3/2019 9:47,7304.90
3/3/2019 9:48,7325.85
3/3/2019 9:49,7286.00
3/3/2019 9:50,7704.70
3/3/2019 9:51,7637.49
3/3/2019 9:52,7268.80
3/3/2019 9:53,7006.30
3/3/2019 9:54,6827.90
3/3/2019 9:55,6686.12
3/3/2019 9:56,6678.33
3/3/2019 9:57,6533.04
3/3/2019 9:58,6698.94
3/3/2019 9:59,7079.46
3/3/2019 10:00,7317.93
3/3/2019 10:01,7533.96
3/3/2019 10:02,8874.50
3/3/2019 10:03,9125.74
3/3/2019 10:04,11359.16
3/3/2019 10:05,9452.09
3/3/2019 10:06,8844.90
3/3/2019 10:07,9726.14
3/3/2019 10:08,9840.21
3/3/2019 10:09,10279.32
3/3/2019 10:10,9271.09
3/3/2019 10:11,8824.28
3/3/2019 10:12,8990.15
3/3/2019 10:13,8753.00
3/3/2019 10:14,8914.86
3/3/2019 10:15,8928.78
3/3/2019 10:16,8255.48
3/3/2019 10:17,8044.77
3/3/2019 10:18,7303.43
3/3/2019 10:19,7154.10
3/3/2019 10:20,6850.00
3/3/2019 10:21,6480.10
3/3/2019 10:22,6128.40
3/3/2019 10:23,5855.80
3/3/2019 10:24,5781.10
3/3/2019 10:25,5530.50
3/3/2019 10:26,5590.20
3/3/2019 10:27,5772.40
3/3/2019 10:28,5650.30
3/3/2019 10:29,6359.40
3/3/2019 10:30,7135.20
3/3/2019 10:31,8176.70
3/3/2019 10:32,9250.20
3/3/2019 10:33,9026.83
3/3/2019 10:34,7000.04
3/3/2019 10:35,5955.60
3/3/2019 10:36,5446.14
3/3/2019 10:37,4689.10
3/3/2019 10:38,4758.00
3/3/2019 10:39,5526.10
3/3/2019 10:40,6343.10
3/3/2019 10:41,6435.80
3/3/2019 10:42,6507.05
3/3/2019 10:43,6582.10
3/3/2019 10:44,7109.20
3/3/2019 10:45,7173.10
3/3/2019 10:46,7262.60
3/3/2019 10:47,7460.20
3/3/2019 10:48,8162.00
3/3/2019 10:49,8166.90
3/3/2019 10:50,7242.30
3/3/2019 10:51,6403.90
3/3/2019 10:52,5487.80
3/3/2019 10:53,4928.40
3/3/2019 10:54,4629.80
3/3/2019 10:55,4473.40
3/3/2019 10:56,4448.00
3/3/2019 10:57,4407.80
3/3/2019 10:58,4377.50
3/3/2019 10:59,4369.00
3/3/2019 11:00,4465.80
3/3/2019 11:01,4999.10
3/3/2019 11:02,7185.20
3/3/2019 11:03,9760.04
3/3/2019 11:04,11103.30
3/3/2019 11:05,12261.98
3/3/2019 11:06,13602.37
3/3/2019 11:07,14694.35
3/3/2019 11:08,15571.22
3/3/2019 11:09,10443.12
3/3/2019 11:10,9445.68
3/3/2019 11:11,8667.14
3/3/2019 11:12,7847.72
3/3/2019 11:13,7182.68
3/3/2019 11:14,6185.09
3/3/2019 11:15,6762.26
3/3/2019 11:16,8467.82
3/3/2019 11:17,10827.76
3/3/2019 11:18,12856.59
3/3/2019 11:19,14356.35
3/3/2019 11:20,11216.78
3/3/2019 11:21,11795.78
3/3/2019 11:22,15223.18
3/3/2019 11:23,27804.05
3/3/2019 11:24,28758.37
3/3/2019 11:25,25564.17
3/3/2019 11:26,11433.50
3/3/2019 11:27,25347.80
3/3/2019 11:28,25714.60
3/3/2019 11:29,27842.50
3/3/2019 11:30,26292.30
3/3/2019 11:31,10035.10
3/3/2019 11:32,26202.40
3/3/2019 11:33,28088.00
3/3/2019 11:34,16554.30
3/3/2019 11:35,16286.10
3/3/2019 11:36,7964.70
3/3/2019 11:37,7783.00
3/3/2019 11:38,11162.10
3/3/2019 11:39,16999.50
3/3/2019 11:40,13761.60
3/3/2019 11:41,10489.00
3/3/2019 11:42,8745.20
3/3/2019 11:43,7297.90
3/3/2019 11:44,5044.60
3/3/2019 11:45,4779.60
3/3/2019 11:46,4844.30
3/3/2019 11:47,5169.70
3/3/2019 11:48,5527.50
3/3/2019 11:49,6501.20
3/3/2019 11:50,21709.10
3/3/2019 11:51,22821.60
3/3/2019 11:52,24276.30
3/3/2019 11:53,25485.10
3/3/2019 11:54,10440.10
3/3/2019 11:55,12124.30
3/3/2019 11:56,24934.50
3/3/2019 11:57,19490.80
3/3/2019 11:58,8649.70
3/3/2019 11:59,10615.52
3/3/2019 12:00,10559.58
3/3/2019 12:01,15889.70
3/3/2019 12:02,10074.50
3/3/2019 12:03,9021.10
3/3/2019 12:04,8004.00
3/3/2019 12:05,7699.70
3/3/2019 12:06,7373.30
3/3/2019 12:07,6946.30
3/3/2019 12:08,6601.60
3/3/2019 12:09,6638.60
3/3/2019 12:10,6757.80
3/3/2019 12:11,6852.80
3/3/2019 12:12,6646.50
3/3/2019 12:13,6789.50
3/3/2019 12:14,6627.60
3/3/2019 12:15,6552.35
3/3/2019 12:16,6305.00
3/3/2019 12:17,6349.30
3/3/2019 12:18,6241.90
3/3/2019 12:19,6360.70
3/3/2019 12:20,6430.30
3/3/2019 12:21,6615.80
3/3/2019 12:22,6973.50
3/3/2019 12:23,7183.90
3/3/2019 12:24,7263.20
3/3/2019 12:25,7457.10
3/3/2019 12:26,7519.10
3/3/2019 12:27,7443.20
3/3/2019 12:28,7486.00
3/3/2019 12:29,7270.90
3/3/2019 12:30,7311.60
3/3/2019 12:31,7338.00
3/3/2019 12:32,7336.70
3/3/2019 12:33,7025.30
3/3/2019 12:34,6953.80
3/3/2019 12:35,6973.35
3/3/2019 12:36,6890.34
3/3/2019 12:37,6791.96
3/3/2019 12:38,6705.36
3/3/2019 12:39,6695.16
3/3/2019 12:40,6797.26
3/3/2019 12:41,6981.00
3/3/2019 12:42,7210.25
3/3/2019 12:43,7348.73
3/3/2019 12:44,7330.11
3/3/2019 12:45,7425.90
3/3/2019 12:46,7450.49
3/3/2019 12:47,7510.76
3/3/2019 12:48,7489.33
3/3/2019 12:49,7356.03
3/3/2019 12:50,7269.18
3/3/2019 12:51,7188.22
3/3/2019 12:52,7092.73
3/3/2019 12:53,7215.70
3/3/2019 12:54,7563.89
3/3/2019 12:55,7969.55
3/3/2019 12:56,8355.59
3/3/2019 12:57,8595.43
3/3/2019 12:58,9087.16
3/3/2019 12:59,9371.60
3/3/2019 13:00,11036.48
3/3/2019 13:01,12406.37
3/3/2019 13:02,16243.26
3/3/2019 13:03,11401.15
3/3/2019 13:04,12763.48
3/3/2019 13:05,16478.35
3/3/2019 13:06,11196.29
3/3/2019 13:07,10550.57
3/3/2019 13:08,12781.20
3/3/2019 13:09,11669.10
3/3/2019 13:10,11297.70
3/3/2019 13:11,14582.70
3/3/2019 13:12,15881.20
3/3/2019 13:13,12693.70
3/3/2019 13:14,13197.30
3/3/2019 13:15,12167.20
3/3/2019 13:16,11090.90
3/3/2019 13:17,12673.40
3/3/2019 13:18,12445.50
3/3/2019 13:19,9931.10
3/3/2019 13:20,11438.20
3/3/2019 13:21,17979.90
3/3/2019 13:22,12188.10
3/3/2019 13:23,23896.90
3/3/2019 13:24,22126.36
3/3/2019 13:25,28428.19
3/3/2019 13:26,23329.80
3/3/2019 13:27,27463.80
3/3/2019 13:28,28533.00
3/3/2019 13:29,27978.60
3/3/2019 13:30,19054.00
3/3/2019 13:31,13569.40
3/3/2019 13:32,16800.10
3/3/2019 13:33,27171.10
3/3/2019 13:34,10614.80
3/3/2019 13:35,9555.30
3/3/2019 13:36,22918.40
3/3/2019 13:37,22016.70
3/3/2019 13:38,25730.20
3/3/2019 13:39,21198.50
3/3/2019 13:40,10386.40
3/3/2019 13:41,10593.20
3/3/2019 13:42,19781.90
3/3/2019 13:43,20645.40
3/3/2019 13:44,9844.00
3/3/2019 13:45,8836.30
3/3/2019 13:46,9258.70
3/3/2019 13:47,9831.90
3/3/2019 13:48,9391.51
3/3/2019 13:49,7599.60
3/3/2019 13:50,10349.81
3/3/2019 13:51,12872.30
3/3/2019 13:52,7079.90
3/3/2019 13:53,6489.30
3/3/2019 13:54,6205.10
3/3/2019 13:55,5645.79
3/3/2019 13:56,5647.00
3/3/2019 13:57,5320.71
3/3/2019 13:58,5252.30
3/3/2019 13:59,6958.36
3/3/2019 14:00,7152.49
3/3/2019 14:01,7371.83
3/3/2019 14:02,7318.23
3/3/2019 14:03,7556.90
3/3/2019 14:04,8125.74
3/3/2019 14:05,8219.20
3/3/2019 14:06,9189.58
3/3/2019 14:07,9937.33
3/3/2019 14:08,11556.35
3/3/2019 14:09,10496.19
3/3/2019 14:10,11898.44
3/3/2019 14:11,17698.84
3/3/2019 14:12,15049.75
3/3/2019 14:13,10081.08
3/3/2019 14:14,11503.25
3/3/2019 14:15,13668.95
3/3/2019 14:16,12301.44
3/3/2019 14:17,17205.07
3/3/2019 14:18,12312.22
3/3/2019 14:19,10784.48
3/3/2019 14:20,9546.94
3/3/2019 14:21,8403.23
3/3/2019 14:22,6850.53
3/3/2019 14:23,6184.58
3/3/2019 14:24,6204.34
3/3/2019 14:25,6010.47
3/3/2019 14:26,6199.04
3/3/2019 14:27,6435.40
3/3/2019 14:28,6895.10
3/3/2019 14:29,7169.59
3/3/2019 14:30,7229.50
3/3/2019 14:31,7611.90
3/3/2019 14:32,7508.20
3/3/2019 14:33,7099.90
3/3/2019 14:34,6655.60
3/3/2019 14:35,6035.60
3/3/2019 14:36,5960.70
3/3/2019 14:37,6112.90
3/3/2019 14:38,6349.50
3/3/2019 14:39,6159.30
3/3/2019 14:40,6174.30
3/3/2019 14:41,8135.40
3/3/2019 14:42,9278.30
3/3/2019 14:43,9397.60
3/3/2019 14:44,12057.40
3/3/2019 14:45,12516.90
3/3/2019 14:46,11758.70
3/3/2019 14:47,8316.80
3/3/2019 14:48,7973.30
3/3/2019 14:49,8549.85
3/3/2019 14:50,9219.51
3/3/2019 14:51,11840.40
3/3/2019 14:52,14197.40
3/3/2019 14:53,13024.40
3/3/2019 14:54,13611.40
3/3/2019 14:55,17659.00
3/3/2019 14:56,17394.50
3/3/2019 14:57,16909.70
3/3/2019 14:58,18108.40
3/3/2019 14:59,19053.41
3/3/2019 15:00,18059.20
3/3/2019 15:01,17003.90
3/3/2019 15:02,16732.04
3/3/2019 15:03,15995.54
3/3/2019 15:04,15541.98
3/3/2019 15:05,14636.13
3/3/2019 15:06,15881.27
3/3/2019 15:07,15528.89
3/3/2019 15:08,15146.10
3/3/2019 15:09,14682.28
3/3/2019 15:10,14641.17
3/3/2019 15:11,14859.78
3/3/2019 15:12,7505.66
3/3/2019 15:13,8479.65
3/3/2019 15:14,7449.70
3/3/2019 15:15,8657.15
3/3/2019 15:16,8309.05
3/3/2019 15:17,12986.62
3/3/2019 15:18,12990.31
3/3/2019 15:19,13195.69
3/3/2019 15:20,12971.27
3/3/2019 15:21,13047.42
3/3/2019 15:22,13004.74
3/3/2019 15:23,12864.67
3/3/2019 15:24,12489.91
3/3/2019 15:25,13118.70
3/3/2019 15:26,13027.99
3/3/2019 15:27,12817.20
3/3/2019 15:28,12755.83
3/3/2019 15:29,12199.70
3/3/2019 15:30,11979.70
3/3/2019 15:31,12061.90
3/3/2019 15:32,11980.90
3/3/2019 15:33,12174.80
3/3/2019 15:34,12167.02
3/3/2019 15:35,12207.94
3/3/2019 15:36,12368.80
3/3/2019 15:37,12518.30
3/3/2019 15:38,12342.20
3/3/2019 15:39,11711.80
3/3/2019 15:40,12329.40
3/3/2019 15:41,9159.60
3/3/2019 15:42,11604.30
3/3/2019 15:43,11209.10
3/3/2019 15:44,10968.30
3/3/2019 15:45,10683.30
3/3/2019 15:46,10332.40
3/3/2019 15:47,9877.65
3/3/2019 15:48,9789.27
3/3/2019 15:49,9493.72
3/3/2019 15:50,9237.76
3/3/2019 15:51,9170.85
3/3/2019 15:52,8872.44
3/3/2019 15:53,8791.11
3/3/2019 15:54,8766.45
3/3/2019 15:55,8273.35
3/3/2019 15:56,8021.19
3/3/2019 15:57,7713.27
3/3/2019 15:58,7657.85
3/3/2019 15:59,7430.00
3/3/2019 16:00,7356.80
3/3/2019 16:01,7266.30
3/3/2019 16:02,7707.30
3/3/2019 16:03,7148.10
3/3/2019 16:04,6431.70
3/3/2019 16:05,7392.10
3/3/2019 16:06,7416.40
3/3/2019 16:07,7168.50
3/3/2019 16:08,7186.80
3/3/2019 16:09,6975.40
3/3/2019 16:10,6956.70
3/3/2019 16:11,6932.50
3/3/2019 16:12,6872.40
3/3/2019 16:13,6815.80
3/3/2019 16:14,6678.30
3/3/2019 16:15,6599.20
3/3/2019 16:16,6525.80
3/3/2019 16:17,6518.70
3/3/2019 16:18,6455.10
3/3/2019 16:19,6533.73
3/3/2019 16:20,6463.49
3/3/2019 16:21,6362.30
3/3/2019 16:22,6349.20
3/3/2019 16:23,6277.20
3/3/2019 16:24,6228.67
3/3/2019 16:25,6258.80
3/3/2019 16:26,6208.91
3/3/2019 16:27,6210.63
3/3/2019 16:28,6013.39
3/3/2019 16:29,6108.46
3/3/2019 16:30,6075.01
3/3/2019 16:31,6075.39
3/3/2019 16:32,6142.38
3/3/2019 16:33,6159.74
3/3/2019 16:34,6179.57
3/3/2019 16:35,6095.23
3/3/2019 16:36,6110.00
3/3/2019 16:37,6094.11
3/3/2019 16:38,6002.95
3/3/2019 16:39,6133.64
3/3/2019 16:40,6058.38
3/3/2019 16:41,5902.76
3/3/2019 16:42,5875.44
3/3/2019 16:43,6104.10
3/3/2019 16:44,6259.32
3/3/2019 16:45,6268.82
3/3/2019 16:46,6268.25
3/3/2019 16:47,6306.37
3/3/2019 16:48,6335.92
3/3/2019 16:49,6399.47
3/3/2019 16:50,6029.05
3/3/2019 16:51,5905.46
3/3/2019 16:52,5943.40
3/3/2019 16:53,6234.90
3/3/2019 16:54,6343.70
3/3/2019 16:55,6452.60
3/3/2019 16:56,6431.30
3/3/2019 16:57,6570.80
3/3/2019 16:58,6448.50
3/3/2019 16:59,6674.70
3/3/2019 17:00,6568.63
3/3/2019 17:01,6609.88
3/3/2019 17:02,6612.80
3/3/2019 17:03,6778.00
3/3/2019 17:04,4119.00
3/3/2019 17:05,4004.30
3/3/2019 17:06,4024.40
3/3/2019 17:07,3989.30
3/3/2019 17:08,3993.50
3/3/2019 17:09,4136.20
3/3/2019 17:10,4172.30
3/3/2019 17:11,4129.50
3/3/2019 17:12,4390.30
3/3/2019 17:13,4462.30
3/3/2019 17:14,4514.00
3/3/2019 17:15,4581.20
3/3/2019 17:16,4624.60
3/3/2019 17:17,4706.50
3/3/2019 17:18,4809.10
3/3/2019 17:19,5047.90
3/3/2019 17:20,5104.30
3/3/2019 17:21,5143.40
3/3/2019 17:22,5168.30
3/3/2019 17:23,5660.70
3/3/2019 17:24,5691.10
3/3/2019 17:25,5759.40
3/3/2019 17:26,5937.93
3/3/2019 17:27,5843.90
3/3/2019 17:28,5916.30
3/3/2019 17:29,6011.60
3/3/2019 17:30,6071.30
3/3/2019 17:31,6103.70
3/3/2019 17:32,6191.90
3/3/2019 17:33,6271.30
3/3/2019 17:34,6250.40
3/3/2019 17:35,6400.40
3/3/2019 17:36,6454.30
3/3/2019 17:37,6509.90
3/3/2019 17:38,7020.80
3/3/2019 17:39,7155.04
3/3/2019 17:40,7236.35
3/3/2019 17:41,7344.80
3/3/2019 17:42,7375.40
3/3/2019 17:43,7421.30
3/3/2019 17:44,6997.70
3/3/2019 17:45,7085.20
3/3/2019 17:46,6989.70
3/3/2019 17:47,7041.00
3/3/2019 17:48,6990.80
3/3/2019 17:49,7014.10
3/3/2019 17:50,7013.80
3/3/2019 17:51,7077.00
3/3/2019 17:52,7063.60
3/3/2019 17:53,6990.60
3/3/2019 17:54,6538.30
3/3/2019 17:55,6657.60
3/3/2019 17:56,6703.40
3/3/2019 17:57,6772.01
3/3/2019 17:58,6768.51
3/3/2019 17:59,6791.75
3/3/2019 18:00,6803.94
3/3/2019 18:01,6732.34
3/3/2019 18:02,6789.16
3/3/2019 18:03,6879.59
3/3/2019 18:04,7484.22
3/3/2019 18:05,7550.18
3/3/2019 18:06,7526.17
3/3/2019 18:07,7565.93
3/3/2019 18:08,7583.82
3/3/2019 18:09,7503.31
3/3/2019 18:10,7339.82
3/3/2019 18:11,7428.49
3/3/2019 18:12,7382.18
3/3/2019 18:13,7460.01
3/3/2019 18:14,7442.45
3/3/2019 18:15,7425.25
3/3/2019 18:16,7409.26
3/3/2019 18:17,7379.93
3/3/2019 18:18,7524.41
3/3/2019 18:19,7558.68
3/3/2019 18:20,7474.57
3/3/2019 18:21,7458.15
3/3/2019 18:22,7395.37
3/3/2019 18:23,7385.18
3/3/2019 18:24,7403.65
3/3/2019 18:25,7155.51
3/3/2019 18:26,7277.92
3/3/2019 18:27,7223.81
3/3/2019 18:28,7293.15
3/3/2019 18:29,7226.31
3/3/2019 18:30,6504.00
3/3/2019 18:31,6479.30
3/3/2019 18:32,6549.50
3/3/2019 18:33,6531.40
3/3/2019 18:34,6482.60
3/3/2019 18:35,6882.30
3/3/2019 18:36,6861.00
3/3/2019 18:37,6959.19
3/3/2019 18:38,6814.00
3/3/2019 18:39,7133.87
3/3/2019 18:40,6970.50
3/3/2019 18:41,6527.90
3/3/2019 18:42,6497.40
3/3/2019 18:43,6600.79
3/3/2019 18:44,6443.70
3/3/2019 18:45,6495.70
3/3/2019 18:46,6523.20
3/3/2019 18:47,6510.10
3/3/2019 18:48,6550.60
3/3/2019 18:49,6363.70
3/3/2019 18:50,6349.20
3/3/2019 18:51,6357.10
3/3/2019 18:52,6425.30
3/3/2019 18:53,6431.47
3/3/2019 18:54,6419.96
3/3/2019 18:55,6474.89
3/3/2019 18:56,6444.29
3/3/2019 18:57,6419.27
3/3/2019 18:58,6476.44
3/3/2019 18:59,6465.85
3/3/2019 19:00,6482.80
3/3/2019 19:01,6447.78
3/3/2019 19:02,6424.84
3/3/2019 19:03,6390.12
3/3/2019 19:04,6396.87
3/3/2019 19:05,6450.70
3/3/2019 19:06,6425.70
3/3/2019 19:07,6378.80
3/3/2019 19:08,6370.30
3/3/2019 19:09,6367.10
3/3/2019 19:10,6463.28
3/3/2019 19:11,6527.55
3/3/2019 19:12,6475.90
3/3/2019 19:13,6501.50
3/3/2019 19:14,6468.90
3/3/2019 19:15,6463.30
3/3/2019 19:16,6465.62
3/3/2019 19:17,6548.44
3/3/2019 19:18,6508.04
3/3/2019 19:19,6489.03
3/3/2019 19:20,6425.09
3/3/2019 19:21,6415.91
3/3/2019 19:22,6415.54
3/3/2019 19:23,6508.97
3/3/2019 19:24,6528.63
3/3/2019 19:25,6540.80
3/3/2019 19:26,6498.12
3/3/2019 19:27,6423.93
3/3/2019 19:28,6498.75
3/3/2019 19:29,6561.79
3/3/2019 19:30,6543.31
3/3/2019 19:31,6553.86
3/3/2019 19:32,6472.80
3/3/2019 19:33,6618.16
3/3/2019 19:34,7017.84
3/3/2019 19:35,7017.31
3/3/2019 19:36,7247.83
3/3/2019 19:37,7233.74
3/3/2019 19:38,7224.04
3/3/2019 19:39,7210.44
3/3/2019 19:40,7246.40
3/3/2019 19:41,7254.20
3/3/2019 19:42,6970.10
3/3/2019 19:43,6816.50
3/3/2019 19:44,6835.20
3/3/2019 19:45,6948.30
3/3/2019 19:46,7021.00
3/3/2019 19:47,7006.60
3/3/2019 19:48,7061.00
3/3/2019 19:49,6988.30
3/3/2019 19:50,6963.80
3/3/2019 19:51,6911.50
3/3/2019 19:52,6980.30
3/3/2019 19:53,7015.30
3/3/2019 19:54,7003.30
3/3/2019 19:55,6974.10
3/3/2019 19:56,7040.07
3/3/2019 19:57,6957.40
3/3/2019 19:58,6954.57
3/3/2019 19:59,6898.87
3/3/2019 20:00,6887.10
3/3/2019 20:01,6932.90
3/3/2019 20:02,6950.10
3/3/2019 20:03,6832.60
3/3/2019 20:04,6443.40
3/3/2019 20:05,6559.30
3/3/2019 20:06,6579.40
3/3/2019 20:07,6527.40
3/3/2019 20:08,6507.80
3/3/2019 20:09,6491.30
3/3/2019 20:10,6525.30
3/3/2019 20:11,6482.10
3/3/2019 20:12,6546.00
3/3/2019 20:13,6587.32
3/3/2019 20:14,6500.40
3/3/2019 20:15,6403.90
3/3/2019 20:16,6496.60
3/3/2019 20:17,6387.70
3/3/2019 20:18,6498.10
3/3/2019 20:19,6499.00
3/3/2019 20:20,6423.50
3/3/2019 20:21,6453.90
3/3/2019 20:22,6499.30
3/3/2019 20:23,6596.10
3/3/2019 20:24,6652.77
3/3/2019 20:25,6624.89
3/3/2019 20:26,6605.17
3/3/2019 20:27,6628.15
3/3/2019 20:28,6507.91
3/3/2019 20:29,6518.48
3/3/2019 20:30,6580.91
3/3/2019 20:31,6548.48
3/3/2019 20:32,6449.03
3/3/2019 20:33,6522.26
3/3/2019 20:34,6556.80
3/3/2019 20:35,6553.73
3/3/2019 20:36,6834.48
3/3/2019 20:37,6910.05
3/3/2019 20:38,6797.18
3/3/2019 20:39,6817.40
3/3/2019 20:40,7059.09
3/3/2019 20:41,6870.89
3/3/2019 20:42,6435.50
3/3/2019 20:43,6408.36
3/3/2019 20:44,6497.72
3/3/2019 20:45,6533.69
3/3/2019 20:46,6549.95
3/3/2019 20:47,6500.04
3/3/2019 20:48,6463.20
3/3/2019 20:49,6428.40
3/3/2019 20:50,6474.80
3/3/2019 20:51,6447.00
3/3/2019 20:52,6481.90
3/3/2019 20:53,6426.70
3/3/2019 20:54,6519.40
3/3/2019 20:55,6466.20
3/3/2019 20:56,6458.50
3/3/2019 20:57,6501.50
3/3/2019 20:58,6538.30
3/3/2019 20:59,6486.60
3/3/2019 21:00,6442.00
3/3/2019 21:01,6488.70
3/3/2019 21:02,6470.40
3/3/2019 21:03,6463.70
3/3/2019 21:04,6449.20
3/3/2019 21:05,6351.40
3/3/2019 21:06,6416.30
3/3/2019 21:07,6447.30
3/3/2019 21:08,6406.20
3/3/2019 21:09,6316.80
3/3/2019 21:10,6379.30
3/3/2019 21:11,6440.10
3/3/2019 21:12,6556.70
3/3/2019 21:13,6450.90
3/3/2019 21:14,6469.50
3/3/2019 21:15,6533.20
3/3/2019 21:16,6451.30
3/3/2019 21:17,6505.30
3/3/2019 21:18,6453.20
3/3/2019 21:19,6402.60
3/3/2019 21:20,6419.90
3/3/2019 21:21,6476.10
3/3/2019 21:22,6416.90
3/3/2019 21:23,6612.46
3/3/2019 21:24,6474.00
3/3/2019 21:25,6497.60
3/3/2019 21:26,6536.60
3/3/2019 21:27,6573.66
3/3/2019 21:28,6420.00
3/3/2019 21:29,6491.60
3/3/2019 21:30,6564.20
3/3/2019 21:31,6646.70
3/3/2019 21:32,6599.19
3/3/2019 21:33,6644.98
3/3/2019 21:34,6712.28
3/3/2019 21:35,6570.14
3/3/2019 21:36,6603.54
3/3/2019 21:37,6909.47
3/3/2019 21:38,6914.17
3/3/2019 21:39,6851.54
3/3/2019 21:40,6905.89
3/3/2019 21:41,6893.66
3/3/2019 21:42,6964.94
3/3/2019 21:43,6537.54
3/3/2019 21:44,6571.51
3/3/2019 21:45,6484.08
3/3/2019 21:46,6566.20
3/3/2019 21:47,6909.99
3/3/2019 21:48,7073.39
3/3/2019 21:49,6983.81
3/3/2019 21:50,7005.76
3/3/2019 21:51,6911.61
3/3/2019 21:52,6880.15
3/3/2019 21:53,6933.55
3/3/2019 21:54,6931.11
3/3/2019 21:55,6922.70
3/3/2019 21:56,6774.00
3/3/2019 21:57,6723.50
3/3/2019 21:58,6761.00
3/3/2019 21:59,6811.30
3/3/2019 22:00,6902.80
3/3/2019 22:01,6889.70
3/3/2019 22:02,6837.20
3/3/2019 22:03,6792.80
3/3/2019 22:04,6765.00
3/3/2019 22:05,6802.10
3/3/2019 22:06,6875.17
3/3/2019 22:07,6882.03
3/3/2019 22:08,6927.36
3/3/2019 22:09,6869.66
3/3/2019 22:10,6877.97
3/3/2019 22:11,6822.18
3/3/2019 22:12,6932.83
3/3/2019 22:13,6999.57
3/3/2019 22:14,6924.19
3/3/2019 22:15,6937.65
3/3/2019 22:16,6903.25
3/3/2019 22:17,6643.76
3/3/2019 22:18,6552.51
3/3/2019 22:19,6542.50
3/3/2019 22:20,6584.50
3/3/2019 22:21,6492.20
3/3/2019 22:22,6456.90
3/3/2019 22:23,6625.64
3/3/2019 22:24,6534.22
3/3/2019 22:25,6520.30
3/3/2019 22:26,6590.00
3/3/2019 22:27,6518.60
3/3/2019 22:28,6525.60
3/3/2019 22:29,6540.20
3/3/2019 22:30,6565.00
3/3/2019 22:31,6704.20
3/3/2019 22:32,6642.40
3/3/2019 22:33,6603.70
3/3/2019 22:34,6558.00
3/3/2019 22:35,6535.00
3/3/2019 22:36,6565.20
3/3/2019 22:37,6569.30
3/3/2019 22:38,6825.40
3/3/2019 22:39,6889.20
3/3/2019 22:40,6993.68
3/3/2019 22:41,6986.47
3/3/2019 22:42,6903.24
3/3/2019 22:43,6923.85
3/3/2019 22:44,6549.61
3/3/2019 22:45,6574.47
3/3/2019 22:46,6592.15
3/3/2019 22:47,6574.44
3/3/2019 22:48,6513.87
3/3/2019 22:49,6813.23
3/3/2019 22:50,6576.56
3/3/2019 22:51,6665.16
3/3/2019 22:52,6704.51
3/3/2019 22:53,6608.94
3/3/2019 22:54,6584.97
3/3/2019 22:55,6525.24
3/3/2019 22:56,6425.40
3/3/2019 22:57,6484.82
3/3/2019 22:58,6513.31
3/3/2019 22:59,6530.06
3/3/2019 23:00,6531.06
3/3/2019 23:01,6514.85
3/3/2019 23:02,6472.70
3/3/2019 23:03,6661.80
3/3/2019 23:04,6527.60
3/3/2019 23:05,6564.40
3/3/2019 23:06,6560.20
3/3/2019 23:07,6578.80
3/3/2019 23:08,6575.20
3/3/2019 23:09,6589.80
3/3/2019 23:10,6590.40
3/3/2019 23:11,6565.90
3/3/2019 23:12,6728.30
3/3/2019 23:13,6804.03
3/3/2019 23:14,6755.79
3/3/2019 23:15,6680.80
3/3/2019 23:16,6640.30
3/3/2019 23:17,6744.60
3/3/2019 23:18,6725.80
3/3/2019 23:19,6854.83
3/3/2019 23:20,6730.00
3/3/2019 23:21,6770.50
3/3/2019 23:22,6682.10
3/3/2019 23:23,6694.10
3/3/2019 23:24,6665.30
3/3/2019 23:25,6719.40
3/3/2019 23:26,6694.20
3/3/2019 23:27,6749.20
3/3/2019 23:28,6677.00
3/3/2019 23:29,6632.60
3/3/2019 23:30,6760.10
3/3/2019 23:31,6684.00
3/3/2019 23:32,6670.20
3/3/2019 23:33,6701.80
3/3/2019 23:34,6686.50
3/3/2019 23:35,6601.00
3/3/2019 23:36,6623.30
3/3/2019 23:37,6685.10
3/3/2019 23:38,6682.40
3/3/2019 23:39,6677.90
3/3/2019 23:40,6631.00
3/3/2019 23:41,6666.50
3/3/2019 23:42,6646.10
3/3/2019 23:43,6974.80
3/3/2019 23:44,6894.10
3/3/2019 23:45,7001.50
3/3/2019 23:46,7039.50
3/3/2019 23:47,7016.89
3/3/2019 23:48,6707.71
3/3/2019 23:49,6547.58
3/3/2019 23:50,6676.92
3/3/2019 23:51,6562.47
3/3/2019 23:52,6809.88
3/3/2019 23:53,6547.78
3/3/2019 23:54,6654.20
3/3/2019 23:55,6520.31
3/3/2019 23:56,6661.05
3/3/2019 23:57,6560.20
3/3/2019 23:58,6542.96
3/3/2019 23:59,6614.14